ISO-10303-21;
HEADER;
/* Generated by software containing ST-Developer
 * from STEP Tools, Inc. (www.steptools.com) 
 */
/* OPTION: using custom renumber hook */

FILE_DESCRIPTION(
/* description */ ('STEP AP242 Edition 2',
'CAx-IF Rec.Pracs.---Representation and Presentation of Product Manufa
cturing Information (PMI)---4.0---2014-10-13',
'CAx-IF Rec.Pracs.---3D Tessellated Geometry---0.4---2014-09-14','2;1',
'CAx-IF Rec.Pracs.---User Defined Attributes---1.5---2016-08-15'),
/* implementation_level */ '2;1');

FILE_NAME(
/* name */ 'Part Studio 1 - Part 1',
/* time_stamp */ '2026-09-15T09:26:00Z',
/* author */ (''),
/* organization */ (''),
/* preprocessor_version */ 'ST-DEVELOPER v20',
/* originating_system */ 'ONSHAPE BY PTC INC, 1.220',
/* authorisation */ '  ');

FILE_SCHEMA (('AP242_MANAGED_MODEL_BASED_3D_ENGINEERING_MIM_LF { 1 0 10303 442 3 1 4 }'));
ENDSEC;

DATA;
#10=SHAPE_REPRESENTATION_RELATIONSHIP('','',#1403,#11);
#11=ADVANCED_BREP_SHAPE_REPRESENTATION('',(#1401),#2449);
#12=CONICAL_SURFACE('',#1464,0.0305,0.0349065850398866);
#13=CONICAL_SURFACE('',#1466,0.0485,0.0349065850398866);
#14=CONICAL_SURFACE('',#1476,0.0305,0.0349065850398866);
#15=CONICAL_SURFACE('',#1478,0.0485,0.0349065850398866);
#16=CONICAL_SURFACE('',#1488,0.0305,0.0349065850398866);
#17=CONICAL_SURFACE('',#1490,0.0485,0.0349065850398866);
#18=CONICAL_SURFACE('',#1500,0.0305,0.0349065850398866);
#19=CONICAL_SURFACE('',#1502,0.0485,0.0349065850398866);
#20=CONICAL_SURFACE('',#1512,0.0305,0.0349065850398866);
#21=CONICAL_SURFACE('',#1514,0.0485,0.0349065850398866);
#22=CONICAL_SURFACE('',#1524,0.0305,0.0349065850398866);
#23=CONICAL_SURFACE('',#1526,0.0485,0.0349065850398866);
#24=CONICAL_SURFACE('',#1536,0.0305,0.0349065850398866);
#25=CONICAL_SURFACE('',#1538,0.0485,0.0349065850398866);
#26=CONICAL_SURFACE('',#1548,0.0305,0.0349065850398866);
#27=CONICAL_SURFACE('',#1550,0.0485,0.0349065850398866);
#28=B_SPLINE_CURVE_WITH_KNOTS('',3,(#2135,#2136,#2137,#2138),
 .UNSPECIFIED.,.F.,.F.,(4,4),(0.0375443665506711,0.0505593309257431),
 .UNSPECIFIED.);
#29=B_SPLINE_CURVE_WITH_KNOTS('',3,(#2139,#2140,#2141,#2142),
 .UNSPECIFIED.,.F.,.F.,(4,4),(0.0375465412251737,0.0505629810777999),
 .UNSPECIFIED.);
#30=B_SPLINE_CURVE_WITH_KNOTS('',3,(#2144,#2145,#2146,#2147),
 .UNSPECIFIED.,.F.,.F.,(4,4),(0.0375443665506711,0.0505593309257431),
 .UNSPECIFIED.);
#31=B_SPLINE_CURVE_WITH_KNOTS('',3,(#2149,#2150,#2151,#2152),
 .UNSPECIFIED.,.F.,.F.,(4,4),(0.0375465412251737,0.0505629810777999),
 .UNSPECIFIED.);
#32=B_SPLINE_CURVE_WITH_KNOTS('',3,(#2177,#2178,#2179,#2180),
 .UNSPECIFIED.,.F.,.F.,(4,4),(0.,0.013014964375072),.UNSPECIFIED.);
#33=B_SPLINE_CURVE_WITH_KNOTS('',3,(#2181,#2182,#2183,#2184),
 .UNSPECIFIED.,.F.,.F.,(4,4),(0.,0.0130164398526263),.UNSPECIFIED.);
#34=B_SPLINE_CURVE_WITH_KNOTS('',3,(#2186,#2187,#2188,#2189),
 .UNSPECIFIED.,.F.,.F.,(4,4),(0.,0.013014964375072),.UNSPECIFIED.);
#35=B_SPLINE_CURVE_WITH_KNOTS('',3,(#2191,#2192,#2193,#2194),
 .UNSPECIFIED.,.F.,.F.,(4,4),(0.,0.0130164398526263),.UNSPECIFIED.);
#36=B_SPLINE_CURVE_WITH_KNOTS('',3,(#2219,#2220,#2221,#2222),
 .UNSPECIFIED.,.F.,.F.,(4,4),(0.0375443665506711,0.0505593309257431),
 .UNSPECIFIED.);
#37=B_SPLINE_CURVE_WITH_KNOTS('',3,(#2223,#2224,#2225,#2226),
 .UNSPECIFIED.,.F.,.F.,(4,4),(0.0375465412251737,0.0505629810777999),
 .UNSPECIFIED.);
#38=B_SPLINE_CURVE_WITH_KNOTS('',3,(#2228,#2229,#2230,#2231),
 .UNSPECIFIED.,.F.,.F.,(4,4),(0.0375443665506711,0.0505593309257431),
 .UNSPECIFIED.);
#39=B_SPLINE_CURVE_WITH_KNOTS('',3,(#2233,#2234,#2235,#2236),
 .UNSPECIFIED.,.F.,.F.,(4,4),(0.0375465412251737,0.0505629810777999),
 .UNSPECIFIED.);
#40=B_SPLINE_CURVE_WITH_KNOTS('',3,(#2261,#2262,#2263,#2264),
 .UNSPECIFIED.,.F.,.F.,(4,4),(0.,0.013014964375072),.UNSPECIFIED.);
#41=B_SPLINE_CURVE_WITH_KNOTS('',3,(#2265,#2266,#2267,#2268),
 .UNSPECIFIED.,.F.,.F.,(4,4),(0.,0.0130164398526263),.UNSPECIFIED.);
#42=B_SPLINE_CURVE_WITH_KNOTS('',3,(#2270,#2271,#2272,#2273),
 .UNSPECIFIED.,.F.,.F.,(4,4),(0.,0.013014964375072),.UNSPECIFIED.);
#43=B_SPLINE_CURVE_WITH_KNOTS('',3,(#2275,#2276,#2277,#2278),
 .UNSPECIFIED.,.F.,.F.,(4,4),(0.,0.0130164398526263),.UNSPECIFIED.);
#44=B_SPLINE_CURVE_WITH_KNOTS('',3,(#2303,#2304,#2305,#2306),
 .UNSPECIFIED.,.F.,.F.,(4,4),(0.0375443665506711,0.0505593309257431),
 .UNSPECIFIED.);
#45=B_SPLINE_CURVE_WITH_KNOTS('',3,(#2307,#2308,#2309,#2310),
 .UNSPECIFIED.,.F.,.F.,(4,4),(0.0375465412251737,0.0505629810777999),
 .UNSPECIFIED.);
#46=B_SPLINE_CURVE_WITH_KNOTS('',3,(#2312,#2313,#2314,#2315),
 .UNSPECIFIED.,.F.,.F.,(4,4),(0.0375443665506711,0.0505593309257431),
 .UNSPECIFIED.);
#47=B_SPLINE_CURVE_WITH_KNOTS('',3,(#2317,#2318,#2319,#2320),
 .UNSPECIFIED.,.F.,.F.,(4,4),(0.0375465412251737,0.0505629810777999),
 .UNSPECIFIED.);
#48=B_SPLINE_CURVE_WITH_KNOTS('',3,(#2345,#2346,#2347,#2348),
 .UNSPECIFIED.,.F.,.F.,(4,4),(0.,0.013014964375072),.UNSPECIFIED.);
#49=B_SPLINE_CURVE_WITH_KNOTS('',3,(#2349,#2350,#2351,#2352),
 .UNSPECIFIED.,.F.,.F.,(4,4),(0.,0.0130164398526263),.UNSPECIFIED.);
#50=B_SPLINE_CURVE_WITH_KNOTS('',3,(#2354,#2355,#2356,#2357),
 .UNSPECIFIED.,.F.,.F.,(4,4),(0.,0.013014964375072),.UNSPECIFIED.);
#51=B_SPLINE_CURVE_WITH_KNOTS('',3,(#2359,#2360,#2361,#2362),
 .UNSPECIFIED.,.F.,.F.,(4,4),(0.,0.0130164398526263),.UNSPECIFIED.);
#52=B_SPLINE_CURVE_WITH_KNOTS('',3,(#2387,#2388,#2389,#2390),
 .UNSPECIFIED.,.F.,.F.,(4,4),(0.0375443665506711,0.0505593309257431),
 .UNSPECIFIED.);
#53=B_SPLINE_CURVE_WITH_KNOTS('',3,(#2391,#2392,#2393,#2394),
 .UNSPECIFIED.,.F.,.F.,(4,4),(0.0375465412251737,0.0505629810777999),
 .UNSPECIFIED.);
#54=B_SPLINE_CURVE_WITH_KNOTS('',3,(#2396,#2397,#2398,#2399),
 .UNSPECIFIED.,.F.,.F.,(4,4),(0.0375443665506711,0.0505593309257431),
 .UNSPECIFIED.);
#55=B_SPLINE_CURVE_WITH_KNOTS('',3,(#2401,#2402,#2403,#2404),
 .UNSPECIFIED.,.F.,.F.,(4,4),(0.0375465412251737,0.0505629810777999),
 .UNSPECIFIED.);
#56=B_SPLINE_CURVE_WITH_KNOTS('',3,(#2429,#2430,#2431,#2432),
 .UNSPECIFIED.,.F.,.F.,(4,4),(0.,0.013014964375072),.UNSPECIFIED.);
#57=B_SPLINE_CURVE_WITH_KNOTS('',3,(#2433,#2434,#2435,#2436),
 .UNSPECIFIED.,.F.,.F.,(4,4),(0.,0.0130164398526263),.UNSPECIFIED.);
#58=B_SPLINE_CURVE_WITH_KNOTS('',3,(#2438,#2439,#2440,#2441),
 .UNSPECIFIED.,.F.,.F.,(4,4),(0.,0.013014964375072),.UNSPECIFIED.);
#59=B_SPLINE_CURVE_WITH_KNOTS('',3,(#2443,#2444,#2445,#2446),
 .UNSPECIFIED.,.F.,.F.,(4,4),(0.,0.0130164398526263),.UNSPECIFIED.);
#60=PLANE('',#1428);
#61=PLANE('',#1434);
#62=PLANE('',#1443);
#63=PLANE('',#1444);
#64=PLANE('',#1455);
#65=PLANE('',#1456);
#66=PLANE('',#1457);
#67=PLANE('',#1460);
#68=PLANE('',#1463);
#69=PLANE('',#1465);
#70=PLANE('',#1467);
#71=PLANE('',#1468);
#72=PLANE('',#1469);
#73=PLANE('',#1472);
#74=PLANE('',#1475);
#75=PLANE('',#1477);
#76=PLANE('',#1479);
#77=PLANE('',#1480);
#78=PLANE('',#1481);
#79=PLANE('',#1484);
#80=PLANE('',#1487);
#81=PLANE('',#1489);
#82=PLANE('',#1491);
#83=PLANE('',#1492);
#84=PLANE('',#1493);
#85=PLANE('',#1496);
#86=PLANE('',#1499);
#87=PLANE('',#1501);
#88=PLANE('',#1503);
#89=PLANE('',#1504);
#90=PLANE('',#1505);
#91=PLANE('',#1508);
#92=PLANE('',#1511);
#93=PLANE('',#1513);
#94=PLANE('',#1515);
#95=PLANE('',#1516);
#96=PLANE('',#1517);
#97=PLANE('',#1520);
#98=PLANE('',#1523);
#99=PLANE('',#1525);
#100=PLANE('',#1527);
#101=PLANE('',#1528);
#102=PLANE('',#1529);
#103=PLANE('',#1532);
#104=PLANE('',#1535);
#105=PLANE('',#1537);
#106=PLANE('',#1539);
#107=PLANE('',#1540);
#108=PLANE('',#1541);
#109=PLANE('',#1544);
#110=PLANE('',#1547);
#111=PLANE('',#1549);
#112=LINE('',#1953,#208);
#113=LINE('',#1958,#209);
#114=LINE('',#1962,#210);
#115=LINE('',#1966,#211);
#116=LINE('',#1970,#212);
#117=LINE('',#1974,#213);
#118=LINE('',#1978,#214);
#119=LINE('',#1982,#215);
#120=LINE('',#1985,#216);
#121=LINE('',#1990,#217);
#122=LINE('',#1994,#218);
#123=LINE('',#1998,#219);
#124=LINE('',#2002,#220);
#125=LINE('',#2006,#221);
#126=LINE('',#2010,#222);
#127=LINE('',#2014,#223);
#128=LINE('',#2018,#224);
#129=LINE('',#2020,#225);
#130=LINE('',#2023,#226);
#131=LINE('',#2027,#227);
#132=LINE('',#2028,#228);
#133=LINE('',#2030,#229);
#134=LINE('',#2033,#230);
#135=LINE('',#2035,#231);
#136=LINE('',#2041,#232);
#137=LINE('',#2045,#233);
#138=LINE('',#2046,#234);
#139=LINE('',#2050,#235);
#140=LINE('',#2051,#236);
#141=LINE('',#2055,#237);
#142=LINE('',#2056,#238);
#143=LINE('',#2058,#239);
#144=LINE('',#2071,#240);
#145=LINE('',#2075,#241);
#146=LINE('',#2076,#242);
#147=LINE('',#2080,#243);
#148=LINE('',#2081,#244);
#149=LINE('',#2085,#245);
#150=LINE('',#2086,#246);
#151=LINE('',#2090,#247);
#152=LINE('',#2091,#248);
#153=LINE('',#2093,#249);
#154=LINE('',#2097,#250);
#155=LINE('',#2098,#251);
#156=LINE('',#2102,#252);
#157=LINE('',#2103,#253);
#158=LINE('',#2107,#254);
#159=LINE('',#2108,#255);
#160=LINE('',#2113,#256);
#161=LINE('',#2115,#257);
#162=LINE('',#2120,#258);
#163=LINE('',#2124,#259);
#164=LINE('',#2129,#260);
#165=LINE('',#2133,#261);
#166=LINE('',#2155,#262);
#167=LINE('',#2157,#263);
#168=LINE('',#2159,#264);
#169=LINE('',#2164,#265);
#170=LINE('',#2171,#266);
#171=LINE('',#2175,#267);
#172=LINE('',#2197,#268);
#173=LINE('',#2199,#269);
#174=LINE('',#2204,#270);
#175=LINE('',#2208,#271);
#176=LINE('',#2213,#272);
#177=LINE('',#2217,#273);
#178=LINE('',#2239,#274);
#179=LINE('',#2241,#275);
#180=LINE('',#2243,#276);
#181=LINE('',#2248,#277);
#182=LINE('',#2255,#278);
#183=LINE('',#2259,#279);
#184=LINE('',#2281,#280);
#185=LINE('',#2283,#281);
#186=LINE('',#2288,#282);
#187=LINE('',#2292,#283);
#188=LINE('',#2297,#284);
#189=LINE('',#2301,#285);
#190=LINE('',#2323,#286);
#191=LINE('',#2325,#287);
#192=LINE('',#2327,#288);
#193=LINE('',#2332,#289);
#194=LINE('',#2339,#290);
#195=LINE('',#2343,#291);
#196=LINE('',#2365,#292);
#197=LINE('',#2367,#293);
#198=LINE('',#2372,#294);
#199=LINE('',#2376,#295);
#200=LINE('',#2381,#296);
#201=LINE('',#2385,#297);
#202=LINE('',#2407,#298);
#203=LINE('',#2409,#299);
#204=LINE('',#2411,#300);
#205=LINE('',#2416,#301);
#206=LINE('',#2423,#302);
#207=LINE('',#2427,#303);
#208=VECTOR('',#1567,1.);
#209=VECTOR('',#1570,1.);
#210=VECTOR('',#1573,1.);
#211=VECTOR('',#1576,1.);
#212=VECTOR('',#1579,1.);
#213=VECTOR('',#1582,1.);
#214=VECTOR('',#1585,1.);
#215=VECTOR('',#1588,1.);
#216=VECTOR('',#1591,1.);
#217=VECTOR('',#1594,1.);
#218=VECTOR('',#1597,1.);
#219=VECTOR('',#1600,1.);
#220=VECTOR('',#1603,1.);
#221=VECTOR('',#1606,1.);
#222=VECTOR('',#1609,1.);
#223=VECTOR('',#1612,1.);
#224=VECTOR('',#1617,1.);
#225=VECTOR('',#1618,1.);
#226=VECTOR('',#1621,1.);
#227=VECTOR('',#1624,1.);
#228=VECTOR('',#1625,1.);
#229=VECTOR('',#1626,1.);
#230=VECTOR('',#1629,1.);
#231=VECTOR('',#1630,1.);
#232=VECTOR('',#1637,1.);
#233=VECTOR('',#1640,1.);
#234=VECTOR('',#1641,1.);
#235=VECTOR('',#1644,1.);
#236=VECTOR('',#1645,1.);
#237=VECTOR('',#1648,1.);
#238=VECTOR('',#1649,1.);
#239=VECTOR('',#1650,1.);
#240=VECTOR('',#1667,1.);
#241=VECTOR('',#1670,1.);
#242=VECTOR('',#1671,1.);
#243=VECTOR('',#1674,1.);
#244=VECTOR('',#1675,1.);
#245=VECTOR('',#1678,1.);
#246=VECTOR('',#1679,1.);
#247=VECTOR('',#1682,1.);
#248=VECTOR('',#1683,1.);
#249=VECTOR('',#1684,1.);
#250=VECTOR('',#1687,1.);
#251=VECTOR('',#1688,1.);
#252=VECTOR('',#1691,1.);
#253=VECTOR('',#1692,1.);
#254=VECTOR('',#1695,1.);
#255=VECTOR('',#1696,1.);
#256=VECTOR('',#1703,1.);
#257=VECTOR('',#1706,1.);
#258=VECTOR('',#1711,1.);
#259=VECTOR('',#1714,1.);
#260=VECTOR('',#1719,1.);
#261=VECTOR('',#1722,1.);
#262=VECTOR('',#1733,1.);
#263=VECTOR('',#1736,1.);
#264=VECTOR('',#1739,1.);
#265=VECTOR('',#1742,1.);
#266=VECTOR('',#1749,1.);
#267=VECTOR('',#1752,1.);
#268=VECTOR('',#1763,1.);
#269=VECTOR('',#1766,1.);
#270=VECTOR('',#1771,1.);
#271=VECTOR('',#1774,1.);
#272=VECTOR('',#1779,1.);
#273=VECTOR('',#1782,1.);
#274=VECTOR('',#1793,1.);
#275=VECTOR('',#1796,1.);
#276=VECTOR('',#1799,1.);
#277=VECTOR('',#1802,1.);
#278=VECTOR('',#1809,1.);
#279=VECTOR('',#1812,1.);
#280=VECTOR('',#1823,1.);
#281=VECTOR('',#1826,1.);
#282=VECTOR('',#1831,1.);
#283=VECTOR('',#1834,1.);
#284=VECTOR('',#1839,1.);
#285=VECTOR('',#1842,1.);
#286=VECTOR('',#1853,1.);
#287=VECTOR('',#1856,1.);
#288=VECTOR('',#1859,1.);
#289=VECTOR('',#1862,1.);
#290=VECTOR('',#1869,1.);
#291=VECTOR('',#1872,1.);
#292=VECTOR('',#1883,1.);
#293=VECTOR('',#1886,1.);
#294=VECTOR('',#1891,1.);
#295=VECTOR('',#1894,1.);
#296=VECTOR('',#1899,1.);
#297=VECTOR('',#1902,1.);
#298=VECTOR('',#1913,1.);
#299=VECTOR('',#1916,1.);
#300=VECTOR('',#1919,1.);
#301=VECTOR('',#1922,1.);
#302=VECTOR('',#1929,1.);
#303=VECTOR('',#1932,1.);
#304=ORIENTED_EDGE('',*,*,#704,.T.);
#305=ORIENTED_EDGE('',*,*,#705,.F.);
#306=ORIENTED_EDGE('',*,*,#706,.T.);
#307=ORIENTED_EDGE('',*,*,#707,.F.);
#308=ORIENTED_EDGE('',*,*,#708,.F.);
#309=ORIENTED_EDGE('',*,*,#709,.T.);
#310=ORIENTED_EDGE('',*,*,#710,.T.);
#311=ORIENTED_EDGE('',*,*,#711,.F.);
#312=ORIENTED_EDGE('',*,*,#712,.F.);
#313=ORIENTED_EDGE('',*,*,#713,.T.);
#314=ORIENTED_EDGE('',*,*,#714,.T.);
#315=ORIENTED_EDGE('',*,*,#715,.F.);
#316=ORIENTED_EDGE('',*,*,#716,.F.);
#317=ORIENTED_EDGE('',*,*,#717,.T.);
#318=ORIENTED_EDGE('',*,*,#718,.T.);
#319=ORIENTED_EDGE('',*,*,#719,.F.);
#320=ORIENTED_EDGE('',*,*,#720,.F.);
#321=ORIENTED_EDGE('',*,*,#721,.T.);
#322=ORIENTED_EDGE('',*,*,#722,.T.);
#323=ORIENTED_EDGE('',*,*,#723,.F.);
#324=ORIENTED_EDGE('',*,*,#724,.F.);
#325=ORIENTED_EDGE('',*,*,#725,.T.);
#326=ORIENTED_EDGE('',*,*,#726,.T.);
#327=ORIENTED_EDGE('',*,*,#727,.F.);
#328=ORIENTED_EDGE('',*,*,#728,.F.);
#329=ORIENTED_EDGE('',*,*,#729,.T.);
#330=ORIENTED_EDGE('',*,*,#730,.T.);
#331=ORIENTED_EDGE('',*,*,#731,.F.);
#332=ORIENTED_EDGE('',*,*,#732,.F.);
#333=ORIENTED_EDGE('',*,*,#733,.T.);
#334=ORIENTED_EDGE('',*,*,#734,.T.);
#335=ORIENTED_EDGE('',*,*,#735,.F.);
#336=ORIENTED_EDGE('',*,*,#736,.F.);
#337=ORIENTED_EDGE('',*,*,#737,.T.);
#338=ORIENTED_EDGE('',*,*,#738,.T.);
#339=ORIENTED_EDGE('',*,*,#739,.F.);
#340=ORIENTED_EDGE('',*,*,#740,.T.);
#341=ORIENTED_EDGE('',*,*,#737,.F.);
#342=ORIENTED_EDGE('',*,*,#741,.F.);
#343=ORIENTED_EDGE('',*,*,#742,.T.);
#344=ORIENTED_EDGE('',*,*,#725,.F.);
#345=ORIENTED_EDGE('',*,*,#743,.F.);
#346=ORIENTED_EDGE('',*,*,#744,.T.);
#347=ORIENTED_EDGE('',*,*,#745,.T.);
#348=ORIENTED_EDGE('',*,*,#746,.T.);
#349=ORIENTED_EDGE('',*,*,#729,.F.);
#350=ORIENTED_EDGE('',*,*,#747,.F.);
#351=ORIENTED_EDGE('',*,*,#748,.T.);
#352=ORIENTED_EDGE('',*,*,#707,.T.);
#353=ORIENTED_EDGE('',*,*,#749,.T.);
#354=ORIENTED_EDGE('',*,*,#733,.F.);
#355=ORIENTED_EDGE('',*,*,#750,.F.);
#356=ORIENTED_EDGE('',*,*,#751,.T.);
#357=ORIENTED_EDGE('',*,*,#752,.F.);
#358=ORIENTED_EDGE('',*,*,#711,.T.);
#359=ORIENTED_EDGE('',*,*,#753,.F.);
#360=ORIENTED_EDGE('',*,*,#754,.F.);
#361=ORIENTED_EDGE('',*,*,#755,.T.);
#362=ORIENTED_EDGE('',*,*,#715,.T.);
#363=ORIENTED_EDGE('',*,*,#756,.F.);
#364=ORIENTED_EDGE('',*,*,#757,.F.);
#365=ORIENTED_EDGE('',*,*,#758,.T.);
#366=ORIENTED_EDGE('',*,*,#719,.T.);
#367=ORIENTED_EDGE('',*,*,#759,.F.);
#368=ORIENTED_EDGE('',*,*,#760,.F.);
#369=ORIENTED_EDGE('',*,*,#761,.T.);
#370=ORIENTED_EDGE('',*,*,#704,.F.);
#371=ORIENTED_EDGE('',*,*,#762,.T.);
#372=ORIENTED_EDGE('',*,*,#723,.T.);
#373=ORIENTED_EDGE('',*,*,#763,.F.);
#374=ORIENTED_EDGE('',*,*,#764,.F.);
#375=ORIENTED_EDGE('',*,*,#765,.T.);
#376=ORIENTED_EDGE('',*,*,#766,.F.);
#377=ORIENTED_EDGE('',*,*,#767,.T.);
#378=ORIENTED_EDGE('',*,*,#766,.T.);
#379=ORIENTED_EDGE('',*,*,#706,.F.);
#380=ORIENTED_EDGE('',*,*,#767,.F.);
#381=ORIENTED_EDGE('',*,*,#705,.T.);
#382=ORIENTED_EDGE('',*,*,#768,.F.);
#383=ORIENTED_EDGE('',*,*,#769,.T.);
#384=ORIENTED_EDGE('',*,*,#770,.T.);
#385=ORIENTED_EDGE('',*,*,#760,.T.);
#386=ORIENTED_EDGE('',*,*,#771,.F.);
#387=ORIENTED_EDGE('',*,*,#772,.T.);
#388=ORIENTED_EDGE('',*,*,#773,.T.);
#389=ORIENTED_EDGE('',*,*,#757,.T.);
#390=ORIENTED_EDGE('',*,*,#774,.F.);
#391=ORIENTED_EDGE('',*,*,#775,.T.);
#392=ORIENTED_EDGE('',*,*,#776,.T.);
#393=ORIENTED_EDGE('',*,*,#754,.T.);
#394=ORIENTED_EDGE('',*,*,#777,.F.);
#395=ORIENTED_EDGE('',*,*,#778,.T.);
#396=ORIENTED_EDGE('',*,*,#779,.T.);
#397=ORIENTED_EDGE('',*,*,#764,.T.);
#398=ORIENTED_EDGE('',*,*,#780,.F.);
#399=ORIENTED_EDGE('',*,*,#744,.F.);
#400=ORIENTED_EDGE('',*,*,#781,.T.);
#401=ORIENTED_EDGE('',*,*,#782,.F.);
#402=ORIENTED_EDGE('',*,*,#783,.F.);
#403=ORIENTED_EDGE('',*,*,#742,.F.);
#404=ORIENTED_EDGE('',*,*,#784,.T.);
#405=ORIENTED_EDGE('',*,*,#785,.F.);
#406=ORIENTED_EDGE('',*,*,#786,.F.);
#407=ORIENTED_EDGE('',*,*,#751,.F.);
#408=ORIENTED_EDGE('',*,*,#787,.T.);
#409=ORIENTED_EDGE('',*,*,#788,.F.);
#410=ORIENTED_EDGE('',*,*,#789,.F.);
#411=ORIENTED_EDGE('',*,*,#748,.F.);
#412=ORIENTED_EDGE('',*,*,#790,.T.);
#413=ORIENTED_EDGE('',*,*,#791,.F.);
#414=ORIENTED_EDGE('',*,*,#765,.F.);
#415=ORIENTED_EDGE('',*,*,#752,.T.);
#416=ORIENTED_EDGE('',*,*,#779,.F.);
#417=ORIENTED_EDGE('',*,*,#792,.T.);
#418=ORIENTED_EDGE('',*,*,#708,.T.);
#419=ORIENTED_EDGE('',*,*,#762,.F.);
#420=ORIENTED_EDGE('',*,*,#793,.F.);
#421=ORIENTED_EDGE('',*,*,#777,.T.);
#422=ORIENTED_EDGE('',*,*,#753,.T.);
#423=ORIENTED_EDGE('',*,*,#710,.F.);
#424=ORIENTED_EDGE('',*,*,#709,.F.);
#425=ORIENTED_EDGE('',*,*,#792,.F.);
#426=ORIENTED_EDGE('',*,*,#778,.F.);
#427=ORIENTED_EDGE('',*,*,#793,.T.);
#428=ORIENTED_EDGE('',*,*,#794,.T.);
#429=ORIENTED_EDGE('',*,*,#795,.F.);
#430=ORIENTED_EDGE('',*,*,#796,.T.);
#431=ORIENTED_EDGE('',*,*,#797,.T.);
#432=ORIENTED_EDGE('',*,*,#798,.F.);
#433=ORIENTED_EDGE('',*,*,#799,.F.);
#434=ORIENTED_EDGE('',*,*,#800,.F.);
#435=ORIENTED_EDGE('',*,*,#801,.T.);
#436=ORIENTED_EDGE('',*,*,#802,.F.);
#437=ORIENTED_EDGE('',*,*,#795,.T.);
#438=ORIENTED_EDGE('',*,*,#803,.T.);
#439=ORIENTED_EDGE('',*,*,#801,.F.);
#440=ORIENTED_EDGE('',*,*,#796,.F.);
#441=ORIENTED_EDGE('',*,*,#802,.T.);
#442=ORIENTED_EDGE('',*,*,#800,.T.);
#443=ORIENTED_EDGE('',*,*,#804,.F.);
#444=ORIENTED_EDGE('',*,*,#797,.F.);
#445=ORIENTED_EDGE('',*,*,#804,.T.);
#446=ORIENTED_EDGE('',*,*,#799,.T.);
#447=ORIENTED_EDGE('',*,*,#805,.F.);
#448=ORIENTED_EDGE('',*,*,#794,.F.);
#449=ORIENTED_EDGE('',*,*,#805,.T.);
#450=ORIENTED_EDGE('',*,*,#798,.T.);
#451=ORIENTED_EDGE('',*,*,#803,.F.);
#452=ORIENTED_EDGE('',*,*,#806,.F.);
#453=ORIENTED_EDGE('',*,*,#781,.F.);
#454=ORIENTED_EDGE('',*,*,#743,.T.);
#455=ORIENTED_EDGE('',*,*,#724,.T.);
#456=ORIENTED_EDGE('',*,*,#783,.T.);
#457=ORIENTED_EDGE('',*,*,#807,.T.);
#458=ORIENTED_EDGE('',*,*,#738,.F.);
#459=ORIENTED_EDGE('',*,*,#740,.F.);
#460=ORIENTED_EDGE('',*,*,#739,.T.);
#461=ORIENTED_EDGE('',*,*,#807,.F.);
#462=ORIENTED_EDGE('',*,*,#782,.T.);
#463=ORIENTED_EDGE('',*,*,#806,.T.);
#464=ORIENTED_EDGE('',*,*,#808,.F.);
#465=ORIENTED_EDGE('',*,*,#809,.F.);
#466=ORIENTED_EDGE('',*,*,#810,.T.);
#467=ORIENTED_EDGE('',*,*,#811,.F.);
#468=ORIENTED_EDGE('',*,*,#812,.T.);
#469=ORIENTED_EDGE('',*,*,#813,.F.);
#470=ORIENTED_EDGE('',*,*,#814,.T.);
#471=ORIENTED_EDGE('',*,*,#815,.T.);
#472=ORIENTED_EDGE('',*,*,#810,.F.);
#473=ORIENTED_EDGE('',*,*,#816,.F.);
#474=ORIENTED_EDGE('',*,*,#813,.T.);
#475=ORIENTED_EDGE('',*,*,#817,.T.);
#476=ORIENTED_EDGE('',*,*,#816,.T.);
#477=ORIENTED_EDGE('',*,*,#809,.T.);
#478=ORIENTED_EDGE('',*,*,#818,.F.);
#479=ORIENTED_EDGE('',*,*,#814,.F.);
#480=ORIENTED_EDGE('',*,*,#818,.T.);
#481=ORIENTED_EDGE('',*,*,#808,.T.);
#482=ORIENTED_EDGE('',*,*,#819,.F.);
#483=ORIENTED_EDGE('',*,*,#815,.F.);
#484=ORIENTED_EDGE('',*,*,#819,.T.);
#485=ORIENTED_EDGE('',*,*,#811,.T.);
#486=ORIENTED_EDGE('',*,*,#817,.F.);
#487=ORIENTED_EDGE('',*,*,#812,.F.);
#488=ORIENTED_EDGE('',*,*,#776,.F.);
#489=ORIENTED_EDGE('',*,*,#820,.T.);
#490=ORIENTED_EDGE('',*,*,#712,.T.);
#491=ORIENTED_EDGE('',*,*,#755,.F.);
#492=ORIENTED_EDGE('',*,*,#821,.F.);
#493=ORIENTED_EDGE('',*,*,#774,.T.);
#494=ORIENTED_EDGE('',*,*,#756,.T.);
#495=ORIENTED_EDGE('',*,*,#714,.F.);
#496=ORIENTED_EDGE('',*,*,#713,.F.);
#497=ORIENTED_EDGE('',*,*,#820,.F.);
#498=ORIENTED_EDGE('',*,*,#775,.F.);
#499=ORIENTED_EDGE('',*,*,#821,.T.);
#500=ORIENTED_EDGE('',*,*,#822,.T.);
#501=ORIENTED_EDGE('',*,*,#823,.F.);
#502=ORIENTED_EDGE('',*,*,#824,.T.);
#503=ORIENTED_EDGE('',*,*,#825,.T.);
#504=ORIENTED_EDGE('',*,*,#826,.F.);
#505=ORIENTED_EDGE('',*,*,#827,.F.);
#506=ORIENTED_EDGE('',*,*,#828,.F.);
#507=ORIENTED_EDGE('',*,*,#829,.T.);
#508=ORIENTED_EDGE('',*,*,#830,.F.);
#509=ORIENTED_EDGE('',*,*,#823,.T.);
#510=ORIENTED_EDGE('',*,*,#831,.T.);
#511=ORIENTED_EDGE('',*,*,#829,.F.);
#512=ORIENTED_EDGE('',*,*,#824,.F.);
#513=ORIENTED_EDGE('',*,*,#830,.T.);
#514=ORIENTED_EDGE('',*,*,#828,.T.);
#515=ORIENTED_EDGE('',*,*,#832,.F.);
#516=ORIENTED_EDGE('',*,*,#825,.F.);
#517=ORIENTED_EDGE('',*,*,#832,.T.);
#518=ORIENTED_EDGE('',*,*,#827,.T.);
#519=ORIENTED_EDGE('',*,*,#833,.F.);
#520=ORIENTED_EDGE('',*,*,#822,.F.);
#521=ORIENTED_EDGE('',*,*,#833,.T.);
#522=ORIENTED_EDGE('',*,*,#826,.T.);
#523=ORIENTED_EDGE('',*,*,#831,.F.);
#524=ORIENTED_EDGE('',*,*,#834,.F.);
#525=ORIENTED_EDGE('',*,*,#784,.F.);
#526=ORIENTED_EDGE('',*,*,#741,.T.);
#527=ORIENTED_EDGE('',*,*,#736,.T.);
#528=ORIENTED_EDGE('',*,*,#786,.T.);
#529=ORIENTED_EDGE('',*,*,#835,.T.);
#530=ORIENTED_EDGE('',*,*,#734,.F.);
#531=ORIENTED_EDGE('',*,*,#749,.F.);
#532=ORIENTED_EDGE('',*,*,#735,.T.);
#533=ORIENTED_EDGE('',*,*,#835,.F.);
#534=ORIENTED_EDGE('',*,*,#785,.T.);
#535=ORIENTED_EDGE('',*,*,#834,.T.);
#536=ORIENTED_EDGE('',*,*,#836,.F.);
#537=ORIENTED_EDGE('',*,*,#837,.F.);
#538=ORIENTED_EDGE('',*,*,#838,.T.);
#539=ORIENTED_EDGE('',*,*,#839,.F.);
#540=ORIENTED_EDGE('',*,*,#840,.T.);
#541=ORIENTED_EDGE('',*,*,#841,.F.);
#542=ORIENTED_EDGE('',*,*,#842,.T.);
#543=ORIENTED_EDGE('',*,*,#843,.T.);
#544=ORIENTED_EDGE('',*,*,#838,.F.);
#545=ORIENTED_EDGE('',*,*,#844,.F.);
#546=ORIENTED_EDGE('',*,*,#841,.T.);
#547=ORIENTED_EDGE('',*,*,#845,.T.);
#548=ORIENTED_EDGE('',*,*,#844,.T.);
#549=ORIENTED_EDGE('',*,*,#837,.T.);
#550=ORIENTED_EDGE('',*,*,#846,.F.);
#551=ORIENTED_EDGE('',*,*,#842,.F.);
#552=ORIENTED_EDGE('',*,*,#846,.T.);
#553=ORIENTED_EDGE('',*,*,#836,.T.);
#554=ORIENTED_EDGE('',*,*,#847,.F.);
#555=ORIENTED_EDGE('',*,*,#843,.F.);
#556=ORIENTED_EDGE('',*,*,#847,.T.);
#557=ORIENTED_EDGE('',*,*,#839,.T.);
#558=ORIENTED_EDGE('',*,*,#845,.F.);
#559=ORIENTED_EDGE('',*,*,#840,.F.);
#560=ORIENTED_EDGE('',*,*,#773,.F.);
#561=ORIENTED_EDGE('',*,*,#848,.T.);
#562=ORIENTED_EDGE('',*,*,#716,.T.);
#563=ORIENTED_EDGE('',*,*,#758,.F.);
#564=ORIENTED_EDGE('',*,*,#849,.F.);
#565=ORIENTED_EDGE('',*,*,#771,.T.);
#566=ORIENTED_EDGE('',*,*,#759,.T.);
#567=ORIENTED_EDGE('',*,*,#718,.F.);
#568=ORIENTED_EDGE('',*,*,#717,.F.);
#569=ORIENTED_EDGE('',*,*,#848,.F.);
#570=ORIENTED_EDGE('',*,*,#772,.F.);
#571=ORIENTED_EDGE('',*,*,#849,.T.);
#572=ORIENTED_EDGE('',*,*,#850,.T.);
#573=ORIENTED_EDGE('',*,*,#851,.F.);
#574=ORIENTED_EDGE('',*,*,#852,.T.);
#575=ORIENTED_EDGE('',*,*,#853,.T.);
#576=ORIENTED_EDGE('',*,*,#854,.F.);
#577=ORIENTED_EDGE('',*,*,#855,.F.);
#578=ORIENTED_EDGE('',*,*,#856,.F.);
#579=ORIENTED_EDGE('',*,*,#857,.T.);
#580=ORIENTED_EDGE('',*,*,#858,.F.);
#581=ORIENTED_EDGE('',*,*,#851,.T.);
#582=ORIENTED_EDGE('',*,*,#859,.T.);
#583=ORIENTED_EDGE('',*,*,#857,.F.);
#584=ORIENTED_EDGE('',*,*,#852,.F.);
#585=ORIENTED_EDGE('',*,*,#858,.T.);
#586=ORIENTED_EDGE('',*,*,#856,.T.);
#587=ORIENTED_EDGE('',*,*,#860,.F.);
#588=ORIENTED_EDGE('',*,*,#853,.F.);
#589=ORIENTED_EDGE('',*,*,#860,.T.);
#590=ORIENTED_EDGE('',*,*,#855,.T.);
#591=ORIENTED_EDGE('',*,*,#861,.F.);
#592=ORIENTED_EDGE('',*,*,#850,.F.);
#593=ORIENTED_EDGE('',*,*,#861,.T.);
#594=ORIENTED_EDGE('',*,*,#854,.T.);
#595=ORIENTED_EDGE('',*,*,#859,.F.);
#596=ORIENTED_EDGE('',*,*,#862,.F.);
#597=ORIENTED_EDGE('',*,*,#787,.F.);
#598=ORIENTED_EDGE('',*,*,#750,.T.);
#599=ORIENTED_EDGE('',*,*,#732,.T.);
#600=ORIENTED_EDGE('',*,*,#789,.T.);
#601=ORIENTED_EDGE('',*,*,#863,.T.);
#602=ORIENTED_EDGE('',*,*,#730,.F.);
#603=ORIENTED_EDGE('',*,*,#746,.F.);
#604=ORIENTED_EDGE('',*,*,#731,.T.);
#605=ORIENTED_EDGE('',*,*,#863,.F.);
#606=ORIENTED_EDGE('',*,*,#788,.T.);
#607=ORIENTED_EDGE('',*,*,#862,.T.);
#608=ORIENTED_EDGE('',*,*,#864,.F.);
#609=ORIENTED_EDGE('',*,*,#865,.F.);
#610=ORIENTED_EDGE('',*,*,#866,.T.);
#611=ORIENTED_EDGE('',*,*,#867,.F.);
#612=ORIENTED_EDGE('',*,*,#868,.T.);
#613=ORIENTED_EDGE('',*,*,#869,.F.);
#614=ORIENTED_EDGE('',*,*,#870,.T.);
#615=ORIENTED_EDGE('',*,*,#871,.T.);
#616=ORIENTED_EDGE('',*,*,#866,.F.);
#617=ORIENTED_EDGE('',*,*,#872,.F.);
#618=ORIENTED_EDGE('',*,*,#869,.T.);
#619=ORIENTED_EDGE('',*,*,#873,.T.);
#620=ORIENTED_EDGE('',*,*,#872,.T.);
#621=ORIENTED_EDGE('',*,*,#865,.T.);
#622=ORIENTED_EDGE('',*,*,#874,.F.);
#623=ORIENTED_EDGE('',*,*,#870,.F.);
#624=ORIENTED_EDGE('',*,*,#874,.T.);
#625=ORIENTED_EDGE('',*,*,#864,.T.);
#626=ORIENTED_EDGE('',*,*,#875,.F.);
#627=ORIENTED_EDGE('',*,*,#871,.F.);
#628=ORIENTED_EDGE('',*,*,#875,.T.);
#629=ORIENTED_EDGE('',*,*,#867,.T.);
#630=ORIENTED_EDGE('',*,*,#873,.F.);
#631=ORIENTED_EDGE('',*,*,#868,.F.);
#632=ORIENTED_EDGE('',*,*,#770,.F.);
#633=ORIENTED_EDGE('',*,*,#876,.T.);
#634=ORIENTED_EDGE('',*,*,#720,.T.);
#635=ORIENTED_EDGE('',*,*,#761,.F.);
#636=ORIENTED_EDGE('',*,*,#877,.F.);
#637=ORIENTED_EDGE('',*,*,#768,.T.);
#638=ORIENTED_EDGE('',*,*,#763,.T.);
#639=ORIENTED_EDGE('',*,*,#722,.F.);
#640=ORIENTED_EDGE('',*,*,#721,.F.);
#641=ORIENTED_EDGE('',*,*,#876,.F.);
#642=ORIENTED_EDGE('',*,*,#769,.F.);
#643=ORIENTED_EDGE('',*,*,#877,.T.);
#644=ORIENTED_EDGE('',*,*,#878,.T.);
#645=ORIENTED_EDGE('',*,*,#879,.F.);
#646=ORIENTED_EDGE('',*,*,#880,.T.);
#647=ORIENTED_EDGE('',*,*,#881,.T.);
#648=ORIENTED_EDGE('',*,*,#882,.F.);
#649=ORIENTED_EDGE('',*,*,#883,.F.);
#650=ORIENTED_EDGE('',*,*,#884,.F.);
#651=ORIENTED_EDGE('',*,*,#885,.T.);
#652=ORIENTED_EDGE('',*,*,#886,.F.);
#653=ORIENTED_EDGE('',*,*,#879,.T.);
#654=ORIENTED_EDGE('',*,*,#887,.T.);
#655=ORIENTED_EDGE('',*,*,#885,.F.);
#656=ORIENTED_EDGE('',*,*,#880,.F.);
#657=ORIENTED_EDGE('',*,*,#886,.T.);
#658=ORIENTED_EDGE('',*,*,#884,.T.);
#659=ORIENTED_EDGE('',*,*,#888,.F.);
#660=ORIENTED_EDGE('',*,*,#881,.F.);
#661=ORIENTED_EDGE('',*,*,#888,.T.);
#662=ORIENTED_EDGE('',*,*,#883,.T.);
#663=ORIENTED_EDGE('',*,*,#889,.F.);
#664=ORIENTED_EDGE('',*,*,#878,.F.);
#665=ORIENTED_EDGE('',*,*,#889,.T.);
#666=ORIENTED_EDGE('',*,*,#882,.T.);
#667=ORIENTED_EDGE('',*,*,#887,.F.);
#668=ORIENTED_EDGE('',*,*,#890,.F.);
#669=ORIENTED_EDGE('',*,*,#790,.F.);
#670=ORIENTED_EDGE('',*,*,#747,.T.);
#671=ORIENTED_EDGE('',*,*,#728,.T.);
#672=ORIENTED_EDGE('',*,*,#780,.T.);
#673=ORIENTED_EDGE('',*,*,#891,.T.);
#674=ORIENTED_EDGE('',*,*,#726,.F.);
#675=ORIENTED_EDGE('',*,*,#745,.F.);
#676=ORIENTED_EDGE('',*,*,#727,.T.);
#677=ORIENTED_EDGE('',*,*,#891,.F.);
#678=ORIENTED_EDGE('',*,*,#791,.T.);
#679=ORIENTED_EDGE('',*,*,#890,.T.);
#680=ORIENTED_EDGE('',*,*,#892,.F.);
#681=ORIENTED_EDGE('',*,*,#893,.F.);
#682=ORIENTED_EDGE('',*,*,#894,.T.);
#683=ORIENTED_EDGE('',*,*,#895,.F.);
#684=ORIENTED_EDGE('',*,*,#896,.T.);
#685=ORIENTED_EDGE('',*,*,#897,.F.);
#686=ORIENTED_EDGE('',*,*,#898,.T.);
#687=ORIENTED_EDGE('',*,*,#899,.T.);
#688=ORIENTED_EDGE('',*,*,#894,.F.);
#689=ORIENTED_EDGE('',*,*,#900,.F.);
#690=ORIENTED_EDGE('',*,*,#897,.T.);
#691=ORIENTED_EDGE('',*,*,#901,.T.);
#692=ORIENTED_EDGE('',*,*,#900,.T.);
#693=ORIENTED_EDGE('',*,*,#893,.T.);
#694=ORIENTED_EDGE('',*,*,#902,.F.);
#695=ORIENTED_EDGE('',*,*,#898,.F.);
#696=ORIENTED_EDGE('',*,*,#902,.T.);
#697=ORIENTED_EDGE('',*,*,#892,.T.);
#698=ORIENTED_EDGE('',*,*,#903,.F.);
#699=ORIENTED_EDGE('',*,*,#899,.F.);
#700=ORIENTED_EDGE('',*,*,#903,.T.);
#701=ORIENTED_EDGE('',*,*,#895,.T.);
#702=ORIENTED_EDGE('',*,*,#901,.F.);
#703=ORIENTED_EDGE('',*,*,#896,.F.);
#704=EDGE_CURVE('',#904,#904,#1040,.T.);
#705=EDGE_CURVE('',#905,#905,#1041,.T.);
#706=EDGE_CURVE('',#906,#906,#1042,.T.);
#707=EDGE_CURVE('',#907,#907,#1043,.T.);
#708=EDGE_CURVE('',#908,#909,#112,.T.);
#709=EDGE_CURVE('',#908,#910,#1044,.T.);
#710=EDGE_CURVE('',#910,#911,#113,.T.);
#711=EDGE_CURVE('',#912,#911,#1045,.T.);
#712=EDGE_CURVE('',#913,#912,#114,.T.);
#713=EDGE_CURVE('',#913,#914,#1046,.T.);
#714=EDGE_CURVE('',#914,#915,#115,.T.);
#715=EDGE_CURVE('',#916,#915,#1047,.T.);
#716=EDGE_CURVE('',#917,#916,#116,.T.);
#717=EDGE_CURVE('',#917,#918,#1048,.T.);
#718=EDGE_CURVE('',#918,#919,#117,.T.);
#719=EDGE_CURVE('',#920,#919,#1049,.T.);
#720=EDGE_CURVE('',#921,#920,#118,.T.);
#721=EDGE_CURVE('',#921,#922,#1050,.T.);
#722=EDGE_CURVE('',#922,#923,#119,.T.);
#723=EDGE_CURVE('',#909,#923,#1051,.T.);
#724=EDGE_CURVE('',#924,#925,#120,.T.);
#725=EDGE_CURVE('',#924,#926,#1052,.T.);
#726=EDGE_CURVE('',#926,#927,#121,.T.);
#727=EDGE_CURVE('',#928,#927,#1053,.F.);
#728=EDGE_CURVE('',#929,#928,#122,.T.);
#729=EDGE_CURVE('',#929,#930,#1054,.T.);
#730=EDGE_CURVE('',#930,#931,#123,.T.);
#731=EDGE_CURVE('',#932,#931,#1055,.F.);
#732=EDGE_CURVE('',#933,#932,#124,.T.);
#733=EDGE_CURVE('',#933,#934,#1056,.T.);
#734=EDGE_CURVE('',#934,#935,#125,.T.);
#735=EDGE_CURVE('',#936,#935,#1057,.F.);
#736=EDGE_CURVE('',#937,#936,#126,.T.);
#737=EDGE_CURVE('',#937,#938,#1058,.T.);
#738=EDGE_CURVE('',#938,#939,#127,.T.);
#739=EDGE_CURVE('',#925,#939,#1059,.F.);
#740=EDGE_CURVE('',#940,#938,#128,.T.);
#741=EDGE_CURVE('',#941,#937,#129,.T.);
#742=EDGE_CURVE('',#941,#940,#1060,.T.);
#743=EDGE_CURVE('',#942,#924,#130,.T.);
#744=EDGE_CURVE('',#942,#943,#1061,.T.);
#745=EDGE_CURVE('',#943,#926,#131,.T.);
#746=EDGE_CURVE('',#944,#930,#132,.T.);
#747=EDGE_CURVE('',#945,#929,#133,.T.);
#748=EDGE_CURVE('',#945,#944,#1062,.T.);
#749=EDGE_CURVE('',#946,#934,#134,.T.);
#750=EDGE_CURVE('',#947,#933,#135,.T.);
#751=EDGE_CURVE('',#947,#946,#1063,.T.);
#752=EDGE_CURVE('',#948,#948,#1064,.T.);
#753=EDGE_CURVE('',#949,#911,#136,.T.);
#754=EDGE_CURVE('',#950,#949,#1065,.T.);
#755=EDGE_CURVE('',#950,#912,#137,.T.);
#756=EDGE_CURVE('',#951,#915,#138,.T.);
#757=EDGE_CURVE('',#952,#951,#1066,.T.);
#758=EDGE_CURVE('',#952,#916,#139,.T.);
#759=EDGE_CURVE('',#953,#919,#140,.T.);
#760=EDGE_CURVE('',#954,#953,#1067,.T.);
#761=EDGE_CURVE('',#954,#920,#141,.T.);
#762=EDGE_CURVE('',#955,#909,#142,.T.);
#763=EDGE_CURVE('',#956,#923,#143,.T.);
#764=EDGE_CURVE('',#955,#956,#1068,.T.);
#765=EDGE_CURVE('',#957,#957,#1069,.T.);
#766=EDGE_CURVE('',#958,#958,#1070,.T.);
#767=EDGE_CURVE('',#959,#959,#1071,.T.);
#768=EDGE_CURVE('',#960,#956,#144,.T.);
#769=EDGE_CURVE('',#960,#961,#1072,.T.);
#770=EDGE_CURVE('',#961,#954,#145,.T.);
#771=EDGE_CURVE('',#962,#953,#146,.T.);
#772=EDGE_CURVE('',#962,#963,#1073,.T.);
#773=EDGE_CURVE('',#963,#952,#147,.T.);
#774=EDGE_CURVE('',#964,#951,#148,.T.);
#775=EDGE_CURVE('',#964,#965,#1074,.T.);
#776=EDGE_CURVE('',#965,#950,#149,.T.);
#777=EDGE_CURVE('',#966,#949,#150,.T.);
#778=EDGE_CURVE('',#966,#967,#1075,.T.);
#779=EDGE_CURVE('',#967,#955,#151,.T.);
#780=EDGE_CURVE('',#943,#968,#152,.T.);
#781=EDGE_CURVE('',#942,#969,#153,.T.);
#782=EDGE_CURVE('',#970,#969,#1076,.T.);
#783=EDGE_CURVE('',#940,#970,#154,.T.);
#784=EDGE_CURVE('',#941,#971,#155,.T.);
#785=EDGE_CURVE('',#972,#971,#1077,.T.);
#786=EDGE_CURVE('',#946,#972,#156,.T.);
#787=EDGE_CURVE('',#947,#973,#157,.T.);
#788=EDGE_CURVE('',#974,#973,#1078,.T.);
#789=EDGE_CURVE('',#944,#974,#158,.T.);
#790=EDGE_CURVE('',#945,#975,#159,.T.);
#791=EDGE_CURVE('',#968,#975,#1079,.T.);
#792=EDGE_CURVE('',#967,#908,#160,.T.);
#793=EDGE_CURVE('',#966,#910,#161,.T.);
#794=EDGE_CURVE('',#976,#977,#1080,.F.);
#795=EDGE_CURVE('',#978,#977,#162,.T.);
#796=EDGE_CURVE('',#978,#979,#1081,.T.);
#797=EDGE_CURVE('',#979,#976,#163,.F.);
#798=EDGE_CURVE('',#980,#981,#1082,.F.);
#799=EDGE_CURVE('',#982,#980,#164,.F.);
#800=EDGE_CURVE('',#983,#982,#1083,.T.);
#801=EDGE_CURVE('',#983,#981,#165,.T.);
#802=EDGE_CURVE('',#978,#983,#28,.T.);
#803=EDGE_CURVE('',#977,#981,#29,.T.);
#804=EDGE_CURVE('',#979,#982,#30,.T.);
#805=EDGE_CURVE('',#976,#980,#31,.T.);
#806=EDGE_CURVE('',#969,#925,#166,.T.);
#807=EDGE_CURVE('',#970,#939,#167,.T.);
#808=EDGE_CURVE('',#984,#985,#168,.F.);
#809=EDGE_CURVE('',#986,#984,#1084,.T.);
#810=EDGE_CURVE('',#986,#987,#169,.T.);
#811=EDGE_CURVE('',#985,#987,#1085,.F.);
#812=EDGE_CURVE('',#988,#989,#1086,.F.);
#813=EDGE_CURVE('',#990,#989,#170,.T.);
#814=EDGE_CURVE('',#990,#991,#1087,.T.);
#815=EDGE_CURVE('',#991,#988,#171,.F.);
#816=EDGE_CURVE('',#990,#986,#32,.T.);
#817=EDGE_CURVE('',#989,#987,#33,.T.);
#818=EDGE_CURVE('',#991,#984,#34,.T.);
#819=EDGE_CURVE('',#988,#985,#35,.T.);
#820=EDGE_CURVE('',#965,#913,#172,.T.);
#821=EDGE_CURVE('',#964,#914,#173,.T.);
#822=EDGE_CURVE('',#992,#993,#1088,.F.);
#823=EDGE_CURVE('',#994,#993,#174,.T.);
#824=EDGE_CURVE('',#994,#995,#1089,.T.);
#825=EDGE_CURVE('',#995,#992,#175,.F.);
#826=EDGE_CURVE('',#996,#997,#1090,.F.);
#827=EDGE_CURVE('',#998,#996,#176,.F.);
#828=EDGE_CURVE('',#999,#998,#1091,.T.);
#829=EDGE_CURVE('',#999,#997,#177,.T.);
#830=EDGE_CURVE('',#994,#999,#36,.T.);
#831=EDGE_CURVE('',#993,#997,#37,.T.);
#832=EDGE_CURVE('',#995,#998,#38,.T.);
#833=EDGE_CURVE('',#992,#996,#39,.T.);
#834=EDGE_CURVE('',#971,#936,#178,.T.);
#835=EDGE_CURVE('',#972,#935,#179,.T.);
#836=EDGE_CURVE('',#1000,#1001,#180,.F.);
#837=EDGE_CURVE('',#1002,#1000,#1092,.T.);
#838=EDGE_CURVE('',#1002,#1003,#181,.T.);
#839=EDGE_CURVE('',#1001,#1003,#1093,.F.);
#840=EDGE_CURVE('',#1004,#1005,#1094,.F.);
#841=EDGE_CURVE('',#1006,#1005,#182,.T.);
#842=EDGE_CURVE('',#1006,#1007,#1095,.T.);
#843=EDGE_CURVE('',#1007,#1004,#183,.F.);
#844=EDGE_CURVE('',#1006,#1002,#40,.T.);
#845=EDGE_CURVE('',#1005,#1003,#41,.T.);
#846=EDGE_CURVE('',#1007,#1000,#42,.T.);
#847=EDGE_CURVE('',#1004,#1001,#43,.T.);
#848=EDGE_CURVE('',#963,#917,#184,.T.);
#849=EDGE_CURVE('',#962,#918,#185,.T.);
#850=EDGE_CURVE('',#1008,#1009,#1096,.F.);
#851=EDGE_CURVE('',#1010,#1009,#186,.T.);
#852=EDGE_CURVE('',#1010,#1011,#1097,.T.);
#853=EDGE_CURVE('',#1011,#1008,#187,.F.);
#854=EDGE_CURVE('',#1012,#1013,#1098,.F.);
#855=EDGE_CURVE('',#1014,#1012,#188,.F.);
#856=EDGE_CURVE('',#1015,#1014,#1099,.T.);
#857=EDGE_CURVE('',#1015,#1013,#189,.T.);
#858=EDGE_CURVE('',#1010,#1015,#44,.T.);
#859=EDGE_CURVE('',#1009,#1013,#45,.T.);
#860=EDGE_CURVE('',#1011,#1014,#46,.T.);
#861=EDGE_CURVE('',#1008,#1012,#47,.T.);
#862=EDGE_CURVE('',#973,#932,#190,.T.);
#863=EDGE_CURVE('',#974,#931,#191,.T.);
#864=EDGE_CURVE('',#1016,#1017,#192,.F.);
#865=EDGE_CURVE('',#1018,#1016,#1100,.T.);
#866=EDGE_CURVE('',#1018,#1019,#193,.T.);
#867=EDGE_CURVE('',#1017,#1019,#1101,.F.);
#868=EDGE_CURVE('',#1020,#1021,#1102,.F.);
#869=EDGE_CURVE('',#1022,#1021,#194,.T.);
#870=EDGE_CURVE('',#1022,#1023,#1103,.T.);
#871=EDGE_CURVE('',#1023,#1020,#195,.F.);
#872=EDGE_CURVE('',#1022,#1018,#48,.T.);
#873=EDGE_CURVE('',#1021,#1019,#49,.T.);
#874=EDGE_CURVE('',#1023,#1016,#50,.T.);
#875=EDGE_CURVE('',#1020,#1017,#51,.T.);
#876=EDGE_CURVE('',#961,#921,#196,.T.);
#877=EDGE_CURVE('',#960,#922,#197,.T.);
#878=EDGE_CURVE('',#1024,#1025,#1104,.F.);
#879=EDGE_CURVE('',#1026,#1025,#198,.T.);
#880=EDGE_CURVE('',#1026,#1027,#1105,.T.);
#881=EDGE_CURVE('',#1027,#1024,#199,.F.);
#882=EDGE_CURVE('',#1028,#1029,#1106,.F.);
#883=EDGE_CURVE('',#1030,#1028,#200,.F.);
#884=EDGE_CURVE('',#1031,#1030,#1107,.T.);
#885=EDGE_CURVE('',#1031,#1029,#201,.T.);
#886=EDGE_CURVE('',#1026,#1031,#52,.T.);
#887=EDGE_CURVE('',#1025,#1029,#53,.T.);
#888=EDGE_CURVE('',#1027,#1030,#54,.T.);
#889=EDGE_CURVE('',#1024,#1028,#55,.T.);
#890=EDGE_CURVE('',#975,#928,#202,.T.);
#891=EDGE_CURVE('',#968,#927,#203,.T.);
#892=EDGE_CURVE('',#1032,#1033,#204,.F.);
#893=EDGE_CURVE('',#1034,#1032,#1108,.T.);
#894=EDGE_CURVE('',#1034,#1035,#205,.T.);
#895=EDGE_CURVE('',#1033,#1035,#1109,.F.);
#896=EDGE_CURVE('',#1036,#1037,#1110,.F.);
#897=EDGE_CURVE('',#1038,#1037,#206,.T.);
#898=EDGE_CURVE('',#1038,#1039,#1111,.T.);
#899=EDGE_CURVE('',#1039,#1036,#207,.F.);
#900=EDGE_CURVE('',#1038,#1034,#56,.T.);
#901=EDGE_CURVE('',#1037,#1035,#57,.T.);
#902=EDGE_CURVE('',#1039,#1032,#58,.T.);
#903=EDGE_CURVE('',#1036,#1033,#59,.T.);
#904=VERTEX_POINT('',#1944);
#905=VERTEX_POINT('',#1946);
#906=VERTEX_POINT('',#1949);
#907=VERTEX_POINT('',#1951);
#908=VERTEX_POINT('',#1954);
#909=VERTEX_POINT('',#1955);
#910=VERTEX_POINT('',#1957);
#911=VERTEX_POINT('',#1959);
#912=VERTEX_POINT('',#1961);
#913=VERTEX_POINT('',#1963);
#914=VERTEX_POINT('',#1965);
#915=VERTEX_POINT('',#1967);
#916=VERTEX_POINT('',#1969);
#917=VERTEX_POINT('',#1971);
#918=VERTEX_POINT('',#1973);
#919=VERTEX_POINT('',#1975);
#920=VERTEX_POINT('',#1977);
#921=VERTEX_POINT('',#1979);
#922=VERTEX_POINT('',#1981);
#923=VERTEX_POINT('',#1983);
#924=VERTEX_POINT('',#1986);
#925=VERTEX_POINT('',#1987);
#926=VERTEX_POINT('',#1989);
#927=VERTEX_POINT('',#1991);
#928=VERTEX_POINT('',#1993);
#929=VERTEX_POINT('',#1995);
#930=VERTEX_POINT('',#1997);
#931=VERTEX_POINT('',#1999);
#932=VERTEX_POINT('',#2001);
#933=VERTEX_POINT('',#2003);
#934=VERTEX_POINT('',#2005);
#935=VERTEX_POINT('',#2007);
#936=VERTEX_POINT('',#2009);
#937=VERTEX_POINT('',#2011);
#938=VERTEX_POINT('',#2013);
#939=VERTEX_POINT('',#2015);
#940=VERTEX_POINT('',#2019);
#941=VERTEX_POINT('',#2021);
#942=VERTEX_POINT('',#2024);
#943=VERTEX_POINT('',#2026);
#944=VERTEX_POINT('',#2029);
#945=VERTEX_POINT('',#2031);
#946=VERTEX_POINT('',#2034);
#947=VERTEX_POINT('',#2036);
#948=VERTEX_POINT('',#2039);
#949=VERTEX_POINT('',#2042);
#950=VERTEX_POINT('',#2044);
#951=VERTEX_POINT('',#2047);
#952=VERTEX_POINT('',#2049);
#953=VERTEX_POINT('',#2052);
#954=VERTEX_POINT('',#2054);
#955=VERTEX_POINT('',#2057);
#956=VERTEX_POINT('',#2059);
#957=VERTEX_POINT('',#2062);
#958=VERTEX_POINT('',#2065);
#959=VERTEX_POINT('',#2067);
#960=VERTEX_POINT('',#2072);
#961=VERTEX_POINT('',#2074);
#962=VERTEX_POINT('',#2077);
#963=VERTEX_POINT('',#2079);
#964=VERTEX_POINT('',#2082);
#965=VERTEX_POINT('',#2084);
#966=VERTEX_POINT('',#2087);
#967=VERTEX_POINT('',#2089);
#968=VERTEX_POINT('',#2092);
#969=VERTEX_POINT('',#2094);
#970=VERTEX_POINT('',#2096);
#971=VERTEX_POINT('',#2099);
#972=VERTEX_POINT('',#2101);
#973=VERTEX_POINT('',#2104);
#974=VERTEX_POINT('',#2106);
#975=VERTEX_POINT('',#2109);
#976=VERTEX_POINT('',#2118);
#977=VERTEX_POINT('',#2119);
#978=VERTEX_POINT('',#2121);
#979=VERTEX_POINT('',#2123);
#980=VERTEX_POINT('',#2127);
#981=VERTEX_POINT('',#2128);
#982=VERTEX_POINT('',#2130);
#983=VERTEX_POINT('',#2132);
#984=VERTEX_POINT('',#2160);
#985=VERTEX_POINT('',#2161);
#986=VERTEX_POINT('',#2163);
#987=VERTEX_POINT('',#2165);
#988=VERTEX_POINT('',#2169);
#989=VERTEX_POINT('',#2170);
#990=VERTEX_POINT('',#2172);
#991=VERTEX_POINT('',#2174);
#992=VERTEX_POINT('',#2202);
#993=VERTEX_POINT('',#2203);
#994=VERTEX_POINT('',#2205);
#995=VERTEX_POINT('',#2207);
#996=VERTEX_POINT('',#2211);
#997=VERTEX_POINT('',#2212);
#998=VERTEX_POINT('',#2214);
#999=VERTEX_POINT('',#2216);
#1000=VERTEX_POINT('',#2244);
#1001=VERTEX_POINT('',#2245);
#1002=VERTEX_POINT('',#2247);
#1003=VERTEX_POINT('',#2249);
#1004=VERTEX_POINT('',#2253);
#1005=VERTEX_POINT('',#2254);
#1006=VERTEX_POINT('',#2256);
#1007=VERTEX_POINT('',#2258);
#1008=VERTEX_POINT('',#2286);
#1009=VERTEX_POINT('',#2287);
#1010=VERTEX_POINT('',#2289);
#1011=VERTEX_POINT('',#2291);
#1012=VERTEX_POINT('',#2295);
#1013=VERTEX_POINT('',#2296);
#1014=VERTEX_POINT('',#2298);
#1015=VERTEX_POINT('',#2300);
#1016=VERTEX_POINT('',#2328);
#1017=VERTEX_POINT('',#2329);
#1018=VERTEX_POINT('',#2331);
#1019=VERTEX_POINT('',#2333);
#1020=VERTEX_POINT('',#2337);
#1021=VERTEX_POINT('',#2338);
#1022=VERTEX_POINT('',#2340);
#1023=VERTEX_POINT('',#2342);
#1024=VERTEX_POINT('',#2370);
#1025=VERTEX_POINT('',#2371);
#1026=VERTEX_POINT('',#2373);
#1027=VERTEX_POINT('',#2375);
#1028=VERTEX_POINT('',#2379);
#1029=VERTEX_POINT('',#2380);
#1030=VERTEX_POINT('',#2382);
#1031=VERTEX_POINT('',#2384);
#1032=VERTEX_POINT('',#2412);
#1033=VERTEX_POINT('',#2413);
#1034=VERTEX_POINT('',#2415);
#1035=VERTEX_POINT('',#2417);
#1036=VERTEX_POINT('',#2421);
#1037=VERTEX_POINT('',#2422);
#1038=VERTEX_POINT('',#2424);
#1039=VERTEX_POINT('',#2426);
#1040=CIRCLE('',#1406,0.1);
#1041=CIRCLE('',#1407,0.1);
#1042=CIRCLE('',#1409,0.1);
#1043=CIRCLE('',#1410,0.1);
#1044=CIRCLE('',#1412,0.0505);
#1045=CIRCLE('',#1413,0.0505);
#1046=CIRCLE('',#1414,0.0505);
#1047=CIRCLE('',#1415,0.0505);
#1048=CIRCLE('',#1416,0.0505);
#1049=CIRCLE('',#1417,0.0505);
#1050=CIRCLE('',#1418,0.0505);
#1051=CIRCLE('',#1419,0.0505);
#1052=CIRCLE('',#1420,0.0505);
#1053=CIRCLE('',#1421,0.0505);
#1054=CIRCLE('',#1422,0.0505);
#1055=CIRCLE('',#1423,0.0505);
#1056=CIRCLE('',#1424,0.0505);
#1057=CIRCLE('',#1425,0.0505);
#1058=CIRCLE('',#1426,0.0505);
#1059=CIRCLE('',#1427,0.0505);
#1060=CIRCLE('',#1429,0.0285);
#1061=CIRCLE('',#1430,0.0285);
#1062=CIRCLE('',#1431,0.0285);
#1063=CIRCLE('',#1432,0.0285);
#1064=CIRCLE('',#1433,0.0265);
#1065=CIRCLE('',#1435,0.0285);
#1066=CIRCLE('',#1436,0.0285);
#1067=CIRCLE('',#1437,0.0285);
#1068=CIRCLE('',#1438,0.0285);
#1069=CIRCLE('',#1439,0.0265);
#1070=CIRCLE('',#1441,0.053);
#1071=CIRCLE('',#1442,0.053);
#1072=CIRCLE('',#1446,0.0285);
#1073=CIRCLE('',#1447,0.0285);
#1074=CIRCLE('',#1448,0.0285);
#1075=CIRCLE('',#1449,0.0285);
#1076=CIRCLE('',#1450,0.0285);
#1077=CIRCLE('',#1451,0.0285);
#1078=CIRCLE('',#1452,0.0285);
#1079=CIRCLE('',#1453,0.0285);
#1080=CIRCLE('',#1458,0.0489539700033927);
#1081=CIRCLE('',#1459,0.0300460299966073);
#1082=CIRCLE('',#1461,0.0485);
#1083=CIRCLE('',#1462,0.0305);
#1084=CIRCLE('',#1470,0.0300460299966073);
#1085=CIRCLE('',#1471,0.0489539700033927);
#1086=CIRCLE('',#1473,0.0485);
#1087=CIRCLE('',#1474,0.0305);
#1088=CIRCLE('',#1482,0.0489539700033927);
#1089=CIRCLE('',#1483,0.0300460299966073);
#1090=CIRCLE('',#1485,0.0485);
#1091=CIRCLE('',#1486,0.0305);
#1092=CIRCLE('',#1494,0.0300460299966073);
#1093=CIRCLE('',#1495,0.0489539700033927);
#1094=CIRCLE('',#1497,0.0485);
#1095=CIRCLE('',#1498,0.0305);
#1096=CIRCLE('',#1506,0.0489539700033927);
#1097=CIRCLE('',#1507,0.0300460299966073);
#1098=CIRCLE('',#1509,0.0485);
#1099=CIRCLE('',#1510,0.0305);
#1100=CIRCLE('',#1518,0.0300460299966073);
#1101=CIRCLE('',#1519,0.0489539700033927);
#1102=CIRCLE('',#1521,0.0485);
#1103=CIRCLE('',#1522,0.0305);
#1104=CIRCLE('',#1530,0.0489539700033927);
#1105=CIRCLE('',#1531,0.0300460299966073);
#1106=CIRCLE('',#1533,0.0485);
#1107=CIRCLE('',#1534,0.0305);
#1108=CIRCLE('',#1542,0.0300460299966073);
#1109=CIRCLE('',#1543,0.0489539700033927);
#1110=CIRCLE('',#1545,0.0485);
#1111=CIRCLE('',#1546,0.0305);
#1112=EDGE_LOOP('',(#304));
#1113=EDGE_LOOP('',(#305));
#1114=EDGE_LOOP('',(#306));
#1115=EDGE_LOOP('',(#307));
#1116=EDGE_LOOP('',(#308,#309,#310,#311,#312,#313,#314,#315,#316,#317,#318,
#319,#320,#321,#322,#323));
#1117=EDGE_LOOP('',(#324,#325,#326,#327,#328,#329,#330,#331,#332,#333,#334,
#335,#336,#337,#338,#339));
#1118=EDGE_LOOP('',(#340,#341,#342,#343));
#1119=EDGE_LOOP('',(#344,#345,#346,#347));
#1120=EDGE_LOOP('',(#348,#349,#350,#351));
#1121=EDGE_LOOP('',(#352));
#1122=EDGE_LOOP('',(#353,#354,#355,#356));
#1123=EDGE_LOOP('',(#357));
#1124=EDGE_LOOP('',(#358,#359,#360,#361));
#1125=EDGE_LOOP('',(#362,#363,#364,#365));
#1126=EDGE_LOOP('',(#366,#367,#368,#369));
#1127=EDGE_LOOP('',(#370));
#1128=EDGE_LOOP('',(#371,#372,#373,#374));
#1129=EDGE_LOOP('',(#375));
#1130=EDGE_LOOP('',(#376));
#1131=EDGE_LOOP('',(#377));
#1132=EDGE_LOOP('',(#378));
#1133=EDGE_LOOP('',(#379));
#1134=EDGE_LOOP('',(#380));
#1135=EDGE_LOOP('',(#381));
#1136=EDGE_LOOP('',(#382,#383,#384,#385,#386,#387,#388,#389,#390,#391,#392,
#393,#394,#395,#396,#397));
#1137=EDGE_LOOP('',(#398,#399,#400,#401,#402,#403,#404,#405,#406,#407,#408,
#409,#410,#411,#412,#413));
#1138=EDGE_LOOP('',(#414));
#1139=EDGE_LOOP('',(#415));
#1140=EDGE_LOOP('',(#416,#417,#418,#419));
#1141=EDGE_LOOP('',(#420,#421,#422,#423));
#1142=EDGE_LOOP('',(#424,#425,#426,#427));
#1143=EDGE_LOOP('',(#428,#429,#430,#431));
#1144=EDGE_LOOP('',(#432,#433,#434,#435));
#1145=EDGE_LOOP('',(#436,#437,#438,#439));
#1146=EDGE_LOOP('',(#440,#441,#442,#443));
#1147=EDGE_LOOP('',(#444,#445,#446,#447));
#1148=EDGE_LOOP('',(#448,#449,#450,#451));
#1149=EDGE_LOOP('',(#452,#453,#454,#455));
#1150=EDGE_LOOP('',(#456,#457,#458,#459));
#1151=EDGE_LOOP('',(#460,#461,#462,#463));
#1152=EDGE_LOOP('',(#464,#465,#466,#467));
#1153=EDGE_LOOP('',(#468,#469,#470,#471));
#1154=EDGE_LOOP('',(#472,#473,#474,#475));
#1155=EDGE_LOOP('',(#476,#477,#478,#479));
#1156=EDGE_LOOP('',(#480,#481,#482,#483));
#1157=EDGE_LOOP('',(#484,#485,#486,#487));
#1158=EDGE_LOOP('',(#488,#489,#490,#491));
#1159=EDGE_LOOP('',(#492,#493,#494,#495));
#1160=EDGE_LOOP('',(#496,#497,#498,#499));
#1161=EDGE_LOOP('',(#500,#501,#502,#503));
#1162=EDGE_LOOP('',(#504,#505,#506,#507));
#1163=EDGE_LOOP('',(#508,#509,#510,#511));
#1164=EDGE_LOOP('',(#512,#513,#514,#515));
#1165=EDGE_LOOP('',(#516,#517,#518,#519));
#1166=EDGE_LOOP('',(#520,#521,#522,#523));
#1167=EDGE_LOOP('',(#524,#525,#526,#527));
#1168=EDGE_LOOP('',(#528,#529,#530,#531));
#1169=EDGE_LOOP('',(#532,#533,#534,#535));
#1170=EDGE_LOOP('',(#536,#537,#538,#539));
#1171=EDGE_LOOP('',(#540,#541,#542,#543));
#1172=EDGE_LOOP('',(#544,#545,#546,#547));
#1173=EDGE_LOOP('',(#548,#549,#550,#551));
#1174=EDGE_LOOP('',(#552,#553,#554,#555));
#1175=EDGE_LOOP('',(#556,#557,#558,#559));
#1176=EDGE_LOOP('',(#560,#561,#562,#563));
#1177=EDGE_LOOP('',(#564,#565,#566,#567));
#1178=EDGE_LOOP('',(#568,#569,#570,#571));
#1179=EDGE_LOOP('',(#572,#573,#574,#575));
#1180=EDGE_LOOP('',(#576,#577,#578,#579));
#1181=EDGE_LOOP('',(#580,#581,#582,#583));
#1182=EDGE_LOOP('',(#584,#585,#586,#587));
#1183=EDGE_LOOP('',(#588,#589,#590,#591));
#1184=EDGE_LOOP('',(#592,#593,#594,#595));
#1185=EDGE_LOOP('',(#596,#597,#598,#599));
#1186=EDGE_LOOP('',(#600,#601,#602,#603));
#1187=EDGE_LOOP('',(#604,#605,#606,#607));
#1188=EDGE_LOOP('',(#608,#609,#610,#611));
#1189=EDGE_LOOP('',(#612,#613,#614,#615));
#1190=EDGE_LOOP('',(#616,#617,#618,#619));
#1191=EDGE_LOOP('',(#620,#621,#622,#623));
#1192=EDGE_LOOP('',(#624,#625,#626,#627));
#1193=EDGE_LOOP('',(#628,#629,#630,#631));
#1194=EDGE_LOOP('',(#632,#633,#634,#635));
#1195=EDGE_LOOP('',(#636,#637,#638,#639));
#1196=EDGE_LOOP('',(#640,#641,#642,#643));
#1197=EDGE_LOOP('',(#644,#645,#646,#647));
#1198=EDGE_LOOP('',(#648,#649,#650,#651));
#1199=EDGE_LOOP('',(#652,#653,#654,#655));
#1200=EDGE_LOOP('',(#656,#657,#658,#659));
#1201=EDGE_LOOP('',(#660,#661,#662,#663));
#1202=EDGE_LOOP('',(#664,#665,#666,#667));
#1203=EDGE_LOOP('',(#668,#669,#670,#671));
#1204=EDGE_LOOP('',(#672,#673,#674,#675));
#1205=EDGE_LOOP('',(#676,#677,#678,#679));
#1206=EDGE_LOOP('',(#680,#681,#682,#683));
#1207=EDGE_LOOP('',(#684,#685,#686,#687));
#1208=EDGE_LOOP('',(#688,#689,#690,#691));
#1209=EDGE_LOOP('',(#692,#693,#694,#695));
#1210=EDGE_LOOP('',(#696,#697,#698,#699));
#1211=EDGE_LOOP('',(#700,#701,#702,#703));
#1212=FACE_BOUND('',#1112,.T.);
#1213=FACE_BOUND('',#1113,.T.);
#1214=FACE_BOUND('',#1114,.T.);
#1215=FACE_BOUND('',#1115,.T.);
#1216=FACE_BOUND('',#1116,.T.);
#1217=FACE_BOUND('',#1117,.T.);
#1218=FACE_BOUND('',#1118,.T.);
#1219=FACE_BOUND('',#1119,.T.);
#1220=FACE_BOUND('',#1120,.T.);
#1221=FACE_BOUND('',#1121,.T.);
#1222=FACE_BOUND('',#1122,.T.);
#1223=FACE_BOUND('',#1123,.T.);
#1224=FACE_BOUND('',#1124,.T.);
#1225=FACE_BOUND('',#1125,.T.);
#1226=FACE_BOUND('',#1126,.T.);
#1227=FACE_BOUND('',#1127,.T.);
#1228=FACE_BOUND('',#1128,.T.);
#1229=FACE_BOUND('',#1129,.T.);
#1230=FACE_BOUND('',#1130,.T.);
#1231=FACE_BOUND('',#1131,.T.);
#1232=FACE_BOUND('',#1132,.T.);
#1233=FACE_BOUND('',#1133,.T.);
#1234=FACE_BOUND('',#1134,.T.);
#1235=FACE_BOUND('',#1135,.T.);
#1236=FACE_BOUND('',#1136,.T.);
#1237=FACE_BOUND('',#1137,.T.);
#1238=FACE_BOUND('',#1138,.T.);
#1239=FACE_BOUND('',#1139,.T.);
#1240=FACE_BOUND('',#1140,.T.);
#1241=FACE_BOUND('',#1141,.T.);
#1242=FACE_BOUND('',#1142,.T.);
#1243=FACE_BOUND('',#1143,.T.);
#1244=FACE_BOUND('',#1144,.T.);
#1245=FACE_BOUND('',#1145,.T.);
#1246=FACE_BOUND('',#1146,.T.);
#1247=FACE_BOUND('',#1147,.T.);
#1248=FACE_BOUND('',#1148,.T.);
#1249=FACE_BOUND('',#1149,.T.);
#1250=FACE_BOUND('',#1150,.T.);
#1251=FACE_BOUND('',#1151,.T.);
#1252=FACE_BOUND('',#1152,.T.);
#1253=FACE_BOUND('',#1153,.T.);
#1254=FACE_BOUND('',#1154,.T.);
#1255=FACE_BOUND('',#1155,.T.);
#1256=FACE_BOUND('',#1156,.T.);
#1257=FACE_BOUND('',#1157,.T.);
#1258=FACE_BOUND('',#1158,.T.);
#1259=FACE_BOUND('',#1159,.T.);
#1260=FACE_BOUND('',#1160,.T.);
#1261=FACE_BOUND('',#1161,.T.);
#1262=FACE_BOUND('',#1162,.T.);
#1263=FACE_BOUND('',#1163,.T.);
#1264=FACE_BOUND('',#1164,.T.);
#1265=FACE_BOUND('',#1165,.T.);
#1266=FACE_BOUND('',#1166,.T.);
#1267=FACE_BOUND('',#1167,.T.);
#1268=FACE_BOUND('',#1168,.T.);
#1269=FACE_BOUND('',#1169,.T.);
#1270=FACE_BOUND('',#1170,.T.);
#1271=FACE_BOUND('',#1171,.T.);
#1272=FACE_BOUND('',#1172,.T.);
#1273=FACE_BOUND('',#1173,.T.);
#1274=FACE_BOUND('',#1174,.T.);
#1275=FACE_BOUND('',#1175,.T.);
#1276=FACE_BOUND('',#1176,.T.);
#1277=FACE_BOUND('',#1177,.T.);
#1278=FACE_BOUND('',#1178,.T.);
#1279=FACE_BOUND('',#1179,.T.);
#1280=FACE_BOUND('',#1180,.T.);
#1281=FACE_BOUND('',#1181,.T.);
#1282=FACE_BOUND('',#1182,.T.);
#1283=FACE_BOUND('',#1183,.T.);
#1284=FACE_BOUND('',#1184,.T.);
#1285=FACE_BOUND('',#1185,.T.);
#1286=FACE_BOUND('',#1186,.T.);
#1287=FACE_BOUND('',#1187,.T.);
#1288=FACE_BOUND('',#1188,.T.);
#1289=FACE_BOUND('',#1189,.T.);
#1290=FACE_BOUND('',#1190,.T.);
#1291=FACE_BOUND('',#1191,.T.);
#1292=FACE_BOUND('',#1192,.T.);
#1293=FACE_BOUND('',#1193,.T.);
#1294=FACE_BOUND('',#1194,.T.);
#1295=FACE_BOUND('',#1195,.T.);
#1296=FACE_BOUND('',#1196,.T.);
#1297=FACE_BOUND('',#1197,.T.);
#1298=FACE_BOUND('',#1198,.T.);
#1299=FACE_BOUND('',#1199,.T.);
#1300=FACE_BOUND('',#1200,.T.);
#1301=FACE_BOUND('',#1201,.T.);
#1302=FACE_BOUND('',#1202,.T.);
#1303=FACE_BOUND('',#1203,.T.);
#1304=FACE_BOUND('',#1204,.T.);
#1305=FACE_BOUND('',#1205,.T.);
#1306=FACE_BOUND('',#1206,.T.);
#1307=FACE_BOUND('',#1207,.T.);
#1308=FACE_BOUND('',#1208,.T.);
#1309=FACE_BOUND('',#1209,.T.);
#1310=FACE_BOUND('',#1210,.T.);
#1311=FACE_BOUND('',#1211,.T.);
#1312=CYLINDRICAL_SURFACE('',#1405,0.1);
#1313=CYLINDRICAL_SURFACE('',#1408,0.1);
#1314=CYLINDRICAL_SURFACE('',#1411,0.0505);
#1315=CYLINDRICAL_SURFACE('',#1440,0.053);
#1316=CYLINDRICAL_SURFACE('',#1445,0.0285);
#1317=CYLINDRICAL_SURFACE('',#1454,0.0265);
#1318=ADVANCED_FACE('',(#1212,#1213),#1312,.T.);
#1319=ADVANCED_FACE('',(#1214,#1215),#1313,.T.);
#1320=ADVANCED_FACE('',(#1216,#1217),#1314,.F.);
#1321=ADVANCED_FACE('',(#1218,#1219,#1220,#1221,#1222,#1223),#60,.T.);
#1322=ADVANCED_FACE('',(#1224,#1225,#1226,#1227,#1228,#1229),#61,.F.);
#1323=ADVANCED_FACE('',(#1230,#1231),#1315,.T.);
#1324=ADVANCED_FACE('',(#1232,#1233),#62,.F.);
#1325=ADVANCED_FACE('',(#1234,#1235),#63,.T.);
#1326=ADVANCED_FACE('',(#1236,#1237),#1316,.T.);
#1327=ADVANCED_FACE('',(#1238,#1239),#1317,.F.);
#1328=ADVANCED_FACE('',(#1240),#64,.T.);
#1329=ADVANCED_FACE('',(#1241),#65,.F.);
#1330=ADVANCED_FACE('',(#1242,#1243),#66,.T.);
#1331=ADVANCED_FACE('',(#1244),#67,.T.);
#1332=ADVANCED_FACE('',(#1245),#68,.T.);
#1333=ADVANCED_FACE('',(#1246),#12,.T.);
#1334=ADVANCED_FACE('',(#1247),#69,.T.);
#1335=ADVANCED_FACE('',(#1248),#13,.F.);
#1336=ADVANCED_FACE('',(#1249),#70,.T.);
#1337=ADVANCED_FACE('',(#1250),#71,.F.);
#1338=ADVANCED_FACE('',(#1251,#1252),#72,.F.);
#1339=ADVANCED_FACE('',(#1253),#73,.F.);
#1340=ADVANCED_FACE('',(#1254),#74,.T.);
#1341=ADVANCED_FACE('',(#1255),#14,.T.);
#1342=ADVANCED_FACE('',(#1256),#75,.T.);
#1343=ADVANCED_FACE('',(#1257),#15,.F.);
#1344=ADVANCED_FACE('',(#1258),#76,.T.);
#1345=ADVANCED_FACE('',(#1259),#77,.F.);
#1346=ADVANCED_FACE('',(#1260,#1261),#78,.T.);
#1347=ADVANCED_FACE('',(#1262),#79,.T.);
#1348=ADVANCED_FACE('',(#1263),#80,.T.);
#1349=ADVANCED_FACE('',(#1264),#16,.T.);
#1350=ADVANCED_FACE('',(#1265),#81,.T.);
#1351=ADVANCED_FACE('',(#1266),#17,.F.);
#1352=ADVANCED_FACE('',(#1267),#82,.T.);
#1353=ADVANCED_FACE('',(#1268),#83,.F.);
#1354=ADVANCED_FACE('',(#1269,#1270),#84,.F.);
#1355=ADVANCED_FACE('',(#1271),#85,.F.);
#1356=ADVANCED_FACE('',(#1272),#86,.T.);
#1357=ADVANCED_FACE('',(#1273),#18,.T.);
#1358=ADVANCED_FACE('',(#1274),#87,.T.);
#1359=ADVANCED_FACE('',(#1275),#19,.F.);
#1360=ADVANCED_FACE('',(#1276),#88,.T.);
#1361=ADVANCED_FACE('',(#1277),#89,.F.);
#1362=ADVANCED_FACE('',(#1278,#1279),#90,.T.);
#1363=ADVANCED_FACE('',(#1280),#91,.T.);
#1364=ADVANCED_FACE('',(#1281),#92,.T.);
#1365=ADVANCED_FACE('',(#1282),#20,.T.);
#1366=ADVANCED_FACE('',(#1283),#93,.T.);
#1367=ADVANCED_FACE('',(#1284),#21,.F.);
#1368=ADVANCED_FACE('',(#1285),#94,.T.);
#1369=ADVANCED_FACE('',(#1286),#95,.F.);
#1370=ADVANCED_FACE('',(#1287,#1288),#96,.F.);
#1371=ADVANCED_FACE('',(#1289),#97,.F.);
#1372=ADVANCED_FACE('',(#1290),#98,.T.);
#1373=ADVANCED_FACE('',(#1291),#22,.T.);
#1374=ADVANCED_FACE('',(#1292),#99,.T.);
#1375=ADVANCED_FACE('',(#1293),#23,.F.);
#1376=ADVANCED_FACE('',(#1294),#100,.T.);
#1377=ADVANCED_FACE('',(#1295),#101,.F.);
#1378=ADVANCED_FACE('',(#1296,#1297),#102,.T.);
#1379=ADVANCED_FACE('',(#1298),#103,.T.);
#1380=ADVANCED_FACE('',(#1299),#104,.T.);
#1381=ADVANCED_FACE('',(#1300),#24,.T.);
#1382=ADVANCED_FACE('',(#1301),#105,.T.);
#1383=ADVANCED_FACE('',(#1302),#25,.F.);
#1384=ADVANCED_FACE('',(#1303),#106,.T.);
#1385=ADVANCED_FACE('',(#1304),#107,.F.);
#1386=ADVANCED_FACE('',(#1305,#1306),#108,.F.);
#1387=ADVANCED_FACE('',(#1307),#109,.F.);
#1388=ADVANCED_FACE('',(#1308),#110,.T.);
#1389=ADVANCED_FACE('',(#1309),#26,.T.);
#1390=ADVANCED_FACE('',(#1310),#111,.T.);
#1391=ADVANCED_FACE('',(#1311),#27,.F.);
#1392=CLOSED_SHELL('',(#1318,#1319,#1320,#1321,#1322,#1323,#1324,#1325,
#1326,#1327,#1328,#1329,#1330,#1331,#1332,#1333,#1334,#1335,#1336,#1337,
#1338,#1339,#1340,#1341,#1342,#1343,#1344,#1345,#1346,#1347,#1348,#1349,
#1350,#1351,#1352,#1353,#1354,#1355,#1356,#1357,#1358,#1359,#1360,#1361,
#1362,#1363,#1364,#1365,#1366,#1367,#1368,#1369,#1370,#1371,#1372,#1373,
#1374,#1375,#1376,#1377,#1378,#1379,#1380,#1381,#1382,#1383,#1384,#1385,
#1386,#1387,#1388,#1389,#1390,#1391));
#1393=STYLED_ITEM('',(#1394),#1401);
#1394=PRESENTATION_STYLE_ASSIGNMENT((#1395));
#1395=SURFACE_STYLE_USAGE(.BOTH.,#1396);
#1396=SURFACE_SIDE_STYLE('',(#1397));
#1397=SURFACE_STYLE_FILL_AREA(#1398);
#1398=FILL_AREA_STYLE('',(#1399));
#1399=FILL_AREA_STYLE_COLOUR('',#1400);
#1400=COLOUR_RGB('',0.615686274509804,0.811764705882353,0.929411764705882);
#1401=MANIFOLD_SOLID_BREP('Part 1',#1392);
#1402=SHAPE_DEFINITION_REPRESENTATION(#2454,#1403);
#1403=SHAPE_REPRESENTATION('Part 1',(#1404),#2449);
#1404=AXIS2_PLACEMENT_3D('',#1941,#1551,#1552);
#1405=AXIS2_PLACEMENT_3D('',#1942,#1553,#1554);
#1406=AXIS2_PLACEMENT_3D('',#1943,#1555,#1556);
#1407=AXIS2_PLACEMENT_3D('',#1945,#1557,#1558);
#1408=AXIS2_PLACEMENT_3D('',#1947,#1559,#1560);
#1409=AXIS2_PLACEMENT_3D('',#1948,#1561,#1562);
#1410=AXIS2_PLACEMENT_3D('',#1950,#1563,#1564);
#1411=AXIS2_PLACEMENT_3D('',#1952,#1565,#1566);
#1412=AXIS2_PLACEMENT_3D('',#1956,#1568,#1569);
#1413=AXIS2_PLACEMENT_3D('',#1960,#1571,#1572);
#1414=AXIS2_PLACEMENT_3D('',#1964,#1574,#1575);
#1415=AXIS2_PLACEMENT_3D('',#1968,#1577,#1578);
#1416=AXIS2_PLACEMENT_3D('',#1972,#1580,#1581);
#1417=AXIS2_PLACEMENT_3D('',#1976,#1583,#1584);
#1418=AXIS2_PLACEMENT_3D('',#1980,#1586,#1587);
#1419=AXIS2_PLACEMENT_3D('',#1984,#1589,#1590);
#1420=AXIS2_PLACEMENT_3D('',#1988,#1592,#1593);
#1421=AXIS2_PLACEMENT_3D('',#1992,#1595,#1596);
#1422=AXIS2_PLACEMENT_3D('',#1996,#1598,#1599);
#1423=AXIS2_PLACEMENT_3D('',#2000,#1601,#1602);
#1424=AXIS2_PLACEMENT_3D('',#2004,#1604,#1605);
#1425=AXIS2_PLACEMENT_3D('',#2008,#1607,#1608);
#1426=AXIS2_PLACEMENT_3D('',#2012,#1610,#1611);
#1427=AXIS2_PLACEMENT_3D('',#2016,#1613,#1614);
#1428=AXIS2_PLACEMENT_3D('',#2017,#1615,#1616);
#1429=AXIS2_PLACEMENT_3D('',#2022,#1619,#1620);
#1430=AXIS2_PLACEMENT_3D('',#2025,#1622,#1623);
#1431=AXIS2_PLACEMENT_3D('',#2032,#1627,#1628);
#1432=AXIS2_PLACEMENT_3D('',#2037,#1631,#1632);
#1433=AXIS2_PLACEMENT_3D('',#2038,#1633,#1634);
#1434=AXIS2_PLACEMENT_3D('',#2040,#1635,#1636);
#1435=AXIS2_PLACEMENT_3D('',#2043,#1638,#1639);
#1436=AXIS2_PLACEMENT_3D('',#2048,#1642,#1643);
#1437=AXIS2_PLACEMENT_3D('',#2053,#1646,#1647);
#1438=AXIS2_PLACEMENT_3D('',#2060,#1651,#1652);
#1439=AXIS2_PLACEMENT_3D('',#2061,#1653,#1654);
#1440=AXIS2_PLACEMENT_3D('',#2063,#1655,#1656);
#1441=AXIS2_PLACEMENT_3D('',#2064,#1657,#1658);
#1442=AXIS2_PLACEMENT_3D('',#2066,#1659,#1660);
#1443=AXIS2_PLACEMENT_3D('',#2068,#1661,#1662);
#1444=AXIS2_PLACEMENT_3D('',#2069,#1663,#1664);
#1445=AXIS2_PLACEMENT_3D('',#2070,#1665,#1666);
#1446=AXIS2_PLACEMENT_3D('',#2073,#1668,#1669);
#1447=AXIS2_PLACEMENT_3D('',#2078,#1672,#1673);
#1448=AXIS2_PLACEMENT_3D('',#2083,#1676,#1677);
#1449=AXIS2_PLACEMENT_3D('',#2088,#1680,#1681);
#1450=AXIS2_PLACEMENT_3D('',#2095,#1685,#1686);
#1451=AXIS2_PLACEMENT_3D('',#2100,#1689,#1690);
#1452=AXIS2_PLACEMENT_3D('',#2105,#1693,#1694);
#1453=AXIS2_PLACEMENT_3D('',#2110,#1697,#1698);
#1454=AXIS2_PLACEMENT_3D('',#2111,#1699,#1700);
#1455=AXIS2_PLACEMENT_3D('',#2112,#1701,#1702);
#1456=AXIS2_PLACEMENT_3D('',#2114,#1704,#1705);
#1457=AXIS2_PLACEMENT_3D('',#2116,#1707,#1708);
#1458=AXIS2_PLACEMENT_3D('',#2117,#1709,#1710);
#1459=AXIS2_PLACEMENT_3D('',#2122,#1712,#1713);
#1460=AXIS2_PLACEMENT_3D('',#2125,#1715,#1716);
#1461=AXIS2_PLACEMENT_3D('',#2126,#1717,#1718);
#1462=AXIS2_PLACEMENT_3D('',#2131,#1720,#1721);
#1463=AXIS2_PLACEMENT_3D('',#2134,#1723,#1724);
#1464=AXIS2_PLACEMENT_3D('',#2143,#1725,#1726);
#1465=AXIS2_PLACEMENT_3D('',#2148,#1727,#1728);
#1466=AXIS2_PLACEMENT_3D('',#2153,#1729,#1730);
#1467=AXIS2_PLACEMENT_3D('',#2154,#1731,#1732);
#1468=AXIS2_PLACEMENT_3D('',#2156,#1734,#1735);
#1469=AXIS2_PLACEMENT_3D('',#2158,#1737,#1738);
#1470=AXIS2_PLACEMENT_3D('',#2162,#1740,#1741);
#1471=AXIS2_PLACEMENT_3D('',#2166,#1743,#1744);
#1472=AXIS2_PLACEMENT_3D('',#2167,#1745,#1746);
#1473=AXIS2_PLACEMENT_3D('',#2168,#1747,#1748);
#1474=AXIS2_PLACEMENT_3D('',#2173,#1750,#1751);
#1475=AXIS2_PLACEMENT_3D('',#2176,#1753,#1754);
#1476=AXIS2_PLACEMENT_3D('',#2185,#1755,#1756);
#1477=AXIS2_PLACEMENT_3D('',#2190,#1757,#1758);
#1478=AXIS2_PLACEMENT_3D('',#2195,#1759,#1760);
#1479=AXIS2_PLACEMENT_3D('',#2196,#1761,#1762);
#1480=AXIS2_PLACEMENT_3D('',#2198,#1764,#1765);
#1481=AXIS2_PLACEMENT_3D('',#2200,#1767,#1768);
#1482=AXIS2_PLACEMENT_3D('',#2201,#1769,#1770);
#1483=AXIS2_PLACEMENT_3D('',#2206,#1772,#1773);
#1484=AXIS2_PLACEMENT_3D('',#2209,#1775,#1776);
#1485=AXIS2_PLACEMENT_3D('',#2210,#1777,#1778);
#1486=AXIS2_PLACEMENT_3D('',#2215,#1780,#1781);
#1487=AXIS2_PLACEMENT_3D('',#2218,#1783,#1784);
#1488=AXIS2_PLACEMENT_3D('',#2227,#1785,#1786);
#1489=AXIS2_PLACEMENT_3D('',#2232,#1787,#1788);
#1490=AXIS2_PLACEMENT_3D('',#2237,#1789,#1790);
#1491=AXIS2_PLACEMENT_3D('',#2238,#1791,#1792);
#1492=AXIS2_PLACEMENT_3D('',#2240,#1794,#1795);
#1493=AXIS2_PLACEMENT_3D('',#2242,#1797,#1798);
#1494=AXIS2_PLACEMENT_3D('',#2246,#1800,#1801);
#1495=AXIS2_PLACEMENT_3D('',#2250,#1803,#1804);
#1496=AXIS2_PLACEMENT_3D('',#2251,#1805,#1806);
#1497=AXIS2_PLACEMENT_3D('',#2252,#1807,#1808);
#1498=AXIS2_PLACEMENT_3D('',#2257,#1810,#1811);
#1499=AXIS2_PLACEMENT_3D('',#2260,#1813,#1814);
#1500=AXIS2_PLACEMENT_3D('',#2269,#1815,#1816);
#1501=AXIS2_PLACEMENT_3D('',#2274,#1817,#1818);
#1502=AXIS2_PLACEMENT_3D('',#2279,#1819,#1820);
#1503=AXIS2_PLACEMENT_3D('',#2280,#1821,#1822);
#1504=AXIS2_PLACEMENT_3D('',#2282,#1824,#1825);
#1505=AXIS2_PLACEMENT_3D('',#2284,#1827,#1828);
#1506=AXIS2_PLACEMENT_3D('',#2285,#1829,#1830);
#1507=AXIS2_PLACEMENT_3D('',#2290,#1832,#1833);
#1508=AXIS2_PLACEMENT_3D('',#2293,#1835,#1836);
#1509=AXIS2_PLACEMENT_3D('',#2294,#1837,#1838);
#1510=AXIS2_PLACEMENT_3D('',#2299,#1840,#1841);
#1511=AXIS2_PLACEMENT_3D('',#2302,#1843,#1844);
#1512=AXIS2_PLACEMENT_3D('',#2311,#1845,#1846);
#1513=AXIS2_PLACEMENT_3D('',#2316,#1847,#1848);
#1514=AXIS2_PLACEMENT_3D('',#2321,#1849,#1850);
#1515=AXIS2_PLACEMENT_3D('',#2322,#1851,#1852);
#1516=AXIS2_PLACEMENT_3D('',#2324,#1854,#1855);
#1517=AXIS2_PLACEMENT_3D('',#2326,#1857,#1858);
#1518=AXIS2_PLACEMENT_3D('',#2330,#1860,#1861);
#1519=AXIS2_PLACEMENT_3D('',#2334,#1863,#1864);
#1520=AXIS2_PLACEMENT_3D('',#2335,#1865,#1866);
#1521=AXIS2_PLACEMENT_3D('',#2336,#1867,#1868);
#1522=AXIS2_PLACEMENT_3D('',#2341,#1870,#1871);
#1523=AXIS2_PLACEMENT_3D('',#2344,#1873,#1874);
#1524=AXIS2_PLACEMENT_3D('',#2353,#1875,#1876);
#1525=AXIS2_PLACEMENT_3D('',#2358,#1877,#1878);
#1526=AXIS2_PLACEMENT_3D('',#2363,#1879,#1880);
#1527=AXIS2_PLACEMENT_3D('',#2364,#1881,#1882);
#1528=AXIS2_PLACEMENT_3D('',#2366,#1884,#1885);
#1529=AXIS2_PLACEMENT_3D('',#2368,#1887,#1888);
#1530=AXIS2_PLACEMENT_3D('',#2369,#1889,#1890);
#1531=AXIS2_PLACEMENT_3D('',#2374,#1892,#1893);
#1532=AXIS2_PLACEMENT_3D('',#2377,#1895,#1896);
#1533=AXIS2_PLACEMENT_3D('',#2378,#1897,#1898);
#1534=AXIS2_PLACEMENT_3D('',#2383,#1900,#1901);
#1535=AXIS2_PLACEMENT_3D('',#2386,#1903,#1904);
#1536=AXIS2_PLACEMENT_3D('',#2395,#1905,#1906);
#1537=AXIS2_PLACEMENT_3D('',#2400,#1907,#1908);
#1538=AXIS2_PLACEMENT_3D('',#2405,#1909,#1910);
#1539=AXIS2_PLACEMENT_3D('',#2406,#1911,#1912);
#1540=AXIS2_PLACEMENT_3D('',#2408,#1914,#1915);
#1541=AXIS2_PLACEMENT_3D('',#2410,#1917,#1918);
#1542=AXIS2_PLACEMENT_3D('',#2414,#1920,#1921);
#1543=AXIS2_PLACEMENT_3D('',#2418,#1923,#1924);
#1544=AXIS2_PLACEMENT_3D('',#2419,#1925,#1926);
#1545=AXIS2_PLACEMENT_3D('',#2420,#1927,#1928);
#1546=AXIS2_PLACEMENT_3D('',#2425,#1930,#1931);
#1547=AXIS2_PLACEMENT_3D('',#2428,#1933,#1934);
#1548=AXIS2_PLACEMENT_3D('',#2437,#1935,#1936);
#1549=AXIS2_PLACEMENT_3D('',#2442,#1937,#1938);
#1550=AXIS2_PLACEMENT_3D('',#2447,#1939,#1940);
#1551=DIRECTION('',(0.,0.,1.));
#1552=DIRECTION('',(1.,0.,0.));
#1553=DIRECTION('',(0.,0.,-1.));
#1554=DIRECTION('',(-1.,0.,0.));
#1555=DIRECTION('',(0.,0.,1.));
#1556=DIRECTION('',(1.,0.,0.));
#1557=DIRECTION('',(0.,0.,1.));
#1558=DIRECTION('',(1.,0.,0.));
#1559=DIRECTION('',(0.,0.,-1.));
#1560=DIRECTION('',(-1.,0.,0.));
#1561=DIRECTION('',(0.,0.,1.));
#1562=DIRECTION('',(1.,0.,0.));
#1563=DIRECTION('',(0.,0.,1.));
#1564=DIRECTION('',(1.,0.,0.));
#1565=DIRECTION('',(0.,0.,-1.));
#1566=DIRECTION('',(-1.,0.,0.));
#1567=DIRECTION('',(0.,0.,-1.));
#1568=DIRECTION('',(0.,0.,-1.));
#1569=DIRECTION('',(1.,0.,0.));
#1570=DIRECTION('',(0.,0.,-1.));
#1571=DIRECTION('',(0.,0.,1.));
#1572=DIRECTION('',(1.,0.,0.));
#1573=DIRECTION('',(0.,0.,-1.));
#1574=DIRECTION('',(0.,0.,-1.));
#1575=DIRECTION('',(6.12323399573677E-17,-1.,0.));
#1576=DIRECTION('',(0.,0.,-1.));
#1577=DIRECTION('',(0.,0.,1.));
#1578=DIRECTION('',(1.,0.,0.));
#1579=DIRECTION('',(0.,0.,-1.));
#1580=DIRECTION('',(0.,0.,-1.));
#1581=DIRECTION('',(-1.,-1.22464679914735E-16,0.));
#1582=DIRECTION('',(0.,0.,-1.));
#1583=DIRECTION('',(0.,0.,1.));
#1584=DIRECTION('',(1.,0.,0.));
#1585=DIRECTION('',(0.,0.,-1.));
#1586=DIRECTION('',(0.,0.,-1.));
#1587=DIRECTION('',(-1.83697019872103E-16,1.,0.));
#1588=DIRECTION('',(0.,0.,-1.));
#1589=DIRECTION('',(0.,0.,1.));
#1590=DIRECTION('',(1.,0.,0.));
#1591=DIRECTION('',(0.,0.,-1.));
#1592=DIRECTION('',(0.,0.,1.));
#1593=DIRECTION('',(1.,0.,0.));
#1594=DIRECTION('',(0.,0.,-1.));
#1595=DIRECTION('',(0.,0.,1.));
#1596=DIRECTION('',(-0.707106781186548,0.707106781186547,0.));
#1597=DIRECTION('',(0.,0.,-1.));
#1598=DIRECTION('',(0.,0.,1.));
#1599=DIRECTION('',(1.,0.,0.));
#1600=DIRECTION('',(0.,0.,-1.));
#1601=DIRECTION('',(0.,0.,1.));
#1602=DIRECTION('',(-0.707106781186547,-0.707106781186548,0.));
#1603=DIRECTION('',(0.,0.,-1.));
#1604=DIRECTION('',(0.,0.,1.));
#1605=DIRECTION('',(1.,0.,0.));
#1606=DIRECTION('',(0.,0.,-1.));
#1607=DIRECTION('',(0.,0.,1.));
#1608=DIRECTION('',(0.707106781186548,-0.707106781186547,0.));
#1609=DIRECTION('',(0.,0.,-1.));
#1610=DIRECTION('',(0.,0.,1.));
#1611=DIRECTION('',(1.,0.,0.));
#1612=DIRECTION('',(0.,0.,-1.));
#1613=DIRECTION('',(0.,0.,1.));
#1614=DIRECTION('',(0.707106781186547,0.707106781186548,0.));
#1615=DIRECTION('',(0.,0.,1.));
#1616=DIRECTION('',(1.,0.,0.));
#1617=DIRECTION('',(-0.38268343236509,0.923879532511287,0.));
#1618=DIRECTION('',(0.382683432365089,0.923879532511287,0.));
#1619=DIRECTION('',(0.,0.,1.));
#1620=DIRECTION('',(1.,0.,0.));
#1621=DIRECTION('',(-0.923879532511287,0.382683432365089,0.));
#1622=DIRECTION('',(0.,0.,1.));
#1623=DIRECTION('',(1.,0.,0.));
#1624=DIRECTION('',(-0.923879532511287,-0.38268343236509,0.));
#1625=DIRECTION('',(0.38268343236509,-0.923879532511287,0.));
#1626=DIRECTION('',(-0.382683432365089,-0.923879532511287,0.));
#1627=DIRECTION('',(0.,0.,1.));
#1628=DIRECTION('',(1.,0.,0.));
#1629=DIRECTION('',(0.923879532511287,0.38268343236509,0.));
#1630=DIRECTION('',(0.923879532511287,-0.382683432365089,0.));
#1631=DIRECTION('',(0.,0.,1.));
#1632=DIRECTION('',(1.,0.,0.));
#1633=DIRECTION('',(0.,0.,1.));
#1634=DIRECTION('',(1.,0.,0.));
#1635=DIRECTION('',(0.,0.,1.));
#1636=DIRECTION('',(1.,0.,0.));
#1637=DIRECTION('',(0.382683432365091,0.923879532511287,0.));
#1638=DIRECTION('',(0.,0.,1.));
#1639=DIRECTION('',(1.,0.,0.));
#1640=DIRECTION('',(0.923879532511287,0.382683432365091,0.));
#1641=DIRECTION('',(0.923879532511287,-0.382683432365091,0.));
#1642=DIRECTION('',(0.,0.,1.));
#1643=DIRECTION('',(1.,0.,0.));
#1644=DIRECTION('',(0.382683432365091,-0.923879532511287,0.));
#1645=DIRECTION('',(-0.382683432365091,-0.923879532511287,0.));
#1646=DIRECTION('',(0.,0.,1.));
#1647=DIRECTION('',(1.,0.,0.));
#1648=DIRECTION('',(-0.923879532511286,-0.382683432365091,0.));
#1649=DIRECTION('',(-0.382683432365091,0.923879532511287,0.));
#1650=DIRECTION('',(-0.923879532511287,0.38268343236509,0.));
#1651=DIRECTION('',(0.,0.,1.));
#1652=DIRECTION('',(1.,0.,0.));
#1653=DIRECTION('',(0.,0.,1.));
#1654=DIRECTION('',(1.,0.,0.));
#1655=DIRECTION('',(0.,0.,-1.));
#1656=DIRECTION('',(-1.,0.,0.));
#1657=DIRECTION('',(0.,0.,1.));
#1658=DIRECTION('',(1.,0.,0.));
#1659=DIRECTION('',(0.,0.,1.));
#1660=DIRECTION('',(1.,0.,0.));
#1661=DIRECTION('',(0.,0.,1.));
#1662=DIRECTION('',(1.,0.,0.));
#1663=DIRECTION('',(0.,0.,1.));
#1664=DIRECTION('',(1.,0.,0.));
#1665=DIRECTION('',(0.,0.,-1.));
#1666=DIRECTION('',(-1.,0.,0.));
#1667=DIRECTION('',(0.,0.,-1.));
#1668=DIRECTION('',(0.,0.,1.));
#1669=DIRECTION('',(-1.83697019872103E-16,1.,0.));
#1670=DIRECTION('',(0.,0.,-1.));
#1671=DIRECTION('',(0.,0.,-1.));
#1672=DIRECTION('',(0.,0.,1.));
#1673=DIRECTION('',(-1.,-1.22464679914735E-16,0.));
#1674=DIRECTION('',(0.,0.,-1.));
#1675=DIRECTION('',(0.,0.,-1.));
#1676=DIRECTION('',(0.,0.,1.));
#1677=DIRECTION('',(6.12323399573677E-17,-1.,0.));
#1678=DIRECTION('',(0.,0.,-1.));
#1679=DIRECTION('',(0.,0.,-1.));
#1680=DIRECTION('',(0.,0.,1.));
#1681=DIRECTION('',(1.,0.,0.));
#1682=DIRECTION('',(0.,0.,-1.));
#1683=DIRECTION('',(0.,0.,-1.));
#1684=DIRECTION('',(0.,0.,-1.));
#1685=DIRECTION('',(0.,0.,1.));
#1686=DIRECTION('',(0.707106781186547,0.707106781186548,0.));
#1687=DIRECTION('',(0.,0.,-1.));
#1688=DIRECTION('',(0.,0.,-1.));
#1689=DIRECTION('',(0.,0.,1.));
#1690=DIRECTION('',(0.707106781186548,-0.707106781186547,0.));
#1691=DIRECTION('',(0.,0.,-1.));
#1692=DIRECTION('',(0.,0.,-1.));
#1693=DIRECTION('',(0.,0.,1.));
#1694=DIRECTION('',(-0.707106781186547,-0.707106781186548,0.));
#1695=DIRECTION('',(0.,0.,-1.));
#1696=DIRECTION('',(0.,0.,-1.));
#1697=DIRECTION('',(0.,0.,1.));
#1698=DIRECTION('',(-0.707106781186548,0.707106781186547,0.));
#1699=DIRECTION('',(0.,0.,-1.));
#1700=DIRECTION('',(-1.,0.,0.));
#1701=DIRECTION('',(-0.923879532511286,-0.382683432365091,0.));
#1702=DIRECTION('',(0.382683432365091,-0.923879532511287,0.));
#1703=DIRECTION('',(-0.382683432365091,0.923879532511287,0.));
#1704=DIRECTION('',(-0.923879532511286,0.382683432365091,0.));
#1705=DIRECTION('',(-0.382683432365091,-0.923879532511287,0.));
#1706=DIRECTION('',(0.382683432365091,0.923879532511287,0.));
#1707=DIRECTION('',(0.,0.,1.));
#1708=DIRECTION('',(1.,0.,0.));
#1709=DIRECTION('',(0.,0.,1.));
#1710=DIRECTION('',(1.,0.,0.));
#1711=DIRECTION('',(0.382683432365091,0.923879532511287,0.));
#1712=DIRECTION('',(0.,0.,1.));
#1713=DIRECTION('',(1.,0.,0.));
#1714=DIRECTION('',(0.382683432365091,-0.923879532511286,0.));
#1715=DIRECTION('',(0.,0.,1.));
#1716=DIRECTION('',(1.,0.,0.));
#1717=DIRECTION('',(0.,0.,1.));
#1718=DIRECTION('',(1.,0.,0.));
#1719=DIRECTION('',(0.382683432365091,-0.923879532511286,0.));
#1720=DIRECTION('',(0.,0.,1.));
#1721=DIRECTION('',(1.,0.,0.));
#1722=DIRECTION('',(0.382683432365091,0.923879532511287,0.));
#1723=DIRECTION('',(-0.92331673006247,0.382450311957854,0.0348994967025009));
#1724=DIRECTION('',(0.0322429306983858,-0.0133554591859272,0.999390827019096));
#1725=DIRECTION('',(0.,0.,-1.));
#1726=DIRECTION('',(1.,0.,0.));
#1727=DIRECTION('',(0.92331673006247,0.382450311957854,0.0348994967025009));
#1728=DIRECTION('',(-0.0322429306983858,-0.0133554591859272,0.999390827019096));
#1729=DIRECTION('',(0.,0.,1.));
#1730=DIRECTION('',(1.,0.,0.));
#1731=DIRECTION('',(-0.382683432365089,-0.923879532511287,0.));
#1732=DIRECTION('',(0.923879532511287,-0.382683432365089,0.));
#1733=DIRECTION('',(-0.923879532511287,0.382683432365089,0.));
#1734=DIRECTION('',(-0.923879532511287,-0.38268343236509,0.));
#1735=DIRECTION('',(0.38268343236509,-0.923879532511287,0.));
#1736=DIRECTION('',(-0.38268343236509,0.923879532511287,0.));
#1737=DIRECTION('',(0.,0.,1.));
#1738=DIRECTION('',(0.707106781186547,0.707106781186548,0.));
#1739=DIRECTION('',(0.923879532511287,-0.382683432365089,0.));
#1740=DIRECTION('',(0.,0.,1.));
#1741=DIRECTION('',(1.,0.,0.));
#1742=DIRECTION('',(-0.38268343236509,0.923879532511287,0.));
#1743=DIRECTION('',(0.,0.,1.));
#1744=DIRECTION('',(1.,0.,0.));
#1745=DIRECTION('',(0.,0.,1.));
#1746=DIRECTION('',(0.707106781186547,0.707106781186548,0.));
#1747=DIRECTION('',(0.,0.,1.));
#1748=DIRECTION('',(1.,0.,0.));
#1749=DIRECTION('',(-0.38268343236509,0.923879532511287,0.));
#1750=DIRECTION('',(0.,0.,1.));
#1751=DIRECTION('',(1.,0.,0.));
#1752=DIRECTION('',(0.923879532511287,-0.382683432365089,0.));
#1753=DIRECTION('',(-0.923316730062471,-0.382450311957853,-0.0348994967025009));
#1754=DIRECTION('',(0.0322429306983858,0.0133554591859272,-0.999390827019096));
#1755=DIRECTION('',(0.,0.,1.));
#1756=DIRECTION('',(1.,0.,0.));
#1757=DIRECTION('',(0.382450311957853,0.923316730062471,-0.0348994967025009));
#1758=DIRECTION('',(-0.0133554591859272,-0.0322429306983858,-0.999390827019096));
#1759=DIRECTION('',(0.,0.,-1.));
#1760=DIRECTION('',(1.,0.,0.));
#1761=DIRECTION('',(-0.382683432365091,0.923879532511286,0.));
#1762=DIRECTION('',(-0.923879532511287,-0.382683432365091,0.));
#1763=DIRECTION('',(0.923879532511287,0.382683432365091,0.));
#1764=DIRECTION('',(0.382683432365091,0.923879532511286,0.));
#1765=DIRECTION('',(-0.923879532511287,0.382683432365091,0.));
#1766=DIRECTION('',(0.923879532511287,-0.382683432365091,0.));
#1767=DIRECTION('',(0.,0.,1.));
#1768=DIRECTION('',(6.12323399573677E-17,-1.,0.));
#1769=DIRECTION('',(0.,0.,1.));
#1770=DIRECTION('',(6.12323399573677E-17,-1.,0.));
#1771=DIRECTION('',(0.923879532511287,-0.382683432365091,0.));
#1772=DIRECTION('',(0.,0.,1.));
#1773=DIRECTION('',(6.12323399573677E-17,-1.,0.));
#1774=DIRECTION('',(-0.923879532511286,-0.382683432365091,0.));
#1775=DIRECTION('',(0.,0.,1.));
#1776=DIRECTION('',(6.12323399573677E-17,-1.,0.));
#1777=DIRECTION('',(0.,0.,1.));
#1778=DIRECTION('',(6.12323399573677E-17,-1.,0.));
#1779=DIRECTION('',(-0.923879532511286,-0.382683432365091,0.));
#1780=DIRECTION('',(0.,0.,1.));
#1781=DIRECTION('',(6.12323399573677E-17,-1.,0.));
#1782=DIRECTION('',(0.923879532511287,-0.382683432365091,0.));
#1783=DIRECTION('',(0.382450311957854,0.92331673006247,0.0348994967025009));
#1784=DIRECTION('',(-0.0133554591859272,-0.0322429306983858,0.999390827019096));
#1785=DIRECTION('',(0.,0.,-1.));
#1786=DIRECTION('',(6.12323399573677E-17,-1.,0.));
#1787=DIRECTION('',(0.382450311957854,-0.92331673006247,0.0348994967025009));
#1788=DIRECTION('',(-0.0133554591859272,0.0322429306983858,0.999390827019096));
#1789=DIRECTION('',(0.,0.,1.));
#1790=DIRECTION('',(6.12323399573677E-17,-1.,0.));
#1791=DIRECTION('',(-0.923879532511287,0.382683432365089,0.));
#1792=DIRECTION('',(-0.382683432365089,-0.923879532511287,0.));
#1793=DIRECTION('',(0.382683432365089,0.923879532511287,0.));
#1794=DIRECTION('',(-0.38268343236509,0.923879532511287,0.));
#1795=DIRECTION('',(-0.923879532511287,-0.38268343236509,0.));
#1796=DIRECTION('',(0.923879532511287,0.38268343236509,0.));
#1797=DIRECTION('',(0.,0.,1.));
#1798=DIRECTION('',(0.707106781186548,-0.707106781186547,0.));
#1799=DIRECTION('',(-0.382683432365089,-0.923879532511287,0.));
#1800=DIRECTION('',(0.,0.,1.));
#1801=DIRECTION('',(6.12323399573677E-17,-1.,0.));
#1802=DIRECTION('',(0.923879532511287,0.38268343236509,0.));
#1803=DIRECTION('',(0.,0.,1.));
#1804=DIRECTION('',(6.12323399573677E-17,-1.,0.));
#1805=DIRECTION('',(0.,0.,1.));
#1806=DIRECTION('',(0.707106781186548,-0.707106781186547,0.));
#1807=DIRECTION('',(0.,0.,1.));
#1808=DIRECTION('',(6.12323399573677E-17,-1.,0.));
#1809=DIRECTION('',(0.923879532511287,0.38268343236509,0.));
#1810=DIRECTION('',(0.,0.,1.));
#1811=DIRECTION('',(6.12323399573677E-17,-1.,0.));
#1812=DIRECTION('',(-0.382683432365089,-0.923879532511287,0.));
#1813=DIRECTION('',(-0.382450311957853,0.923316730062471,-0.0348994967025009));
#1814=DIRECTION('',(0.0133554591859272,-0.0322429306983858,-0.999390827019096));
#1815=DIRECTION('',(0.,0.,1.));
#1816=DIRECTION('',(6.12323399573677E-17,-1.,0.));
#1817=DIRECTION('',(0.923316730062471,-0.382450311957853,-0.0348994967025009));
#1818=DIRECTION('',(-0.0322429306983858,0.0133554591859272,-0.999390827019096));
#1819=DIRECTION('',(0.,0.,-1.));
#1820=DIRECTION('',(6.12323399573677E-17,-1.,0.));
#1821=DIRECTION('',(0.923879532511286,0.382683432365091,0.));
#1822=DIRECTION('',(-0.382683432365091,0.923879532511287,0.));
#1823=DIRECTION('',(0.382683432365091,-0.923879532511287,0.));
#1824=DIRECTION('',(0.923879532511286,-0.38268343236509,0.));
#1825=DIRECTION('',(0.382683432365091,0.923879532511287,0.));
#1826=DIRECTION('',(-0.382683432365091,-0.923879532511287,0.));
#1827=DIRECTION('',(0.,0.,1.));
#1828=DIRECTION('',(-1.,-1.22464679914735E-16,0.));
#1829=DIRECTION('',(0.,0.,1.));
#1830=DIRECTION('',(-1.,-1.22464679914735E-16,0.));
#1831=DIRECTION('',(-0.382683432365091,-0.923879532511287,0.));
#1832=DIRECTION('',(0.,0.,1.));
#1833=DIRECTION('',(-1.,-1.22464679914735E-16,0.));
#1834=DIRECTION('',(-0.382683432365091,0.923879532511286,0.));
#1835=DIRECTION('',(0.,0.,1.));
#1836=DIRECTION('',(-1.,-1.22464679914735E-16,0.));
#1837=DIRECTION('',(0.,0.,1.));
#1838=DIRECTION('',(-1.,-1.22464679914735E-16,0.));
#1839=DIRECTION('',(-0.382683432365091,0.923879532511286,0.));
#1840=DIRECTION('',(0.,0.,1.));
#1841=DIRECTION('',(-1.,-1.22464679914735E-16,0.));
#1842=DIRECTION('',(-0.382683432365091,-0.923879532511287,0.));
#1843=DIRECTION('',(0.92331673006247,-0.382450311957854,0.0348994967025009));
#1844=DIRECTION('',(-0.0322429306983858,0.0133554591859272,0.999390827019096));
#1845=DIRECTION('',(0.,0.,-1.));
#1846=DIRECTION('',(-1.,-1.22464679914735E-16,0.));
#1847=DIRECTION('',(-0.92331673006247,-0.382450311957854,0.0348994967025009));
#1848=DIRECTION('',(0.0322429306983858,0.0133554591859272,0.999390827019096));
#1849=DIRECTION('',(0.,0.,1.));
#1850=DIRECTION('',(-1.,-1.22464679914735E-16,0.));
#1851=DIRECTION('',(0.382683432365089,0.923879532511287,0.));
#1852=DIRECTION('',(-0.923879532511287,0.382683432365089,0.));
#1853=DIRECTION('',(0.923879532511287,-0.382683432365089,0.));
#1854=DIRECTION('',(0.923879532511287,0.38268343236509,0.));
#1855=DIRECTION('',(-0.38268343236509,0.923879532511287,0.));
#1856=DIRECTION('',(0.38268343236509,-0.923879532511287,0.));
#1857=DIRECTION('',(0.,0.,1.));
#1858=DIRECTION('',(-0.707106781186547,-0.707106781186548,0.));
#1859=DIRECTION('',(-0.923879532511287,0.382683432365089,0.));
#1860=DIRECTION('',(0.,0.,1.));
#1861=DIRECTION('',(-1.,-1.22464679914735E-16,0.));
#1862=DIRECTION('',(0.38268343236509,-0.923879532511287,0.));
#1863=DIRECTION('',(0.,0.,1.));
#1864=DIRECTION('',(-1.,-1.22464679914735E-16,0.));
#1865=DIRECTION('',(0.,0.,1.));
#1866=DIRECTION('',(-0.707106781186547,-0.707106781186548,0.));
#1867=DIRECTION('',(0.,0.,1.));
#1868=DIRECTION('',(-1.,-1.22464679914735E-16,0.));
#1869=DIRECTION('',(0.38268343236509,-0.923879532511287,0.));
#1870=DIRECTION('',(0.,0.,1.));
#1871=DIRECTION('',(-1.,-1.22464679914735E-16,0.));
#1872=DIRECTION('',(-0.923879532511287,0.382683432365089,0.));
#1873=DIRECTION('',(0.923316730062471,0.382450311957853,-0.0348994967025009));
#1874=DIRECTION('',(-0.0322429306983858,-0.0133554591859272,-0.999390827019096));
#1875=DIRECTION('',(0.,0.,1.));
#1876=DIRECTION('',(-1.,-1.22464679914735E-16,0.));
#1877=DIRECTION('',(-0.382450311957853,-0.923316730062471,-0.0348994967025009));
#1878=DIRECTION('',(0.0133554591859272,0.0322429306983858,-0.999390827019096));
#1879=DIRECTION('',(0.,0.,-1.));
#1880=DIRECTION('',(-1.,-1.22464679914735E-16,0.));
#1881=DIRECTION('',(0.382683432365091,-0.923879532511286,0.));
#1882=DIRECTION('',(0.923879532511286,0.382683432365091,0.));
#1883=DIRECTION('',(-0.923879532511286,-0.382683432365091,0.));
#1884=DIRECTION('',(-0.38268343236509,-0.923879532511287,0.));
#1885=DIRECTION('',(0.923879532511287,-0.382683432365091,0.));
#1886=DIRECTION('',(-0.923879532511287,0.38268343236509,0.));
#1887=DIRECTION('',(0.,0.,1.));
#1888=DIRECTION('',(-1.83697019872103E-16,1.,0.));
#1889=DIRECTION('',(0.,0.,1.));
#1890=DIRECTION('',(-1.83697019872103E-16,1.,0.));
#1891=DIRECTION('',(-0.923879532511287,0.382683432365091,0.));
#1892=DIRECTION('',(0.,0.,1.));
#1893=DIRECTION('',(-1.83697019872103E-16,1.,0.));
#1894=DIRECTION('',(0.923879532511286,0.382683432365091,0.));
#1895=DIRECTION('',(0.,0.,1.));
#1896=DIRECTION('',(-1.83697019872103E-16,1.,0.));
#1897=DIRECTION('',(0.,0.,1.));
#1898=DIRECTION('',(-1.83697019872103E-16,1.,0.));
#1899=DIRECTION('',(0.923879532511286,0.382683432365091,0.));
#1900=DIRECTION('',(0.,0.,1.));
#1901=DIRECTION('',(-1.83697019872103E-16,1.,0.));
#1902=DIRECTION('',(-0.923879532511287,0.382683432365091,0.));
#1903=DIRECTION('',(-0.382450311957854,-0.92331673006247,0.0348994967025009));
#1904=DIRECTION('',(0.0133554591859272,0.0322429306983858,0.999390827019096));
#1905=DIRECTION('',(0.,0.,-1.));
#1906=DIRECTION('',(-1.83697019872103E-16,1.,0.));
#1907=DIRECTION('',(-0.382450311957855,0.92331673006247,0.0348994967025009));
#1908=DIRECTION('',(0.0133554591859272,-0.0322429306983858,0.999390827019096));
#1909=DIRECTION('',(0.,0.,1.));
#1910=DIRECTION('',(-1.83697019872103E-16,1.,0.));
#1911=DIRECTION('',(0.923879532511287,-0.382683432365089,0.));
#1912=DIRECTION('',(0.382683432365089,0.923879532511287,0.));
#1913=DIRECTION('',(-0.382683432365089,-0.923879532511287,0.));
#1914=DIRECTION('',(0.38268343236509,-0.923879532511287,0.));
#1915=DIRECTION('',(0.923879532511287,0.38268343236509,0.));
#1916=DIRECTION('',(-0.923879532511287,-0.38268343236509,0.));
#1917=DIRECTION('',(0.,0.,1.));
#1918=DIRECTION('',(-0.707106781186548,0.707106781186547,0.));
#1919=DIRECTION('',(0.382683432365089,0.923879532511287,0.));
#1920=DIRECTION('',(0.,0.,1.));
#1921=DIRECTION('',(-1.83697019872103E-16,1.,0.));
#1922=DIRECTION('',(-0.923879532511287,-0.38268343236509,0.));
#1923=DIRECTION('',(0.,0.,1.));
#1924=DIRECTION('',(-1.83697019872103E-16,1.,0.));
#1925=DIRECTION('',(0.,0.,1.));
#1926=DIRECTION('',(-0.707106781186548,0.707106781186547,0.));
#1927=DIRECTION('',(0.,0.,1.));
#1928=DIRECTION('',(-1.83697019872103E-16,1.,0.));
#1929=DIRECTION('',(-0.923879532511287,-0.38268343236509,0.));
#1930=DIRECTION('',(0.,0.,1.));
#1931=DIRECTION('',(-1.83697019872103E-16,1.,0.));
#1932=DIRECTION('',(0.382683432365089,0.923879532511287,0.));
#1933=DIRECTION('',(0.382450311957853,-0.923316730062471,-0.0348994967025009));
#1934=DIRECTION('',(-0.0133554591859272,0.0322429306983858,-0.999390827019096));
#1935=DIRECTION('',(0.,0.,1.));
#1936=DIRECTION('',(-1.83697019872103E-16,1.,0.));
#1937=DIRECTION('',(-0.923316730062471,0.382450311957852,-0.0348994967025009));
#1938=DIRECTION('',(0.0322429306983858,-0.0133554591859272,-0.999390827019096));
#1939=DIRECTION('',(0.,0.,-1.));
#1940=DIRECTION('',(-1.83697019872103E-16,1.,0.));
#1941=CARTESIAN_POINT('',(0.,0.,0.));
#1942=CARTESIAN_POINT('',(0.,6.12323399573677E-18,0.0525));
#1943=CARTESIAN_POINT('',(0.,6.12323399573677E-18,0.));
#1944=CARTESIAN_POINT('',(0.1,6.12323399573677E-18,0.));
#1945=CARTESIAN_POINT('',(0.,6.12323399573677E-18,0.0025));
#1946=CARTESIAN_POINT('',(0.1,6.12323399573677E-18,0.0025));
#1947=CARTESIAN_POINT('',(0.,6.12323399573677E-18,0.0525));
#1948=CARTESIAN_POINT('',(0.,6.12323399573677E-18,0.05));
#1949=CARTESIAN_POINT('',(0.1,6.12323399573677E-18,0.05));
#1950=CARTESIAN_POINT('',(0.,6.12323399573677E-18,0.0525));
#1951=CARTESIAN_POINT('',(0.1,6.12323399573677E-18,0.0525));
#1952=CARTESIAN_POINT('',(0.,3.09223316784706E-18,0.0525));
#1953=CARTESIAN_POINT('',(-0.019325513334437,0.04665591639182,0.052502));
#1954=CARTESIAN_POINT('',(-0.019325513334437,0.04665591639182,0.015));
#1955=CARTESIAN_POINT('',(-0.019325513334437,0.04665591639182,0.));
#1956=CARTESIAN_POINT('',(1.04083408558608E-17,3.46944695195361E-18,0.015));
#1957=CARTESIAN_POINT('',(0.019325513334437,0.04665591639182,0.015));
#1958=CARTESIAN_POINT('',(0.019325513334437,0.04665591639182,0.052502));
#1959=CARTESIAN_POINT('',(0.019325513334437,0.04665591639182,0.));
#1960=CARTESIAN_POINT('',(0.,3.09223316784706E-18,0.));
#1961=CARTESIAN_POINT('',(0.04665591639182,0.0193255133344371,0.));
#1962=CARTESIAN_POINT('',(0.04665591639182,0.0193255133344371,0.052502));
#1963=CARTESIAN_POINT('',(0.04665591639182,0.0193255133344371,0.015));
#1964=CARTESIAN_POINT('',(3.46944695195361E-18,-1.04083408558608E-17,0.015));
#1965=CARTESIAN_POINT('',(0.04665591639182,-0.019325513334437,0.015));
#1966=CARTESIAN_POINT('',(0.04665591639182,-0.019325513334437,0.052502));
#1967=CARTESIAN_POINT('',(0.04665591639182,-0.019325513334437,0.));
#1968=CARTESIAN_POINT('',(0.,3.09223316784706E-18,0.));
#1969=CARTESIAN_POINT('',(0.0193255133344371,-0.04665591639182,0.));
#1970=CARTESIAN_POINT('',(0.0193255133344371,-0.04665591639182,0.052502));
#1971=CARTESIAN_POINT('',(0.0193255133344371,-0.04665591639182,0.015));
#1972=CARTESIAN_POINT('',(-1.04083408558608E-17,-3.46944695195361E-18,0.015));
#1973=CARTESIAN_POINT('',(-0.019325513334437,-0.04665591639182,0.015));
#1974=CARTESIAN_POINT('',(-0.019325513334437,-0.04665591639182,0.052502));
#1975=CARTESIAN_POINT('',(-0.019325513334437,-0.04665591639182,0.));
#1976=CARTESIAN_POINT('',(0.,3.09223316784706E-18,0.));
#1977=CARTESIAN_POINT('',(-0.04665591639182,-0.0193255133344371,0.));
#1978=CARTESIAN_POINT('',(-0.04665591639182,-0.0193255133344371,0.052502));
#1979=CARTESIAN_POINT('',(-0.04665591639182,-0.0193255133344371,0.015));
#1980=CARTESIAN_POINT('',(-3.46944695195361E-18,1.04083408558608E-17,0.015));
#1981=CARTESIAN_POINT('',(-0.04665591639182,0.019325513334437,0.015));
#1982=CARTESIAN_POINT('',(-0.04665591639182,0.019325513334437,0.052502));
#1983=CARTESIAN_POINT('',(-0.04665591639182,0.019325513334437,0.));
#1984=CARTESIAN_POINT('',(0.,3.09223316784706E-18,0.));
#1985=CARTESIAN_POINT('',(-0.04665591639182,0.019325513334437,0.052502));
#1986=CARTESIAN_POINT('',(-0.04665591639182,0.019325513334437,0.0525));
#1987=CARTESIAN_POINT('',(-0.04665591639182,0.019325513334437,0.0375));
#1988=CARTESIAN_POINT('',(0.,3.09223316784706E-18,0.0525));
#1989=CARTESIAN_POINT('',(-0.04665591639182,-0.019325513334437,0.0525));
#1990=CARTESIAN_POINT('',(-0.04665591639182,-0.019325513334437,0.052502));
#1991=CARTESIAN_POINT('',(-0.04665591639182,-0.019325513334437,0.0375));
#1992=CARTESIAN_POINT('',(-9.8130778667736E-18,4.90653893338679E-18,0.0375));
#1993=CARTESIAN_POINT('',(-0.0193255133344369,-0.04665591639182,0.0375));
#1994=CARTESIAN_POINT('',(-0.019325513334437,-0.04665591639182,0.052502));
#1995=CARTESIAN_POINT('',(-0.019325513334437,-0.04665591639182,0.0525));
#1996=CARTESIAN_POINT('',(0.,3.09223316784706E-18,0.0525));
#1997=CARTESIAN_POINT('',(0.019325513334437,-0.04665591639182,0.0525));
#1998=CARTESIAN_POINT('',(0.019325513334437,-0.04665591639182,0.052502));
#1999=CARTESIAN_POINT('',(0.019325513334437,-0.04665591639182,0.0375));
#2000=CARTESIAN_POINT('',(-4.90653893338679E-18,-9.81307786677359E-18,0.0375));
#2001=CARTESIAN_POINT('',(0.04665591639182,-0.019325513334437,0.0375));
#2002=CARTESIAN_POINT('',(0.04665591639182,-0.019325513334437,0.052502));
#2003=CARTESIAN_POINT('',(0.04665591639182,-0.019325513334437,0.0525));
#2004=CARTESIAN_POINT('',(0.,3.09223316784706E-18,0.0525));
#2005=CARTESIAN_POINT('',(0.04665591639182,0.019325513334437,0.0525));
#2006=CARTESIAN_POINT('',(0.04665591639182,0.019325513334437,0.052502));
#2007=CARTESIAN_POINT('',(0.04665591639182,0.019325513334437,0.0375));
#2008=CARTESIAN_POINT('',(9.81307786677359E-18,-4.90653893338679E-18,0.0375));
#2009=CARTESIAN_POINT('',(0.019325513334437,0.04665591639182,0.0375));
#2010=CARTESIAN_POINT('',(0.019325513334437,0.04665591639182,0.052502));
#2011=CARTESIAN_POINT('',(0.019325513334437,0.04665591639182,0.0525));
#2012=CARTESIAN_POINT('',(0.,3.09223316784706E-18,0.0525));
#2013=CARTESIAN_POINT('',(-0.019325513334437,0.04665591639182,0.0525));
#2014=CARTESIAN_POINT('',(-0.019325513334437,0.04665591639182,0.052502));
#2015=CARTESIAN_POINT('',(-0.019325513334437,0.04665591639182,0.0375));
#2016=CARTESIAN_POINT('',(4.90653893338679E-18,9.81307786677359E-18,0.0375));
#2017=CARTESIAN_POINT('',(0.,0.,0.0525));
#2018=CARTESIAN_POINT('',(-0.0151159955784211,0.0364932415341958,0.0525));
#2019=CARTESIAN_POINT('',(-0.010906477822405,0.0263305666765717,0.0525));
#2020=CARTESIAN_POINT('',(0.015115995578421,0.0364932415341958,0.0525));
#2021=CARTESIAN_POINT('',(0.010906477822405,0.0263305666765717,0.0525));
#2022=CARTESIAN_POINT('',(1.57586556755293E-18,-6.93889390390723E-18,0.0525));
#2023=CARTESIAN_POINT('',(-0.0364932415341958,0.015115995578421,0.0525));
#2024=CARTESIAN_POINT('',(-0.0263305666765717,0.010906477822405,0.0525));
#2025=CARTESIAN_POINT('',(1.57586556755293E-18,-6.93889390390723E-18,0.0525));
#2026=CARTESIAN_POINT('',(-0.0263305666765717,-0.010906477822405,0.0525));
#2027=CARTESIAN_POINT('',(-0.0364932415341958,-0.0151159955784211,0.0525));
#2028=CARTESIAN_POINT('',(0.0151159955784211,-0.0364932415341958,0.0525));
#2029=CARTESIAN_POINT('',(0.0109064778224051,-0.0263305666765717,0.0525));
#2030=CARTESIAN_POINT('',(-0.015115995578421,-0.0364932415341958,0.0525));
#2031=CARTESIAN_POINT('',(-0.010906477822405,-0.0263305666765717,0.0525));
#2032=CARTESIAN_POINT('',(1.57586556755293E-18,-6.93889390390723E-18,0.0525));
#2033=CARTESIAN_POINT('',(0.0364932415341958,0.0151159955784211,0.0525));
#2034=CARTESIAN_POINT('',(0.0263305666765717,0.010906477822405,0.0525));
#2035=CARTESIAN_POINT('',(0.0364932415341958,-0.015115995578421,0.0525));
#2036=CARTESIAN_POINT('',(0.0263305666765717,-0.010906477822405,0.0525));
#2037=CARTESIAN_POINT('',(1.57586556755293E-18,-6.93889390390723E-18,0.0525));
#2038=CARTESIAN_POINT('',(0.,1.62265700887024E-18,0.0525));
#2039=CARTESIAN_POINT('',(0.0265,1.62265700887024E-18,0.0525));
#2040=CARTESIAN_POINT('',(0.,0.,0.));
#2041=CARTESIAN_POINT('',(0.0151159955784211,0.0364932415341958,0.));
#2042=CARTESIAN_POINT('',(0.0109064778224051,0.0263305666765716,0.));
#2043=CARTESIAN_POINT('',(1.57586556755293E-18,-6.93889390390723E-18,0.));
#2044=CARTESIAN_POINT('',(0.0263305666765716,0.0109064778224051,0.));
#2045=CARTESIAN_POINT('',(0.0364932415341958,0.0151159955784211,0.));
#2046=CARTESIAN_POINT('',(0.0364932415341958,-0.0151159955784211,0.));
#2047=CARTESIAN_POINT('',(0.0263305666765716,-0.0109064778224051,0.));
#2048=CARTESIAN_POINT('',(1.57586556755293E-18,-6.93889390390723E-18,0.));
#2049=CARTESIAN_POINT('',(0.0109064778224051,-0.0263305666765716,0.));
#2050=CARTESIAN_POINT('',(0.0151159955784211,-0.0364932415341958,0.));
#2051=CARTESIAN_POINT('',(-0.0151159955784211,-0.0364932415341958,0.));
#2052=CARTESIAN_POINT('',(-0.0109064778224051,-0.0263305666765716,0.));
#2053=CARTESIAN_POINT('',(1.57586556755293E-18,-6.93889390390723E-18,0.));
#2054=CARTESIAN_POINT('',(-0.0263305666765716,-0.0109064778224051,0.));
#2055=CARTESIAN_POINT('',(-0.0364932415341958,-0.0151159955784211,0.));
#2056=CARTESIAN_POINT('',(-0.0151159955784211,0.0364932415341958,0.));
#2057=CARTESIAN_POINT('',(-0.0109064778224051,0.0263305666765716,0.));
#2058=CARTESIAN_POINT('',(-0.0364932415341958,0.0151159955784211,0.));
#2059=CARTESIAN_POINT('',(-0.0263305666765716,0.0109064778224051,0.));
#2060=CARTESIAN_POINT('',(1.57586556755293E-18,-6.93889390390723E-18,0.));
#2061=CARTESIAN_POINT('',(0.,1.62265700887024E-18,0.));
#2062=CARTESIAN_POINT('',(0.0265,1.62265700887024E-18,0.));
#2063=CARTESIAN_POINT('',(0.,3.24531401774048E-18,0.05));
#2064=CARTESIAN_POINT('',(0.,3.24531401774048E-18,0.05));
#2065=CARTESIAN_POINT('',(0.053,3.24531401774048E-18,0.05));
#2066=CARTESIAN_POINT('',(0.,3.24531401774048E-18,0.0025));
#2067=CARTESIAN_POINT('',(0.053,3.24531401774048E-18,0.0025));
#2068=CARTESIAN_POINT('',(0.,0.,0.05));
#2069=CARTESIAN_POINT('',(0.,0.,0.0025));
#2070=CARTESIAN_POINT('',(1.57586556755293E-18,-6.93889390390723E-18,0.052502));
#2071=CARTESIAN_POINT('',(-0.0263305666765716,0.0109064778224051,0.052502));
#2072=CARTESIAN_POINT('',(-0.0263305666765716,0.0109064778224051,0.015));
#2073=CARTESIAN_POINT('',(2.25514051876985E-17,-1.7347234759768E-18,0.015));
#2074=CARTESIAN_POINT('',(-0.0263305666765716,-0.0109064778224051,0.015));
#2075=CARTESIAN_POINT('',(-0.0263305666765716,-0.0109064778224051,0.052502));
#2076=CARTESIAN_POINT('',(-0.0109064778224051,-0.0263305666765716,0.052502));
#2077=CARTESIAN_POINT('',(-0.0109064778224051,-0.0263305666765716,0.015));
#2078=CARTESIAN_POINT('',(1.7347234759768E-18,2.25514051876985E-17,0.015));
#2079=CARTESIAN_POINT('',(0.0109064778224051,-0.0263305666765716,0.015));
#2080=CARTESIAN_POINT('',(0.0109064778224051,-0.0263305666765716,0.052502));
#2081=CARTESIAN_POINT('',(0.0263305666765716,-0.0109064778224051,0.052502));
#2082=CARTESIAN_POINT('',(0.0263305666765716,-0.0109064778224051,0.015));
#2083=CARTESIAN_POINT('',(-2.25514051876985E-17,1.7347234759768E-18,0.015));
#2084=CARTESIAN_POINT('',(0.0263305666765716,0.0109064778224051,0.015));
#2085=CARTESIAN_POINT('',(0.0263305666765716,0.0109064778224051,0.052502));
#2086=CARTESIAN_POINT('',(0.0109064778224051,0.0263305666765716,0.052502));
#2087=CARTESIAN_POINT('',(0.0109064778224051,0.0263305666765716,0.015));
#2088=CARTESIAN_POINT('',(-1.7347234759768E-18,-2.25514051876985E-17,0.015));
#2089=CARTESIAN_POINT('',(-0.0109064778224051,0.0263305666765716,0.015));
#2090=CARTESIAN_POINT('',(-0.0109064778224051,0.0263305666765716,0.052502));
#2091=CARTESIAN_POINT('',(-0.0263305666765716,-0.010906477822405,0.052502));
#2092=CARTESIAN_POINT('',(-0.0263305666765717,-0.010906477822405,0.0375));
#2093=CARTESIAN_POINT('',(-0.0263305666765717,0.010906477822405,0.052502));
#2094=CARTESIAN_POINT('',(-0.0263305666765717,0.010906477822405,0.0375));
#2095=CARTESIAN_POINT('',(1.47196168001604E-17,-1.71728862668538E-17,0.0375));
#2096=CARTESIAN_POINT('',(-0.010906477822405,0.0263305666765717,0.0375));
#2097=CARTESIAN_POINT('',(-0.010906477822405,0.0263305666765717,0.052502));
#2098=CARTESIAN_POINT('',(0.010906477822405,0.0263305666765717,0.052502));
#2099=CARTESIAN_POINT('',(0.010906477822405,0.0263305666765717,0.0375));
#2100=CARTESIAN_POINT('',(-1.71728862668538E-17,-1.47196168001604E-17,0.0375));
#2101=CARTESIAN_POINT('',(0.0263305666765717,0.010906477822405,0.0375));
#2102=CARTESIAN_POINT('',(0.0263305666765717,0.010906477822405,0.052502));
#2103=CARTESIAN_POINT('',(0.0263305666765717,-0.010906477822405,0.052502));
#2104=CARTESIAN_POINT('',(0.0263305666765717,-0.010906477822405,0.0375));
#2105=CARTESIAN_POINT('',(-1.47196168001604E-17,1.71728862668538E-17,0.0375));
#2106=CARTESIAN_POINT('',(0.0109064778224051,-0.0263305666765717,0.0375));
#2107=CARTESIAN_POINT('',(0.010906477822405,-0.0263305666765717,0.052502));
#2108=CARTESIAN_POINT('',(-0.010906477822405,-0.0263305666765717,0.052502));
#2109=CARTESIAN_POINT('',(-0.010906477822405,-0.0263305666765717,0.0375));
#2110=CARTESIAN_POINT('',(1.71728862668538E-17,1.47196168001604E-17,0.0375));
#2111=CARTESIAN_POINT('',(0.,1.62265700887024E-18,0.052502));
#2112=CARTESIAN_POINT('',(-0.0151159955784211,0.0364932415341958,0.052502));
#2113=CARTESIAN_POINT('',(-0.0151159955784211,0.0364932415341958,0.015));
#2114=CARTESIAN_POINT('',(0.0151159955784211,0.0364932415341958,0.052502));
#2115=CARTESIAN_POINT('',(0.0151159955784211,0.0364932415341958,0.015));
#2116=CARTESIAN_POINT('',(0.,0.0120805666765717,0.015));
#2117=CARTESIAN_POINT('',(1.04083408558608E-17,3.46944695195361E-18,0.015));
#2118=CARTESIAN_POINT('',(-0.0172961830865429,0.0457966508571299,0.015));
#2119=CARTESIAN_POINT('',(0.0172961830865429,0.04579665085713,0.015));
#2120=CARTESIAN_POINT('',(0.00284277983827608,0.0109030487127169,0.015));
#2121=CARTESIAN_POINT('',(0.0100545407955837,0.0283137798244418,0.015));
#2122=CARTESIAN_POINT('',(-1.7347234759768E-18,-2.25514051876985E-17,0.015));
#2123=CARTESIAN_POINT('',(-0.0100545407955837,0.0283137798244418,0.015));
#2124=CARTESIAN_POINT('',(-0.00284277983827607,0.0109030487127169,0.015));
#2125=CARTESIAN_POINT('',(0.,0.0120805666765717,0.002));
#2126=CARTESIAN_POINT('',(1.04083408558608E-17,3.46944695195361E-18,0.002));
#2127=CARTESIAN_POINT('',(-0.0166965999300828,0.045535409856229,0.002));
#2128=CARTESIAN_POINT('',(0.0166965999300828,0.045535409856229,0.002));
#2129=CARTESIAN_POINT('',(-0.00242336624376747,0.011076775511806,0.002));
#2130=CARTESIAN_POINT('',(-0.00979896459285567,0.0288830450767914,0.002));
#2131=CARTESIAN_POINT('',(-1.7347234759768E-18,-2.25514051876985E-17,0.002));
#2132=CARTESIAN_POINT('',(0.00979896459285566,0.0288830450767914,0.002));
#2133=CARTESIAN_POINT('',(0.00242336624376747,0.011076775511806,0.002));
#2134=CARTESIAN_POINT('',(0.00242336624376747,0.011076775511806,0.002));
#2135=CARTESIAN_POINT('',(0.0100545407955837,0.0283137798244418,0.015));
#2136=CARTESIAN_POINT('',(0.00996973900097957,0.0285044739928811,0.0106667008354116));
#2137=CARTESIAN_POINT('',(0.00988454144936098,0.028694215881161,0.00633336702194552));
#2138=CARTESIAN_POINT('',(0.00979896459285566,0.0288830450767914,0.002));
#2139=CARTESIAN_POINT('',(0.0172961830865429,0.04579665085713,0.015));
#2140=CARTESIAN_POINT('',(0.0170966097305481,0.0457102675387968,0.0106666397596102));
#2141=CARTESIAN_POINT('',(0.0168967514699103,0.0456231939683021,0.00633330616519775));
#2142=CARTESIAN_POINT('',(0.0166965999300828,0.045535409856229,0.002));
#2143=CARTESIAN_POINT('',(-1.7347234759768E-18,-2.25514051876985E-17,0.002));
#2144=CARTESIAN_POINT('',(-0.0100545407955837,0.0283137798244418,0.015));
#2145=CARTESIAN_POINT('',(-0.00996973900097957,0.0285044739928811,0.0106667008354116));
#2146=CARTESIAN_POINT('',(-0.009884541449361,0.028694215881161,0.00633336702194552));
#2147=CARTESIAN_POINT('',(-0.00979896459285567,0.0288830450767914,0.002));
#2148=CARTESIAN_POINT('',(-0.00242336624376747,0.011076775511806,0.002));
#2149=CARTESIAN_POINT('',(-0.0172961830865429,0.04579665085713,0.015));
#2150=CARTESIAN_POINT('',(-0.0170966097305481,0.0457102675387968,0.0106666397596102));
#2151=CARTESIAN_POINT('',(-0.0168967514699103,0.0456231939683021,0.00633330616519775));
#2152=CARTESIAN_POINT('',(-0.0166965999300828,0.045535409856229,0.002));
#2153=CARTESIAN_POINT('',(1.04083408558608E-17,3.46944695195361E-18,0.002));
#2154=CARTESIAN_POINT('',(-0.0364932415341958,0.015115995578421,0.052502));
#2155=CARTESIAN_POINT('',(-0.0364932415341958,0.015115995578421,0.0375));
#2156=CARTESIAN_POINT('',(-0.0151159955784211,0.0364932415341958,0.052502));
#2157=CARTESIAN_POINT('',(-0.0151159955784211,0.0364932415341958,0.0375));
#2158=CARTESIAN_POINT('',(0.,0.,0.0375));
#2159=CARTESIAN_POINT('',(0.000591640065641061,0.00142834547051396,0.0375));
#2160=CARTESIAN_POINT('',(-0.0271304996931597,0.0129112317366116,0.0375));
#2161=CARTESIAN_POINT('',(-0.0446133707258479,0.0201528740275707,0.0375));
#2162=CARTESIAN_POINT('',(1.47196168001604E-17,-1.71728862668538E-17,0.0375));
#2163=CARTESIAN_POINT('',(-0.0129112317366116,0.0271304996931597,0.0375));
#2164=CARTESIAN_POINT('',(-0.00142834547051396,-0.00059164006564106,0.0375));
#2165=CARTESIAN_POINT('',(-0.0201528740275707,0.0446133707258479,0.0375));
#2166=CARTESIAN_POINT('',(4.90653893338679E-18,9.81307786677359E-18,0.0375));
#2167=CARTESIAN_POINT('',(0.,0.,0.0505));
#2168=CARTESIAN_POINT('',(4.90653893338679E-18,9.81307786677359E-18,0.0505));
#2169=CARTESIAN_POINT('',(-0.0440046761267687,0.0203921180601279,0.0505));
#2170=CARTESIAN_POINT('',(-0.0203921180601279,0.0440046761267687,0.0505));
#2171=CARTESIAN_POINT('',(-0.00184775906502257,-0.000765366864730178,0.0505));
#2172=CARTESIAN_POINT('',(-0.0134944827229008,0.027352311347331,0.0505));
#2173=CARTESIAN_POINT('',(1.47196168001604E-17,-1.71728862668538E-17,0.0505));
#2174=CARTESIAN_POINT('',(-0.027352311347331,0.0134944827229008,0.0505));
#2175=CARTESIAN_POINT('',(0.000765366864730179,0.00184775906502258,0.0505));
#2176=CARTESIAN_POINT('',(-0.00184775906502257,-0.000765366864730178,0.0505));
#2177=CARTESIAN_POINT('',(-0.0134944827229008,0.027352311347331,0.0505));
#2178=CARTESIAN_POINT('',(-0.013300448342637,0.0272793009181623,0.0461666329780545));
#2179=CARTESIAN_POINT('',(-0.0131060368002692,0.0272053769087745,0.0418332991645884));
#2180=CARTESIAN_POINT('',(-0.0129112317366116,0.0271304996931597,0.0375));
#2181=CARTESIAN_POINT('',(-0.0203921180601279,0.0440046761267687,0.0505));
#2182=CARTESIAN_POINT('',(-0.0203126622899782,0.044208277378773,0.0461666938348022));
#2183=CARTESIAN_POINT('',(-0.0202329114707641,0.044411168822305,0.0418333602403898));
#2184=CARTESIAN_POINT('',(-0.0201528740275708,0.0446133707258479,0.0375));
#2185=CARTESIAN_POINT('',(1.47196168001604E-17,-1.71728862668538E-17,0.0505));
#2186=CARTESIAN_POINT('',(-0.027352311347331,0.0134944827229008,0.0505));
#2187=CARTESIAN_POINT('',(-0.0272793009181623,0.013300448342637,0.0461666329780545));
#2188=CARTESIAN_POINT('',(-0.0272053769087745,0.0131060368002692,0.0418332991645884));
#2189=CARTESIAN_POINT('',(-0.0271304996931597,0.0129112317366116,0.0375));
#2190=CARTESIAN_POINT('',(0.000765366864730179,0.00184775906502258,0.0505));
#2191=CARTESIAN_POINT('',(-0.0440046761267687,0.0203921180601279,0.0505));
#2192=CARTESIAN_POINT('',(-0.044208277378773,0.0203126622899782,0.0461666938348022));
#2193=CARTESIAN_POINT('',(-0.044411168822305,0.020232911470764,0.0418333602403898));
#2194=CARTESIAN_POINT('',(-0.0446133707258479,0.0201528740275707,0.0375));
#2195=CARTESIAN_POINT('',(4.90653893338679E-18,9.81307786677359E-18,0.0505));
#2196=CARTESIAN_POINT('',(0.0364932415341958,0.0151159955784211,0.052502));
#2197=CARTESIAN_POINT('',(0.0364932415341958,0.0151159955784211,0.015));
#2198=CARTESIAN_POINT('',(0.0364932415341958,-0.0151159955784211,0.052502));
#2199=CARTESIAN_POINT('',(0.0364932415341958,-0.0151159955784211,0.015));
#2200=CARTESIAN_POINT('',(0.0120805666765717,7.39721365617484E-19,0.015));
#2201=CARTESIAN_POINT('',(3.46944695195361E-18,-1.04083408558608E-17,0.015));
#2202=CARTESIAN_POINT('',(0.0457966508571299,0.0172961830865429,0.015));
#2203=CARTESIAN_POINT('',(0.04579665085713,-0.0172961830865429,0.015));
#2204=CARTESIAN_POINT('',(0.0109030487127169,-0.00284277983827608,0.015));
#2205=CARTESIAN_POINT('',(0.0283137798244418,-0.0100545407955837,0.015));
#2206=CARTESIAN_POINT('',(-2.25514051876985E-17,1.7347234759768E-18,0.015));
#2207=CARTESIAN_POINT('',(0.0283137798244418,0.0100545407955837,0.015));
#2208=CARTESIAN_POINT('',(0.0109030487127169,0.00284277983827608,0.015));
#2209=CARTESIAN_POINT('',(0.0120805666765717,7.39721365617484E-19,0.002));
#2210=CARTESIAN_POINT('',(3.46944695195361E-18,-1.04083408558608E-17,0.002));
#2211=CARTESIAN_POINT('',(0.045535409856229,0.0166965999300828,0.002));
#2212=CARTESIAN_POINT('',(0.045535409856229,-0.0166965999300828,0.002));
#2213=CARTESIAN_POINT('',(0.011076775511806,0.00242336624376747,0.002));
#2214=CARTESIAN_POINT('',(0.0288830450767914,0.00979896459285567,0.002));
#2215=CARTESIAN_POINT('',(-2.25514051876985E-17,1.7347234759768E-18,0.002));
#2216=CARTESIAN_POINT('',(0.0288830450767914,-0.00979896459285566,0.002));
#2217=CARTESIAN_POINT('',(0.011076775511806,-0.00242336624376747,0.002));
#2218=CARTESIAN_POINT('',(0.011076775511806,-0.00242336624376747,0.002));
#2219=CARTESIAN_POINT('',(0.0283137798244418,-0.0100545407955837,0.015));
#2220=CARTESIAN_POINT('',(0.0285044739928811,-0.00996973900097957,0.0106667008354116));
#2221=CARTESIAN_POINT('',(0.028694215881161,-0.00988454144936098,0.00633336702194552));
#2222=CARTESIAN_POINT('',(0.0288830450767914,-0.00979896459285566,0.002));
#2223=CARTESIAN_POINT('',(0.04579665085713,-0.0172961830865429,0.015));
#2224=CARTESIAN_POINT('',(0.0457102675387968,-0.0170966097305481,0.0106666397596102));
#2225=CARTESIAN_POINT('',(0.0456231939683021,-0.0168967514699103,0.00633330616519775));
#2226=CARTESIAN_POINT('',(0.045535409856229,-0.0166965999300828,0.002));
#2227=CARTESIAN_POINT('',(-2.25514051876985E-17,1.7347234759768E-18,0.002));
#2228=CARTESIAN_POINT('',(0.0283137798244418,0.0100545407955837,0.015));
#2229=CARTESIAN_POINT('',(0.0285044739928811,0.00996973900097957,0.0106667008354116));
#2230=CARTESIAN_POINT('',(0.028694215881161,0.009884541449361,0.00633336702194552));
#2231=CARTESIAN_POINT('',(0.0288830450767914,0.00979896459285567,0.002));
#2232=CARTESIAN_POINT('',(0.011076775511806,0.00242336624376747,0.002));
#2233=CARTESIAN_POINT('',(0.04579665085713,0.0172961830865429,0.015));
#2234=CARTESIAN_POINT('',(0.0457102675387968,0.0170966097305481,0.0106666397596102));
#2235=CARTESIAN_POINT('',(0.0456231939683021,0.0168967514699103,0.00633330616519775));
#2236=CARTESIAN_POINT('',(0.045535409856229,0.0166965999300828,0.002));
#2237=CARTESIAN_POINT('',(3.46944695195361E-18,-1.04083408558608E-17,0.002));
#2238=CARTESIAN_POINT('',(0.015115995578421,0.0364932415341958,0.052502));
#2239=CARTESIAN_POINT('',(0.015115995578421,0.0364932415341958,0.0375));
#2240=CARTESIAN_POINT('',(0.0364932415341958,0.0151159955784211,0.052502));
#2241=CARTESIAN_POINT('',(0.0364932415341958,0.0151159955784211,0.0375));
#2242=CARTESIAN_POINT('',(0.,0.,0.0375));
#2243=CARTESIAN_POINT('',(0.00142834547051396,-0.000591640065641061,0.0375));
#2244=CARTESIAN_POINT('',(0.0129112317366116,0.0271304996931597,0.0375));
#2245=CARTESIAN_POINT('',(0.0201528740275707,0.0446133707258479,0.0375));
#2246=CARTESIAN_POINT('',(-1.71728862668538E-17,-1.47196168001604E-17,0.0375));
#2247=CARTESIAN_POINT('',(0.0271304996931597,0.0129112317366116,0.0375));
#2248=CARTESIAN_POINT('',(-0.00059164006564106,0.00142834547051396,0.0375));
#2249=CARTESIAN_POINT('',(0.0446133707258479,0.0201528740275707,0.0375));
#2250=CARTESIAN_POINT('',(9.81307786677359E-18,-4.90653893338679E-18,0.0375));
#2251=CARTESIAN_POINT('',(0.,0.,0.0505));
#2252=CARTESIAN_POINT('',(9.81307786677359E-18,-4.90653893338679E-18,0.0505));
#2253=CARTESIAN_POINT('',(0.0203921180601279,0.0440046761267687,0.0505));
#2254=CARTESIAN_POINT('',(0.0440046761267687,0.0203921180601279,0.0505));
#2255=CARTESIAN_POINT('',(-0.000765366864730178,0.00184775906502257,0.0505));
#2256=CARTESIAN_POINT('',(0.027352311347331,0.0134944827229008,0.0505));
#2257=CARTESIAN_POINT('',(-1.71728862668538E-17,-1.47196168001604E-17,0.0505));
#2258=CARTESIAN_POINT('',(0.0134944827229008,0.027352311347331,0.0505));
#2259=CARTESIAN_POINT('',(0.00184775906502258,-0.000765366864730178,0.0505));
#2260=CARTESIAN_POINT('',(-0.000765366864730178,0.00184775906502257,0.0505));
#2261=CARTESIAN_POINT('',(0.027352311347331,0.0134944827229008,0.0505));
#2262=CARTESIAN_POINT('',(0.0272793009181623,0.013300448342637,0.0461666329780545));
#2263=CARTESIAN_POINT('',(0.0272053769087745,0.0131060368002692,0.0418332991645884));
#2264=CARTESIAN_POINT('',(0.0271304996931597,0.0129112317366116,0.0375));
#2265=CARTESIAN_POINT('',(0.0440046761267687,0.0203921180601279,0.0505));
#2266=CARTESIAN_POINT('',(0.044208277378773,0.0203126622899782,0.0461666938348022));
#2267=CARTESIAN_POINT('',(0.044411168822305,0.0202329114707641,0.0418333602403898));
#2268=CARTESIAN_POINT('',(0.0446133707258479,0.0201528740275708,0.0375));
#2269=CARTESIAN_POINT('',(-1.71728862668538E-17,-1.47196168001604E-17,0.0505));
#2270=CARTESIAN_POINT('',(0.0134944827229008,0.027352311347331,0.0505));
#2271=CARTESIAN_POINT('',(0.013300448342637,0.0272793009181623,0.0461666329780545));
#2272=CARTESIAN_POINT('',(0.0131060368002692,0.0272053769087745,0.0418332991645884));
#2273=CARTESIAN_POINT('',(0.0129112317366116,0.0271304996931597,0.0375));
#2274=CARTESIAN_POINT('',(0.00184775906502258,-0.000765366864730178,0.0505));
#2275=CARTESIAN_POINT('',(0.0203921180601279,0.0440046761267687,0.0505));
#2276=CARTESIAN_POINT('',(0.0203126622899782,0.044208277378773,0.0461666938348022));
#2277=CARTESIAN_POINT('',(0.020232911470764,0.044411168822305,0.0418333602403898));
#2278=CARTESIAN_POINT('',(0.0201528740275707,0.0446133707258479,0.0375));
#2279=CARTESIAN_POINT('',(9.81307786677359E-18,-4.90653893338679E-18,0.0505));
#2280=CARTESIAN_POINT('',(0.0151159955784211,-0.0364932415341958,0.052502));
#2281=CARTESIAN_POINT('',(0.0151159955784211,-0.0364932415341958,0.015));
#2282=CARTESIAN_POINT('',(-0.0151159955784211,-0.0364932415341958,0.052502));
#2283=CARTESIAN_POINT('',(-0.0151159955784211,-0.0364932415341958,0.015));
#2284=CARTESIAN_POINT('',(1.47944273123497E-18,-0.0120805666765717,0.015));
#2285=CARTESIAN_POINT('',(-1.04083408558608E-17,-3.46944695195361E-18,0.015));
#2286=CARTESIAN_POINT('',(0.0172961830865429,-0.0457966508571299,0.015));
#2287=CARTESIAN_POINT('',(-0.0172961830865429,-0.04579665085713,0.015));
#2288=CARTESIAN_POINT('',(-0.00284277983827607,-0.0109030487127169,0.015));
#2289=CARTESIAN_POINT('',(-0.0100545407955837,-0.0283137798244418,0.015));
#2290=CARTESIAN_POINT('',(1.7347234759768E-18,2.25514051876985E-17,0.015));
#2291=CARTESIAN_POINT('',(0.0100545407955837,-0.0283137798244418,0.015));
#2292=CARTESIAN_POINT('',(0.00284277983827608,-0.0109030487127169,0.015));
#2293=CARTESIAN_POINT('',(1.47944273123497E-18,-0.0120805666765717,0.002));
#2294=CARTESIAN_POINT('',(-1.04083408558608E-17,-3.46944695195361E-18,0.002));
#2295=CARTESIAN_POINT('',(0.0166965999300828,-0.045535409856229,0.002));
#2296=CARTESIAN_POINT('',(-0.0166965999300828,-0.045535409856229,0.002));
#2297=CARTESIAN_POINT('',(0.00242336624376747,-0.011076775511806,0.002));
#2298=CARTESIAN_POINT('',(0.00979896459285567,-0.0288830450767914,0.002));
#2299=CARTESIAN_POINT('',(1.7347234759768E-18,2.25514051876985E-17,0.002));
#2300=CARTESIAN_POINT('',(-0.00979896459285566,-0.0288830450767914,0.002));
#2301=CARTESIAN_POINT('',(-0.00242336624376747,-0.011076775511806,0.002));
#2302=CARTESIAN_POINT('',(-0.00242336624376747,-0.011076775511806,0.002));
#2303=CARTESIAN_POINT('',(-0.0100545407955837,-0.0283137798244418,0.015));
#2304=CARTESIAN_POINT('',(-0.00996973900097957,-0.0285044739928811,0.0106667008354116));
#2305=CARTESIAN_POINT('',(-0.00988454144936098,-0.028694215881161,0.00633336702194552));
#2306=CARTESIAN_POINT('',(-0.00979896459285566,-0.0288830450767914,0.002));
#2307=CARTESIAN_POINT('',(-0.0172961830865429,-0.04579665085713,0.015));
#2308=CARTESIAN_POINT('',(-0.0170966097305481,-0.0457102675387968,0.0106666397596102));
#2309=CARTESIAN_POINT('',(-0.0168967514699103,-0.0456231939683021,0.00633330616519775));
#2310=CARTESIAN_POINT('',(-0.0166965999300828,-0.045535409856229,0.002));
#2311=CARTESIAN_POINT('',(1.7347234759768E-18,2.25514051876985E-17,0.002));
#2312=CARTESIAN_POINT('',(0.0100545407955837,-0.0283137798244418,0.015));
#2313=CARTESIAN_POINT('',(0.00996973900097957,-0.0285044739928811,0.0106667008354116));
#2314=CARTESIAN_POINT('',(0.009884541449361,-0.028694215881161,0.00633336702194552));
#2315=CARTESIAN_POINT('',(0.00979896459285567,-0.0288830450767914,0.002));
#2316=CARTESIAN_POINT('',(0.00242336624376747,-0.011076775511806,0.002));
#2317=CARTESIAN_POINT('',(0.0172961830865429,-0.04579665085713,0.015));
#2318=CARTESIAN_POINT('',(0.0170966097305481,-0.0457102675387968,0.0106666397596102));
#2319=CARTESIAN_POINT('',(0.0168967514699103,-0.0456231939683021,0.00633330616519775));
#2320=CARTESIAN_POINT('',(0.0166965999300828,-0.045535409856229,0.002));
#2321=CARTESIAN_POINT('',(-1.04083408558608E-17,-3.46944695195361E-18,0.002));
#2322=CARTESIAN_POINT('',(0.0364932415341958,-0.015115995578421,0.052502));
#2323=CARTESIAN_POINT('',(0.0364932415341958,-0.015115995578421,0.0375));
#2324=CARTESIAN_POINT('',(0.0151159955784211,-0.0364932415341958,0.052502));
#2325=CARTESIAN_POINT('',(0.0151159955784211,-0.0364932415341958,0.0375));
#2326=CARTESIAN_POINT('',(0.,0.,0.0375));
#2327=CARTESIAN_POINT('',(-0.000591640065641061,-0.00142834547051396,0.0375));
#2328=CARTESIAN_POINT('',(0.0271304996931597,-0.0129112317366116,0.0375));
#2329=CARTESIAN_POINT('',(0.0446133707258479,-0.0201528740275707,0.0375));
#2330=CARTESIAN_POINT('',(-1.47196168001604E-17,1.71728862668538E-17,0.0375));
#2331=CARTESIAN_POINT('',(0.0129112317366116,-0.0271304996931597,0.0375));
#2332=CARTESIAN_POINT('',(0.00142834547051396,0.00059164006564106,0.0375));
#2333=CARTESIAN_POINT('',(0.0201528740275707,-0.0446133707258479,0.0375));
#2334=CARTESIAN_POINT('',(-4.90653893338679E-18,-9.81307786677359E-18,0.0375));
#2335=CARTESIAN_POINT('',(0.,0.,0.0505));
#2336=CARTESIAN_POINT('',(-4.90653893338679E-18,-9.81307786677359E-18,0.0505));
#2337=CARTESIAN_POINT('',(0.0440046761267687,-0.0203921180601279,0.0505));
#2338=CARTESIAN_POINT('',(0.0203921180601279,-0.0440046761267687,0.0505));
#2339=CARTESIAN_POINT('',(0.00184775906502257,0.000765366864730178,0.0505));
#2340=CARTESIAN_POINT('',(0.0134944827229008,-0.027352311347331,0.0505));
#2341=CARTESIAN_POINT('',(-1.47196168001604E-17,1.71728862668538E-17,0.0505));
#2342=CARTESIAN_POINT('',(0.027352311347331,-0.0134944827229008,0.0505));
#2343=CARTESIAN_POINT('',(-0.000765366864730178,-0.00184775906502258,0.0505));
#2344=CARTESIAN_POINT('',(0.00184775906502257,0.000765366864730178,0.0505));
#2345=CARTESIAN_POINT('',(0.0134944827229008,-0.027352311347331,0.0505));
#2346=CARTESIAN_POINT('',(0.013300448342637,-0.0272793009181623,0.0461666329780545));
#2347=CARTESIAN_POINT('',(0.0131060368002692,-0.0272053769087745,0.0418332991645884));
#2348=CARTESIAN_POINT('',(0.0129112317366116,-0.0271304996931597,0.0375));
#2349=CARTESIAN_POINT('',(0.0203921180601279,-0.0440046761267687,0.0505));
#2350=CARTESIAN_POINT('',(0.0203126622899782,-0.044208277378773,0.0461666938348022));
#2351=CARTESIAN_POINT('',(0.0202329114707641,-0.044411168822305,0.0418333602403898));
#2352=CARTESIAN_POINT('',(0.0201528740275708,-0.0446133707258479,0.0375));
#2353=CARTESIAN_POINT('',(-1.47196168001604E-17,1.71728862668538E-17,0.0505));
#2354=CARTESIAN_POINT('',(0.027352311347331,-0.0134944827229008,0.0505));
#2355=CARTESIAN_POINT('',(0.0272793009181623,-0.013300448342637,0.0461666329780545));
#2356=CARTESIAN_POINT('',(0.0272053769087745,-0.0131060368002692,0.0418332991645884));
#2357=CARTESIAN_POINT('',(0.0271304996931597,-0.0129112317366116,0.0375));
#2358=CARTESIAN_POINT('',(-0.000765366864730178,-0.00184775906502258,0.0505));
#2359=CARTESIAN_POINT('',(0.0440046761267687,-0.0203921180601279,0.0505));
#2360=CARTESIAN_POINT('',(0.044208277378773,-0.0203126622899782,0.0461666938348022));
#2361=CARTESIAN_POINT('',(0.044411168822305,-0.020232911470764,0.0418333602403898));
#2362=CARTESIAN_POINT('',(0.0446133707258479,-0.0201528740275707,0.0375));
#2363=CARTESIAN_POINT('',(-4.90653893338679E-18,-9.81307786677359E-18,0.0505));
#2364=CARTESIAN_POINT('',(-0.0364932415341958,-0.0151159955784211,0.052502));
#2365=CARTESIAN_POINT('',(-0.0364932415341958,-0.0151159955784211,0.015));
#2366=CARTESIAN_POINT('',(-0.0364932415341958,0.0151159955784211,0.052502));
#2367=CARTESIAN_POINT('',(-0.0364932415341958,0.0151159955784211,0.015));
#2368=CARTESIAN_POINT('',(-0.0120805666765717,-2.21916409685245E-18,0.015));
#2369=CARTESIAN_POINT('',(-3.46944695195361E-18,1.04083408558608E-17,0.015));
#2370=CARTESIAN_POINT('',(-0.0457966508571299,-0.0172961830865429,0.015));
#2371=CARTESIAN_POINT('',(-0.04579665085713,0.0172961830865429,0.015));
#2372=CARTESIAN_POINT('',(-0.0109030487127169,0.00284277983827607,0.015));
#2373=CARTESIAN_POINT('',(-0.0283137798244418,0.0100545407955837,0.015));
#2374=CARTESIAN_POINT('',(2.25514051876985E-17,-1.7347234759768E-18,0.015));
#2375=CARTESIAN_POINT('',(-0.0283137798244418,-0.0100545407955837,0.015));
#2376=CARTESIAN_POINT('',(-0.0109030487127169,-0.00284277983827608,0.015));
#2377=CARTESIAN_POINT('',(-0.0120805666765717,-2.21916409685245E-18,0.002));
#2378=CARTESIAN_POINT('',(-3.46944695195361E-18,1.04083408558608E-17,0.002));
#2379=CARTESIAN_POINT('',(-0.045535409856229,-0.0166965999300828,0.002));
#2380=CARTESIAN_POINT('',(-0.045535409856229,0.0166965999300828,0.002));
#2381=CARTESIAN_POINT('',(-0.011076775511806,-0.00242336624376747,0.002));
#2382=CARTESIAN_POINT('',(-0.0288830450767914,-0.00979896459285567,0.002));
#2383=CARTESIAN_POINT('',(2.25514051876985E-17,-1.7347234759768E-18,0.002));
#2384=CARTESIAN_POINT('',(-0.0288830450767914,0.00979896459285566,0.002));
#2385=CARTESIAN_POINT('',(-0.011076775511806,0.00242336624376747,0.002));
#2386=CARTESIAN_POINT('',(-0.011076775511806,0.00242336624376747,0.002));
#2387=CARTESIAN_POINT('',(-0.0283137798244418,0.0100545407955837,0.015));
#2388=CARTESIAN_POINT('',(-0.0285044739928811,0.00996973900097957,0.0106667008354116));
#2389=CARTESIAN_POINT('',(-0.028694215881161,0.00988454144936098,0.00633336702194552));
#2390=CARTESIAN_POINT('',(-0.0288830450767914,0.00979896459285566,0.002));
#2391=CARTESIAN_POINT('',(-0.04579665085713,0.0172961830865429,0.015));
#2392=CARTESIAN_POINT('',(-0.0457102675387968,0.0170966097305481,0.0106666397596102));
#2393=CARTESIAN_POINT('',(-0.0456231939683021,0.0168967514699103,0.00633330616519775));
#2394=CARTESIAN_POINT('',(-0.045535409856229,0.0166965999300828,0.002));
#2395=CARTESIAN_POINT('',(2.25514051876985E-17,-1.7347234759768E-18,0.002));
#2396=CARTESIAN_POINT('',(-0.0283137798244418,-0.0100545407955837,0.015));
#2397=CARTESIAN_POINT('',(-0.0285044739928811,-0.00996973900097958,0.0106667008354116));
#2398=CARTESIAN_POINT('',(-0.028694215881161,-0.00988454144936099,0.00633336702194552));
#2399=CARTESIAN_POINT('',(-0.0288830450767914,-0.00979896459285567,0.002));
#2400=CARTESIAN_POINT('',(-0.011076775511806,-0.00242336624376747,0.002));
#2401=CARTESIAN_POINT('',(-0.0457966508571299,-0.0172961830865429,0.015));
#2402=CARTESIAN_POINT('',(-0.0457102675387968,-0.0170966097305481,0.0106666397596102));
#2403=CARTESIAN_POINT('',(-0.0456231939683021,-0.0168967514699103,0.00633330616519775));
#2404=CARTESIAN_POINT('',(-0.045535409856229,-0.0166965999300828,0.002));
#2405=CARTESIAN_POINT('',(-3.46944695195361E-18,1.04083408558608E-17,0.002));
#2406=CARTESIAN_POINT('',(-0.015115995578421,-0.0364932415341958,0.052502));
#2407=CARTESIAN_POINT('',(-0.015115995578421,-0.0364932415341958,0.0375));
#2408=CARTESIAN_POINT('',(-0.0364932415341958,-0.0151159955784211,0.052502));
#2409=CARTESIAN_POINT('',(-0.0364932415341958,-0.0151159955784211,0.0375));
#2410=CARTESIAN_POINT('',(0.,0.,0.0375));
#2411=CARTESIAN_POINT('',(-0.00142834547051396,0.000591640065641061,0.0375));
#2412=CARTESIAN_POINT('',(-0.0129112317366116,-0.0271304996931597,0.0375));
#2413=CARTESIAN_POINT('',(-0.0201528740275707,-0.0446133707258479,0.0375));
#2414=CARTESIAN_POINT('',(1.71728862668538E-17,1.47196168001604E-17,0.0375));
#2415=CARTESIAN_POINT('',(-0.0271304996931597,-0.0129112317366116,0.0375));
#2416=CARTESIAN_POINT('',(0.00059164006564106,-0.00142834547051396,0.0375));
#2417=CARTESIAN_POINT('',(-0.0446133707258479,-0.0201528740275707,0.0375));
#2418=CARTESIAN_POINT('',(-9.8130778667736E-18,4.90653893338679E-18,0.0375));
#2419=CARTESIAN_POINT('',(0.,0.,0.0505));
#2420=CARTESIAN_POINT('',(-9.8130778667736E-18,4.90653893338679E-18,0.0505));
#2421=CARTESIAN_POINT('',(-0.0203921180601279,-0.0440046761267687,0.0505));
#2422=CARTESIAN_POINT('',(-0.0440046761267687,-0.0203921180601279,0.0505));
#2423=CARTESIAN_POINT('',(0.000765366864730178,-0.00184775906502257,0.0505));
#2424=CARTESIAN_POINT('',(-0.027352311347331,-0.0134944827229008,0.0505));
#2425=CARTESIAN_POINT('',(1.71728862668538E-17,1.47196168001604E-17,0.0505));
#2426=CARTESIAN_POINT('',(-0.0134944827229008,-0.027352311347331,0.0505));
#2427=CARTESIAN_POINT('',(-0.00184775906502258,0.000765366864730178,0.0505));
#2428=CARTESIAN_POINT('',(0.000765366864730178,-0.00184775906502257,0.0505));
#2429=CARTESIAN_POINT('',(-0.027352311347331,-0.0134944827229008,0.0505));
#2430=CARTESIAN_POINT('',(-0.0272793009181623,-0.013300448342637,0.0461666329780545));
#2431=CARTESIAN_POINT('',(-0.0272053769087745,-0.0131060368002692,0.0418332991645884));
#2432=CARTESIAN_POINT('',(-0.0271304996931597,-0.0129112317366116,0.0375));
#2433=CARTESIAN_POINT('',(-0.0440046761267687,-0.0203921180601279,0.0505));
#2434=CARTESIAN_POINT('',(-0.044208277378773,-0.0203126622899782,0.0461666938348022));
#2435=CARTESIAN_POINT('',(-0.044411168822305,-0.0202329114707641,0.0418333602403898));
#2436=CARTESIAN_POINT('',(-0.0446133707258479,-0.0201528740275708,0.0375));
#2437=CARTESIAN_POINT('',(1.71728862668538E-17,1.47196168001604E-17,0.0505));
#2438=CARTESIAN_POINT('',(-0.0134944827229008,-0.027352311347331,0.0505));
#2439=CARTESIAN_POINT('',(-0.013300448342637,-0.0272793009181623,0.0461666329780545));
#2440=CARTESIAN_POINT('',(-0.0131060368002692,-0.0272053769087745,0.0418332991645884));
#2441=CARTESIAN_POINT('',(-0.0129112317366116,-0.0271304996931597,0.0375));
#2442=CARTESIAN_POINT('',(-0.00184775906502258,0.000765366864730178,0.0505));
#2443=CARTESIAN_POINT('',(-0.0203921180601279,-0.0440046761267687,0.0505));
#2444=CARTESIAN_POINT('',(-0.0203126622899782,-0.044208277378773,0.0461666938348022));
#2445=CARTESIAN_POINT('',(-0.020232911470764,-0.044411168822305,0.0418333602403898));
#2446=CARTESIAN_POINT('',(-0.0201528740275707,-0.0446133707258479,0.0375));
#2447=CARTESIAN_POINT('',(-9.8130778667736E-18,4.90653893338679E-18,0.0505));
#2448=MECHANICAL_DESIGN_GEOMETRIC_PRESENTATION_REPRESENTATION('',(#1393),
#2449);
#2449=(
GEOMETRIC_REPRESENTATION_CONTEXT(3)
GLOBAL_UNCERTAINTY_ASSIGNED_CONTEXT((#2450))
GLOBAL_UNIT_ASSIGNED_CONTEXT((#2453,#2452,#2451))
REPRESENTATION_CONTEXT('Part 1','TOP_LEVEL_ASSEMBLY_PART')
);
#2450=UNCERTAINTY_MEASURE_WITH_UNIT(LENGTH_MEASURE(2.E-5),#2453,
'DISTANCE_ACCURACY_VALUE','Maximum Tolerance applied to model');
#2451=(
NAMED_UNIT(*)
SI_UNIT($,.STERADIAN.)
SOLID_ANGLE_UNIT()
);
#2452=(
NAMED_UNIT(*)
PLANE_ANGLE_UNIT()
SI_UNIT($,.RADIAN.)
);
#2453=(
LENGTH_UNIT()
NAMED_UNIT(*)
SI_UNIT($,.METRE.)
);
#2454=PRODUCT_DEFINITION_SHAPE('','',#2455);
#2455=PRODUCT_DEFINITION('','',#2457,#2456);
#2456=PRODUCT_DEFINITION_CONTEXT('',#2463,'design');
#2457=PRODUCT_DEFINITION_FORMATION_WITH_SPECIFIED_SOURCE('','',#2459,
 .NOT_KNOWN.);
#2458=PRODUCT_RELATED_PRODUCT_CATEGORY('','',(#2459));
#2459=PRODUCT('Part 1','Part 1','Part 1',(#2461));
#2460=PRODUCT_CATEGORY('','');
#2461=PRODUCT_CONTEXT('',#2463,'mechanical');
#2462=APPLICATION_PROTOCOL_DEFINITION('international standard',
'ap242_managed_model_based_3d_engineering',2020,#2463);
#2463=APPLICATION_CONTEXT('managed model based 3d engineering');
ENDSEC;
END-ISO-10303-21;
