ISO-10303-21;
HEADER;
/* Generated by software containing ST-Developer
 * from STEP Tools, Inc. (www.steptools.com) 
 */
/* OPTION: using custom renumber hook */

FILE_DESCRIPTION(
/* description */ ('STEP AP242 Edition 2',
'CAx-IF Rec.Pracs.---Representation and Presentation of Product Manufa
cturing Information (PMI)---4.0---2014-10-13',
'CAx-IF Rec.Pracs.---3D Tessellated Geometry---0.4---2014-09-14','2;1',
'CAx-IF Rec.Pracs.---User Defined Attributes---1.5---2016-08-15'),
/* implementation_level */ '2;1');

FILE_NAME(
/* name */ 'Part Studio 2 - Part 1',
/* time_stamp */ '2026-09-15T09:50:22Z',
/* author */ (''),
/* organization */ (''),
/* preprocessor_version */ 'ST-DEVELOPER v20',
/* originating_system */ 'ONSHAPE BY PTC INC, 1.220',
/* authorisation */ '  ');

FILE_SCHEMA (('AP242_MANAGED_MODEL_BASED_3D_ENGINEERING_MIM_LF { 1 0 10303 442 3 1 4 }'));
ENDSEC;

DATA;
#10=SHAPE_REPRESENTATION_RELATIONSHIP('','',#7471,#11);
#11=ADVANCED_BREP_SHAPE_REPRESENTATION('',(#7469),#13312);
#12=CYLINDRICAL_SURFACE('',#7715,0.014);
#13=CYLINDRICAL_SURFACE('',#7731,0.0035);
#14=CYLINDRICAL_SURFACE('',#7734,0.002);
#15=CYLINDRICAL_SURFACE('',#7738,0.0035);
#16=CYLINDRICAL_SURFACE('',#7741,0.002);
#17=CYLINDRICAL_SURFACE('',#7745,0.0045);
#18=CYLINDRICAL_SURFACE('',#7749,0.0025);
#19=CYLINDRICAL_SURFACE('',#7762,0.000424578745178037);
#20=CYLINDRICAL_SURFACE('',#7764,0.00013246795173269);
#21=CYLINDRICAL_SURFACE('',#7766,3.43082321001844E-5);
#22=CYLINDRICAL_SURFACE('',#7768,4.90963093244639E-5);
#23=CYLINDRICAL_SURFACE('',#7770,0.000118023241626309);
#24=CYLINDRICAL_SURFACE('',#7772,0.000151983069682363);
#25=CYLINDRICAL_SURFACE('',#7774,4.26255737077477E-5);
#26=CYLINDRICAL_SURFACE('',#7776,4.73226255053767E-5);
#27=CYLINDRICAL_SURFACE('',#7778,0.000128459524618156);
#28=CYLINDRICAL_SURFACE('',#7780,0.000357698328950375);
#29=CYLINDRICAL_SURFACE('',#7782,0.00113855789341825);
#30=CYLINDRICAL_SURFACE('',#7784,0.000916360641200254);
#31=CYLINDRICAL_SURFACE('',#7786,0.00016988529990844);
#32=CYLINDRICAL_SURFACE('',#7788,4.72287988595858E-5);
#33=CYLINDRICAL_SURFACE('',#7790,7.0923796406276E-5);
#34=CYLINDRICAL_SURFACE('',#7793,0.000115731632429486);
#35=CYLINDRICAL_SURFACE('',#7795,8.41913549895971E-5);
#36=CYLINDRICAL_SURFACE('',#7797,0.000218738298418083);
#37=CYLINDRICAL_SURFACE('',#7799,0.000743808989121396);
#38=CYLINDRICAL_SURFACE('',#7801,0.00112332461097201);
#39=CYLINDRICAL_SURFACE('',#7803,0.000476713458539591);
#40=CYLINDRICAL_SURFACE('',#7805,0.000170880959925411);
#41=CYLINDRICAL_SURFACE('',#7807,8.81252544368081E-5);
#42=CYLINDRICAL_SURFACE('',#7809,8.23377091325252E-5);
#43=CYLINDRICAL_SURFACE('',#7811,0.000178731740284996);
#44=CYLINDRICAL_SURFACE('',#7813,0.000170289242190876);
#45=CYLINDRICAL_SURFACE('',#7815,7.45273005628029E-5);
#46=CYLINDRICAL_SURFACE('',#7817,0.000109317104620666);
#47=CYLINDRICAL_SURFACE('',#7819,0.000128283000780454);
#48=CYLINDRICAL_SURFACE('',#7821,0.000455452177109712);
#49=CYLINDRICAL_SURFACE('',#7823,0.00142444448258347);
#50=CYLINDRICAL_SURFACE('',#7826,0.000501635668100713);
#51=CYLINDRICAL_SURFACE('',#7828,0.000132561207987282);
#52=CYLINDRICAL_SURFACE('',#7830,3.43048019690637E-5);
#53=CYLINDRICAL_SURFACE('',#7832,3.87028822297313E-5);
#54=CYLINDRICAL_SURFACE('',#7835,4.98593548145524E-5);
#55=CYLINDRICAL_SURFACE('',#7837,5.54316683684246E-5);
#56=CYLINDRICAL_SURFACE('',#7839,0.000265663586185543);
#57=CYLINDRICAL_SURFACE('',#7842,0.000916294538609746);
#58=CYLINDRICAL_SURFACE('',#7844,0.000184701583990668);
#59=CYLINDRICAL_SURFACE('',#7846,4.75987367956678E-5);
#60=CYLINDRICAL_SURFACE('',#7848,5.87679006294045E-5);
#61=CYLINDRICAL_SURFACE('',#7851,0.000123959671587361);
#62=CYLINDRICAL_SURFACE('',#7853,8.11534748637337E-5);
#63=CYLINDRICAL_SURFACE('',#7855,0.0002069508602024);
#64=CYLINDRICAL_SURFACE('',#7857,0.000711325654222507);
#65=CYLINDRICAL_SURFACE('',#7859,0.000927734820890633);
#66=CYLINDRICAL_SURFACE('',#7861,0.000265699714642957);
#67=CYLINDRICAL_SURFACE('',#7863,9.40670663903405E-5);
#68=CYLINDRICAL_SURFACE('',#7865,9.78755005919505E-5);
#69=CYLINDRICAL_SURFACE('',#7867,0.000204348709933914);
#70=CYLINDRICAL_SURFACE('',#7869,8.2166638730531E-5);
#71=CYLINDRICAL_SURFACE('',#7871,7.02807605798368E-5);
#72=CYLINDRICAL_SURFACE('',#7873,0.000170695681284334);
#73=CYLINDRICAL_SURFACE('',#7875,0.000497050976693857);
#74=CYLINDRICAL_SURFACE('',#7879,0.000393429879583927);
#75=CYLINDRICAL_SURFACE('',#7882,0.000108373315746094);
#76=CYLINDRICAL_SURFACE('',#7885,8.59219266281341E-5);
#77=CYLINDRICAL_SURFACE('',#7888,0.00019111711427302);
#78=CYLINDRICAL_SURFACE('',#7892,0.000295203183963843);
#79=CYLINDRICAL_SURFACE('',#7895,8.57162595076188E-5);
#80=CYLINDRICAL_SURFACE('',#7898,7.94767937944728E-5);
#81=CYLINDRICAL_SURFACE('',#7901,0.000108089247315292);
#82=CYLINDRICAL_SURFACE('',#7904,0.00059645447281625);
#83=CYLINDRICAL_SURFACE('',#7906,0.000724746150098715);
#84=CYLINDRICAL_SURFACE('',#7908,0.000214926704959496);
#85=CYLINDRICAL_SURFACE('',#7910,8.45838367892673E-5);
#86=CYLINDRICAL_SURFACE('',#7912,0.000122899674145472);
#87=CYLINDRICAL_SURFACE('',#7915,7.09237964062697E-5);
#88=CYLINDRICAL_SURFACE('',#7917,4.72287988947712E-5);
#89=CYLINDRICAL_SURFACE('',#7919,0.000169702746052145);
#90=CYLINDRICAL_SURFACE('',#7921,0.000916294538627823);
#91=CYLINDRICAL_SURFACE('',#7923,0.000812017549893852);
#92=CYLINDRICAL_SURFACE('',#7925,0.000125449871156205);
#93=CYLINDRICAL_SURFACE('',#7927,7.48526662350732E-5);
#94=CYLINDRICAL_SURFACE('',#7929,0.00026351177059943);
#95=CYLINDRICAL_SURFACE('',#7933,0.000498883829698702);
#96=CYLINDRICAL_SURFACE('',#7935,0.000174175739091411);
#97=CYLINDRICAL_SURFACE('',#7937,0.00016338827460674);
#98=CYLINDRICAL_SURFACE('',#7939,0.000129797384074842);
#99=CYLINDRICAL_SURFACE('',#7941,0.00021852246665788);
#100=CYLINDRICAL_SURFACE('',#7943,0.000429043353440927);
#101=CYLINDRICAL_SURFACE('',#7945,0.000548209670414838);
#102=CYLINDRICAL_SURFACE('',#7947,0.000166651685051272);
#103=CYLINDRICAL_SURFACE('',#7949,0.000143484477883813);
#104=CYLINDRICAL_SURFACE('',#7951,0.000378931914998228);
#105=CYLINDRICAL_SURFACE('',#7953,0.000294539236220736);
#106=CYLINDRICAL_SURFACE('',#7955,0.000126618916597324);
#107=CYLINDRICAL_SURFACE('',#7957,0.000179012736462238);
#108=CYLINDRICAL_SURFACE('',#7959,0.000259604435748502);
#109=CYLINDRICAL_SURFACE('',#7963,0.000550224924504675);
#110=CYLINDRICAL_SURFACE('',#7966,0.00135621588218376);
#111=CYLINDRICAL_SURFACE('',#7969,0.000201707055371461);
#112=CYLINDRICAL_SURFACE('',#7972,4.28091414754729E-5);
#113=CYLINDRICAL_SURFACE('',#7975,8.09592350082274E-5);
#114=CYLINDRICAL_SURFACE('',#7978,7.9037236806677E-5);
#115=CYLINDRICAL_SURFACE('',#7981,3.81711823760204E-5);
#116=CYLINDRICAL_SURFACE('',#7984,0.000171238754998168);
#117=CYLINDRICAL_SURFACE('',#7987,0.00153628611544276);
#118=CYLINDRICAL_SURFACE('',#7990,0.00090775553177772);
#119=CYLINDRICAL_SURFACE('',#7993,0.000239361176789829);
#120=CYLINDRICAL_SURFACE('',#7996,6.28376535853504E-5);
#121=CYLINDRICAL_SURFACE('',#7999,4.51149179340712E-5);
#122=CYLINDRICAL_SURFACE('',#8002,5.47175489037281E-5);
#123=CYLINDRICAL_SURFACE('',#8005,5.67659334185684E-5);
#124=CYLINDRICAL_SURFACE('',#8008,0.000108227768428042);
#125=CYLINDRICAL_SURFACE('',#8013,0.000429010705982571);
#126=CYLINDRICAL_SURFACE('',#8015,0.000144907625077234);
#127=CYLINDRICAL_SURFACE('',#8017,0.000143858911086076);
#128=CYLINDRICAL_SURFACE('',#8019,0.000458098403058035);
#129=CYLINDRICAL_SURFACE('',#8021,0.000754917644647919);
#130=CYLINDRICAL_SURFACE('',#8023,0.000219467574714052);
#131=CYLINDRICAL_SURFACE('',#8025,8.44454103609053E-5);
#132=CYLINDRICAL_SURFACE('',#8027,0.000115248069292486);
#133=CYLINDRICAL_SURFACE('',#8030,5.64854682584832E-5);
#134=CYLINDRICAL_SURFACE('',#8032,4.80106458329613E-5);
#135=CYLINDRICAL_SURFACE('',#8034,0.000184521599342337);
#136=CYLINDRICAL_SURFACE('',#8036,0.00105882297613579);
#137=CYLINDRICAL_SURFACE('',#8038,0.000784063966540144);
#138=CYLINDRICAL_SURFACE('',#8040,0.000167861073876506);
#139=CYLINDRICAL_SURFACE('',#8042,7.65250869717362E-5);
#140=CYLINDRICAL_SURFACE('',#8044,8.00715784163026E-5);
#141=CYLINDRICAL_SURFACE('',#8046,0.000181689979202363);
#142=CYLINDRICAL_SURFACE('',#8048,0.000574964167153751);
#143=CYLINDRICAL_SURFACE('',#8050,6.27967756605086E-5);
#144=CYLINDRICAL_SURFACE('',#8052,0.000122186585961663);
#145=CYLINDRICAL_SURFACE('',#8054,0.000327679015802661);
#146=CYLINDRICAL_SURFACE('',#8056,0.000673729094363606);
#147=CYLINDRICAL_SURFACE('',#8059,0.000413380473510258);
#148=CYLINDRICAL_SURFACE('',#8061,0.000205560163140394);
#149=CYLINDRICAL_SURFACE('',#8063,9.53015373560177E-5);
#150=CYLINDRICAL_SURFACE('',#8065,9.31960161744519E-5);
#151=CYLINDRICAL_SURFACE('',#8067,0.000160537699228104);
#152=CYLINDRICAL_SURFACE('',#8069,9.14004780515447E-5);
#153=CYLINDRICAL_SURFACE('',#8071,9.45603080679093E-5);
#154=CYLINDRICAL_SURFACE('',#8073,0.00025994135104111);
#155=CYLINDRICAL_SURFACE('',#8075,0.000767629849409371);
#156=CYLINDRICAL_SURFACE('',#8077,0.000441132872552374);
#157=CYLINDRICAL_SURFACE('',#8079,0.000158228699475012);
#158=CYLINDRICAL_SURFACE('',#8081,9.63995221268096E-5);
#159=CYLINDRICAL_SURFACE('',#8083,0.000175744578022793);
#160=CYLINDRICAL_SURFACE('',#8087,0.000798138308885461);
#161=CYLINDRICAL_SURFACE('',#8090,0.0010085472661863);
#162=CYLINDRICAL_SURFACE('',#8093,0.000236042777945148);
#163=CYLINDRICAL_SURFACE('',#8096,9.66150624371538E-5);
#164=CYLINDRICAL_SURFACE('',#8099,7.61437050115172E-5);
#165=CYLINDRICAL_SURFACE('',#8102,0.000143448367375768);
#166=CYLINDRICAL_SURFACE('',#8105,0.000394640908491069);
#167=CYLINDRICAL_SURFACE('',#8108,0.000409172246312128);
#168=CYLINDRICAL_SURFACE('',#8111,0.000147752835905578);
#169=CYLINDRICAL_SURFACE('',#8114,7.76620548820176E-5);
#170=CYLINDRICAL_SURFACE('',#8117,9.85873880997535E-5);
#171=CYLINDRICAL_SURFACE('',#8120,0.000218826016560039);
#172=CYLINDRICAL_SURFACE('',#8123,0.00100854726618536);
#173=CYLINDRICAL_SURFACE('',#8126,0.000798138308884707);
#174=CYLINDRICAL_SURFACE('',#8129,0.000221785062869792);
#175=CYLINDRICAL_SURFACE('',#8132,8.55003714218971E-5);
#176=CYLINDRICAL_SURFACE('',#8135,7.48865466689048E-5);
#177=CYLINDRICAL_SURFACE('',#8138,0.000154093032104637);
#178=CYLINDRICAL_SURFACE('',#8141,0.00062130900742478);
#179=CYLINDRICAL_SURFACE('',#8144,0.000615993546009805);
#180=CYLINDRICAL_SURFACE('',#8147,0.00015442030159252);
#181=CYLINDRICAL_SURFACE('',#8150,7.28650384630092E-5);
#182=CYLINDRICAL_SURFACE('',#8153,8.55865986028248E-5);
#183=CYLINDRICAL_SURFACE('',#8156,0.000415177016951603);
#184=CYLINDRICAL_SURFACE('',#8158,0.000567308495282193);
#185=CYLINDRICAL_SURFACE('',#8160,0.000175422881315875);
#186=CYLINDRICAL_SURFACE('',#8162,0.000132332830626979);
#187=CYLINDRICAL_SURFACE('',#8164,0.000328132087478086);
#188=CYLINDRICAL_SURFACE('',#8166,0.000340395171412624);
#189=CYLINDRICAL_SURFACE('',#8168,0.000136756043244833);
#190=CYLINDRICAL_SURFACE('',#8170,0.000173151027289878);
#191=CYLINDRICAL_SURFACE('',#8172,0.000548989367444962);
#192=CYLINDRICAL_SURFACE('',#8174,0.000551001827710285);
#193=CYLINDRICAL_SURFACE('',#8176,0.000275309350261074);
#194=CYLINDRICAL_SURFACE('',#8178,0.000113526305230352);
#195=CYLINDRICAL_SURFACE('',#8180,6.84451707196388E-5);
#196=CYLINDRICAL_SURFACE('',#8188,5.9112627452876E-5);
#197=CYLINDRICAL_SURFACE('',#8190,0.000365859167526414);
#198=CYLINDRICAL_SURFACE('',#8192,0.000229535199350537);
#199=CYLINDRICAL_SURFACE('',#8201,0.000576356903939702);
#200=CYLINDRICAL_SURFACE('',#8203,0.000543233122409852);
#201=CYLINDRICAL_SURFACE('',#8205,0.000187915559751509);
#202=CYLINDRICAL_SURFACE('',#8207,0.0001131728892767);
#203=CYLINDRICAL_SURFACE('',#8209,0.000136322263688821);
#204=CYLINDRICAL_SURFACE('',#8211,0.000295897965749823);
#205=CYLINDRICAL_SURFACE('',#8213,0.000805814913099476);
#206=CYLINDRICAL_SURFACE('',#8215,0.000602326734334499);
#207=CYLINDRICAL_SURFACE('',#8217,0.000182036741026351);
#208=CYLINDRICAL_SURFACE('',#8219,8.93654982343401E-5);
#209=CYLINDRICAL_SURFACE('',#8221,0.000185035034914037);
#210=CYLINDRICAL_SURFACE('',#8225,6.24938291389179E-5);
#211=CYLINDRICAL_SURFACE('',#8227,4.63413456094982E-5);
#212=CYLINDRICAL_SURFACE('',#8229,7.94090190470285E-5);
#213=CYLINDRICAL_SURFACE('',#8231,0.000247336487939734);
#214=CYLINDRICAL_SURFACE('',#8233,0.000651515189770218);
#215=CYLINDRICAL_SURFACE('',#8235,0.000760864448535995);
#216=CYLINDRICAL_SURFACE('',#8237,0.00020945136052283);
#217=CYLINDRICAL_SURFACE('',#8239,7.69179514234193E-5);
#218=CYLINDRICAL_SURFACE('',#8241,6.99953017420308E-5);
#219=CYLINDRICAL_SURFACE('',#8243,0.000174701944164736);
#220=CYLINDRICAL_SURFACE('',#8247,0.000178463577244014);
#221=CYLINDRICAL_SURFACE('',#8249,7.17734204979945E-5);
#222=CYLINDRICAL_SURFACE('',#8251,7.37285809512478E-5);
#223=CYLINDRICAL_SURFACE('',#8253,0.000217993218880598);
#224=CYLINDRICAL_SURFACE('',#8255,0.00076086444853503);
#225=CYLINDRICAL_SURFACE('',#8257,0.000739836091472053);
#226=CYLINDRICAL_SURFACE('',#8259,0.000258231051784266);
#227=CYLINDRICAL_SURFACE('',#8261,8.13896972254554E-5);
#228=CYLINDRICAL_SURFACE('',#8263,4.43928246224872E-5);
#229=CYLINDRICAL_SURFACE('',#8265,5.34658953708792E-5);
#230=CYLINDRICAL_SURFACE('',#8269,0.000175332683552781);
#231=CYLINDRICAL_SURFACE('',#8271,8.79251505713171E-5);
#232=CYLINDRICAL_SURFACE('',#8273,0.000184926302697267);
#233=CYLINDRICAL_SURFACE('',#8275,0.000614376950029048);
#234=CYLINDRICAL_SURFACE('',#8277,0.000805814913099083);
#235=CYLINDRICAL_SURFACE('',#8279,0.000289018625801917);
#236=CYLINDRICAL_SURFACE('',#8281,0.000136773808570481);
#237=CYLINDRICAL_SURFACE('',#8283,0.000113347826710923);
#238=CYLINDRICAL_SURFACE('',#8285,0.000197786222072943);
#239=CYLINDRICAL_SURFACE('',#8288,0.000576356903939484);
#240=CYLINDRICAL_SURFACE('',#8290,0.000543233122410029);
#241=CYLINDRICAL_SURFACE('',#8292,0.00018791555975147);
#242=CYLINDRICAL_SURFACE('',#8294,0.00011317288927672);
#243=CYLINDRICAL_SURFACE('',#8296,0.000136322263688825);
#244=CYLINDRICAL_SURFACE('',#8298,0.000295897965749809);
#245=CYLINDRICAL_SURFACE('',#8300,0.000805814913099476);
#246=CYLINDRICAL_SURFACE('',#8302,0.000602326734328198);
#247=CYLINDRICAL_SURFACE('',#8304,0.000182036741020699);
#248=CYLINDRICAL_SURFACE('',#8306,8.93654982345042E-5);
#249=CYLINDRICAL_SURFACE('',#8308,0.000185035034914042);
#250=CYLINDRICAL_SURFACE('',#8312,6.24938291389386E-5);
#251=CYLINDRICAL_SURFACE('',#8314,4.63413456088535E-5);
#252=CYLINDRICAL_SURFACE('',#8316,7.94090190623032E-5);
#253=CYLINDRICAL_SURFACE('',#8318,0.000247336487939732);
#254=CYLINDRICAL_SURFACE('',#8320,0.000651515189770205);
#255=CYLINDRICAL_SURFACE('',#8322,0.00076086444853598);
#256=CYLINDRICAL_SURFACE('',#8324,0.000209451360527736);
#257=CYLINDRICAL_SURFACE('',#8326,7.69179514314867E-5);
#258=CYLINDRICAL_SURFACE('',#8328,6.99953017411981E-5);
#259=CYLINDRICAL_SURFACE('',#8330,0.00017470194416579);
#260=CYLINDRICAL_SURFACE('',#8334,0.000178463577244103);
#261=CYLINDRICAL_SURFACE('',#8336,7.17734204987418E-5);
#262=CYLINDRICAL_SURFACE('',#8338,7.37285809398403E-5);
#263=CYLINDRICAL_SURFACE('',#8340,0.000217993218884953);
#264=CYLINDRICAL_SURFACE('',#8342,0.000760864448535035);
#265=CYLINDRICAL_SURFACE('',#8344,0.000739836091472056);
#266=CYLINDRICAL_SURFACE('',#8346,0.000258231051784269);
#267=CYLINDRICAL_SURFACE('',#8348,8.1389697225455E-5);
#268=CYLINDRICAL_SURFACE('',#8350,4.43928246224764E-5);
#269=CYLINDRICAL_SURFACE('',#8352,5.34658953710846E-5);
#270=CYLINDRICAL_SURFACE('',#8356,0.000175332683547571);
#271=CYLINDRICAL_SURFACE('',#8358,8.79251505682668E-5);
#272=CYLINDRICAL_SURFACE('',#8360,0.000184926302726256);
#273=CYLINDRICAL_SURFACE('',#8362,0.000614376950029056);
#274=CYLINDRICAL_SURFACE('',#8364,0.000805814913099357);
#275=CYLINDRICAL_SURFACE('',#8366,0.000289018625800448);
#276=CYLINDRICAL_SURFACE('',#8368,0.000136773808570485);
#277=CYLINDRICAL_SURFACE('',#8370,0.000113347826710508);
#278=CYLINDRICAL_SURFACE('',#8372,0.000197786222072902);
#279=CYLINDRICAL_SURFACE('',#8381,0.000393429879583941);
#280=CYLINDRICAL_SURFACE('',#8384,0.000108373315746104);
#281=CYLINDRICAL_SURFACE('',#8387,8.59219266280878E-5);
#282=CYLINDRICAL_SURFACE('',#8390,0.000191117114322305);
#283=CYLINDRICAL_SURFACE('',#8394,0.000295203183963796);
#284=CYLINDRICAL_SURFACE('',#8397,8.57162595355064E-5);
#285=CYLINDRICAL_SURFACE('',#8400,7.9476793794499E-5);
#286=CYLINDRICAL_SURFACE('',#8403,0.000108089247316412);
#287=CYLINDRICAL_SURFACE('',#8406,0.000596454472820126);
#288=CYLINDRICAL_SURFACE('',#8408,0.000724746150098695);
#289=CYLINDRICAL_SURFACE('',#8410,0.000214926704959481);
#290=CYLINDRICAL_SURFACE('',#8412,8.4583836790132E-5);
#291=CYLINDRICAL_SURFACE('',#8414,0.000122899674145472);
#292=CYLINDRICAL_SURFACE('',#8417,7.09237963831871E-5);
#293=CYLINDRICAL_SURFACE('',#8419,4.72287988947884E-5);
#294=CYLINDRICAL_SURFACE('',#8421,0.000169702746036497);
#295=CYLINDRICAL_SURFACE('',#8423,0.000916294538628486);
#296=CYLINDRICAL_SURFACE('',#8425,0.000812017549893886);
#297=CYLINDRICAL_SURFACE('',#8427,0.000125449871130015);
#298=CYLINDRICAL_SURFACE('',#8429,7.48526662350189E-5);
#299=CYLINDRICAL_SURFACE('',#8431,0.000263511770599425);
#300=CYLINDRICAL_SURFACE('',#8435,0.000498883828137164);
#301=CYLINDRICAL_SURFACE('',#8437,0.000174175739092957);
#302=CYLINDRICAL_SURFACE('',#8439,0.000163388274606763);
#303=CYLINDRICAL_SURFACE('',#8441,0.000129797384074838);
#304=CYLINDRICAL_SURFACE('',#8443,0.000218522466659289);
#305=CYLINDRICAL_SURFACE('',#8445,0.00042904335344087);
#306=CYLINDRICAL_SURFACE('',#8447,0.000548209670414897);
#307=CYLINDRICAL_SURFACE('',#8449,0.000166651685051328);
#308=CYLINDRICAL_SURFACE('',#8451,0.000143484477892805);
#309=CYLINDRICAL_SURFACE('',#8453,0.000378931915017399);
#310=CYLINDRICAL_SURFACE('',#8455,0.000294539236220761);
#311=CYLINDRICAL_SURFACE('',#8457,0.000126618916597331);
#312=CYLINDRICAL_SURFACE('',#8459,0.000179012736462261);
#313=CYLINDRICAL_SURFACE('',#8461,0.000259604435748068);
#314=LINE('',#11054,#835);
#315=LINE('',#11056,#836);
#316=LINE('',#11074,#837);
#317=LINE('',#11104,#838);
#318=LINE('',#11106,#839);
#319=LINE('',#11128,#840);
#320=LINE('',#11130,#841);
#321=LINE('',#11152,#842);
#322=LINE('',#11154,#843);
#323=LINE('',#11175,#844);
#324=LINE('',#11178,#845);
#325=LINE('',#11180,#846);
#326=LINE('',#11182,#847);
#327=LINE('',#11210,#848);
#328=LINE('',#11240,#849);
#329=LINE('',#11258,#850);
#330=LINE('',#11260,#851);
#331=LINE('',#11262,#852);
#332=LINE('',#11263,#853);
#333=LINE('',#11266,#854);
#334=LINE('',#11268,#855);
#335=LINE('',#11270,#856);
#336=LINE('',#11271,#857);
#337=LINE('',#11274,#858);
#338=LINE('',#11302,#859);
#339=LINE('',#11312,#860);
#340=LINE('',#11320,#861);
#341=LINE('',#11330,#862);
#342=LINE('',#11364,#863);
#343=LINE('',#11424,#864);
#344=LINE('',#11426,#865);
#345=LINE('',#11444,#866);
#346=LINE('',#11460,#867);
#347=LINE('',#11462,#868);
#348=LINE('',#11464,#869);
#349=LINE('',#11466,#870);
#350=LINE('',#11468,#871);
#351=LINE('',#11470,#872);
#352=LINE('',#11516,#873);
#353=LINE('',#11518,#874);
#354=LINE('',#11540,#875);
#355=LINE('',#11542,#876);
#356=LINE('',#11564,#877);
#357=LINE('',#11566,#878);
#358=LINE('',#11587,#879);
#359=LINE('',#11590,#880);
#360=LINE('',#11592,#881);
#361=LINE('',#11594,#882);
#362=LINE('',#11595,#883);
#363=LINE('',#11598,#884);
#364=LINE('',#11600,#885);
#365=LINE('',#11602,#886);
#366=LINE('',#11604,#887);
#367=LINE('',#11606,#888);
#368=LINE('',#11608,#889);
#369=LINE('',#11610,#890);
#370=LINE('',#11612,#891);
#371=LINE('',#11614,#892);
#372=LINE('',#11616,#893);
#373=LINE('',#11618,#894);
#374=LINE('',#11620,#895);
#375=LINE('',#11623,#896);
#376=LINE('',#11625,#897);
#377=LINE('',#11627,#898);
#378=LINE('',#11628,#899);
#379=LINE('',#11630,#900);
#380=LINE('',#11632,#901);
#381=LINE('',#11634,#902);
#382=LINE('',#11639,#903);
#383=LINE('',#11643,#904);
#384=LINE('',#11648,#905);
#385=LINE('',#11652,#906);
#386=LINE('',#11656,#907);
#387=LINE('',#11660,#908);
#388=LINE('',#11664,#909);
#389=LINE('',#11668,#910);
#390=LINE('',#11669,#911);
#391=LINE('',#11671,#912);
#392=LINE('',#11672,#913);
#393=LINE('',#11676,#914);
#394=LINE('',#11680,#915);
#395=LINE('',#11681,#916);
#396=LINE('',#11685,#917);
#397=LINE('',#11692,#918);
#398=LINE('',#11696,#919);
#399=LINE('',#11698,#920);
#400=LINE('',#11703,#921);
#401=LINE('',#11706,#922);
#402=LINE('',#11710,#923);
#403=LINE('',#11712,#924);
#404=LINE('',#11717,#925);
#405=LINE('',#11729,#926);
#406=LINE('',#11730,#927);
#407=LINE('',#11734,#928);
#408=LINE('',#11735,#929);
#409=LINE('',#11737,#930);
#410=LINE('',#11740,#931);
#411=LINE('',#11743,#932);
#412=LINE('',#11745,#933);
#413=LINE('',#11747,#934);
#414=LINE('',#11749,#935);
#415=LINE('',#11751,#936);
#416=LINE('',#11754,#937);
#417=LINE('',#11756,#938);
#418=LINE('',#11758,#939);
#419=LINE('',#11760,#940);
#420=LINE('',#11762,#941);
#421=LINE('',#11764,#942);
#422=LINE('',#11768,#943);
#423=LINE('',#11772,#944);
#424=LINE('',#11776,#945);
#425=LINE('',#11780,#946);
#426=LINE('',#11784,#947);
#427=LINE('',#11788,#948);
#428=LINE('',#11792,#949);
#429=LINE('',#11796,#950);
#430=LINE('',#11800,#951);
#431=LINE('',#11804,#952);
#432=LINE('',#11808,#953);
#433=LINE('',#11812,#954);
#434=LINE('',#11816,#955);
#435=LINE('',#11820,#956);
#436=LINE('',#11824,#957);
#437=LINE('',#11826,#958);
#438=LINE('',#11828,#959);
#439=LINE('',#11832,#960);
#440=LINE('',#11836,#961);
#441=LINE('',#11840,#962);
#442=LINE('',#11844,#963);
#443=LINE('',#11848,#964);
#444=LINE('',#11852,#965);
#445=LINE('',#11856,#966);
#446=LINE('',#11860,#967);
#447=LINE('',#11864,#968);
#448=LINE('',#11868,#969);
#449=LINE('',#11872,#970);
#450=LINE('',#11876,#971);
#451=LINE('',#11880,#972);
#452=LINE('',#11884,#973);
#453=LINE('',#11888,#974);
#454=LINE('',#11892,#975);
#455=LINE('',#11894,#976);
#456=LINE('',#11896,#977);
#457=LINE('',#11900,#978);
#458=LINE('',#11904,#979);
#459=LINE('',#11908,#980);
#460=LINE('',#11912,#981);
#461=LINE('',#11914,#982);
#462=LINE('',#11916,#983);
#463=LINE('',#11920,#984);
#464=LINE('',#11924,#985);
#465=LINE('',#11928,#986);
#466=LINE('',#11930,#987);
#467=LINE('',#11932,#988);
#468=LINE('',#11936,#989);
#469=LINE('',#11940,#990);
#470=LINE('',#11944,#991);
#471=LINE('',#11948,#992);
#472=LINE('',#11950,#993);
#473=LINE('',#11952,#994);
#474=LINE('',#11956,#995);
#475=LINE('',#11960,#996);
#476=LINE('',#11964,#997);
#477=LINE('',#11968,#998);
#478=LINE('',#11972,#999);
#479=LINE('',#11976,#1000);
#480=LINE('',#11980,#1001);
#481=LINE('',#11984,#1002);
#482=LINE('',#11988,#1003);
#483=LINE('',#11992,#1004);
#484=LINE('',#11996,#1005);
#485=LINE('',#12003,#1006);
#486=LINE('',#12006,#1007);
#487=LINE('',#12008,#1008);
#488=LINE('',#12010,#1009);
#489=LINE('',#12014,#1010);
#490=LINE('',#12020,#1011);
#491=LINE('',#12026,#1012);
#492=LINE('',#12032,#1013);
#493=LINE('',#12036,#1014);
#494=LINE('',#12038,#1015);
#495=LINE('',#12040,#1016);
#496=LINE('',#12044,#1017);
#497=LINE('',#12050,#1018);
#498=LINE('',#12056,#1019);
#499=LINE('',#12062,#1020);
#500=LINE('',#12066,#1021);
#501=LINE('',#12070,#1022);
#502=LINE('',#12072,#1023);
#503=LINE('',#12076,#1024);
#504=LINE('',#12080,#1025);
#505=LINE('',#12084,#1026);
#506=LINE('',#12088,#1027);
#507=LINE('',#12090,#1028);
#508=LINE('',#12092,#1029);
#509=LINE('',#12096,#1030);
#510=LINE('',#12100,#1031);
#511=LINE('',#12104,#1032);
#512=LINE('',#12108,#1033);
#513=LINE('',#12112,#1034);
#514=LINE('',#12116,#1035);
#515=LINE('',#12120,#1036);
#516=LINE('',#12124,#1037);
#517=LINE('',#12126,#1038);
#518=LINE('',#12128,#1039);
#519=LINE('',#12130,#1040);
#520=LINE('',#12132,#1041);
#521=LINE('',#12136,#1042);
#522=LINE('',#12140,#1043);
#523=LINE('',#12144,#1044);
#524=LINE('',#12148,#1045);
#525=LINE('',#12152,#1046);
#526=LINE('',#12156,#1047);
#527=LINE('',#12160,#1048);
#528=LINE('',#12164,#1049);
#529=LINE('',#12168,#1050);
#530=LINE('',#12172,#1051);
#531=LINE('',#12176,#1052);
#532=LINE('',#12189,#1053);
#533=LINE('',#12193,#1054);
#534=LINE('',#12197,#1055);
#535=LINE('',#12203,#1056);
#536=LINE('',#12209,#1057);
#537=LINE('',#12215,#1058);
#538=LINE('',#12221,#1059);
#539=LINE('',#12227,#1060);
#540=LINE('',#12233,#1061);
#541=LINE('',#12239,#1062);
#542=LINE('',#12245,#1063);
#543=LINE('',#12251,#1064);
#544=LINE('',#12257,#1065);
#545=LINE('',#12263,#1066);
#546=LINE('',#12269,#1067);
#547=LINE('',#12275,#1068);
#548=LINE('',#12279,#1069);
#549=LINE('',#12283,#1070);
#550=LINE('',#12285,#1071);
#551=LINE('',#12287,#1072);
#552=LINE('',#12289,#1073);
#553=LINE('',#12291,#1074);
#554=LINE('',#12293,#1075);
#555=LINE('',#12295,#1076);
#556=LINE('',#12297,#1077);
#557=LINE('',#12301,#1078);
#558=LINE('',#12305,#1079);
#559=LINE('',#12309,#1080);
#560=LINE('',#12313,#1081);
#561=LINE('',#12317,#1082);
#562=LINE('',#12321,#1083);
#563=LINE('',#12325,#1084);
#564=LINE('',#12329,#1085);
#565=LINE('',#12331,#1086);
#566=LINE('',#12333,#1087);
#567=LINE('',#12337,#1088);
#568=LINE('',#12341,#1089);
#569=LINE('',#12345,#1090);
#570=LINE('',#12349,#1091);
#571=LINE('',#12353,#1092);
#572=LINE('',#12357,#1093);
#573=LINE('',#12361,#1094);
#574=LINE('',#12365,#1095);
#575=LINE('',#12369,#1096);
#576=LINE('',#12373,#1097);
#577=LINE('',#12377,#1098);
#578=LINE('',#12381,#1099);
#579=LINE('',#12385,#1100);
#580=LINE('',#12389,#1101);
#581=LINE('',#12391,#1102);
#582=LINE('',#12393,#1103);
#583=LINE('',#12397,#1104);
#584=LINE('',#12401,#1105);
#585=LINE('',#12405,#1106);
#586=LINE('',#12409,#1107);
#587=LINE('',#12413,#1108);
#588=LINE('',#12417,#1109);
#589=LINE('',#12421,#1110);
#590=LINE('',#12425,#1111);
#591=LINE('',#12429,#1112);
#592=LINE('',#12433,#1113);
#593=LINE('',#12446,#1114);
#594=LINE('',#12450,#1115);
#595=LINE('',#12454,#1116);
#596=LINE('',#12460,#1117);
#597=LINE('',#12466,#1118);
#598=LINE('',#12472,#1119);
#599=LINE('',#12478,#1120);
#600=LINE('',#12484,#1121);
#601=LINE('',#12490,#1122);
#602=LINE('',#12496,#1123);
#603=LINE('',#12502,#1124);
#604=LINE('',#12508,#1125);
#605=LINE('',#12514,#1126);
#606=LINE('',#12520,#1127);
#607=LINE('',#12526,#1128);
#608=LINE('',#12532,#1129);
#609=LINE('',#12538,#1130);
#610=LINE('',#12544,#1131);
#611=LINE('',#12550,#1132);
#612=LINE('',#12556,#1133);
#613=LINE('',#12562,#1134);
#614=LINE('',#12568,#1135);
#615=LINE('',#12574,#1136);
#616=LINE('',#12580,#1137);
#617=LINE('',#12584,#1138);
#618=LINE('',#12588,#1139);
#619=LINE('',#12590,#1140);
#620=LINE('',#12594,#1141);
#621=LINE('',#12598,#1142);
#622=LINE('',#12602,#1143);
#623=LINE('',#12606,#1144);
#624=LINE('',#12610,#1145);
#625=LINE('',#12614,#1146);
#626=LINE('',#12618,#1147);
#627=LINE('',#12622,#1148);
#628=LINE('',#12626,#1149);
#629=LINE('',#12630,#1150);
#630=LINE('',#12634,#1151);
#631=LINE('',#12638,#1152);
#632=LINE('',#12640,#1153);
#633=LINE('',#12642,#1154);
#634=LINE('',#12644,#1155);
#635=LINE('',#12646,#1156);
#636=LINE('',#12648,#1157);
#637=LINE('',#12650,#1158);
#638=LINE('',#12652,#1159);
#639=LINE('',#12654,#1160);
#640=LINE('',#12656,#1161);
#641=LINE('',#12658,#1162);
#642=LINE('',#12660,#1163);
#643=LINE('',#12662,#1164);
#644=LINE('',#12672,#1165);
#645=LINE('',#12674,#1166);
#646=LINE('',#12676,#1167);
#647=LINE('',#12678,#1168);
#648=LINE('',#12680,#1169);
#649=LINE('',#12682,#1170);
#650=LINE('',#12684,#1171);
#651=LINE('',#12686,#1172);
#652=LINE('',#12689,#1173);
#653=LINE('',#12693,#1174);
#654=LINE('',#12695,#1175);
#655=LINE('',#12699,#1176);
#656=LINE('',#12703,#1177);
#657=LINE('',#12707,#1178);
#658=LINE('',#12711,#1179);
#659=LINE('',#12715,#1180);
#660=LINE('',#12719,#1181);
#661=LINE('',#12723,#1182);
#662=LINE('',#12727,#1183);
#663=LINE('',#12731,#1184);
#664=LINE('',#12735,#1185);
#665=LINE('',#12737,#1186);
#666=LINE('',#12739,#1187);
#667=LINE('',#12741,#1188);
#668=LINE('',#12743,#1189);
#669=LINE('',#12747,#1190);
#670=LINE('',#12751,#1191);
#671=LINE('',#12755,#1192);
#672=LINE('',#12759,#1193);
#673=LINE('',#12763,#1194);
#674=LINE('',#12767,#1195);
#675=LINE('',#12771,#1196);
#676=LINE('',#12775,#1197);
#677=LINE('',#12779,#1198);
#678=LINE('',#12783,#1199);
#679=LINE('',#12785,#1200);
#680=LINE('',#12787,#1201);
#681=LINE('',#12789,#1202);
#682=LINE('',#12791,#1203);
#683=LINE('',#12795,#1204);
#684=LINE('',#12799,#1205);
#685=LINE('',#12803,#1206);
#686=LINE('',#12807,#1207);
#687=LINE('',#12811,#1208);
#688=LINE('',#12815,#1209);
#689=LINE('',#12819,#1210);
#690=LINE('',#12823,#1211);
#691=LINE('',#12827,#1212);
#692=LINE('',#12831,#1213);
#693=LINE('',#12833,#1214);
#694=LINE('',#12835,#1215);
#695=LINE('',#12837,#1216);
#696=LINE('',#12839,#1217);
#697=LINE('',#12843,#1218);
#698=LINE('',#12847,#1219);
#699=LINE('',#12851,#1220);
#700=LINE('',#12855,#1221);
#701=LINE('',#12859,#1222);
#702=LINE('',#12863,#1223);
#703=LINE('',#12867,#1224);
#704=LINE('',#12874,#1225);
#705=LINE('',#12878,#1226);
#706=LINE('',#12880,#1227);
#707=LINE('',#12884,#1228);
#708=LINE('',#12888,#1229);
#709=LINE('',#12892,#1230);
#710=LINE('',#12896,#1231);
#711=LINE('',#12900,#1232);
#712=LINE('',#12904,#1233);
#713=LINE('',#12908,#1234);
#714=LINE('',#12912,#1235);
#715=LINE('',#12916,#1236);
#716=LINE('',#12920,#1237);
#717=LINE('',#12922,#1238);
#718=LINE('',#12924,#1239);
#719=LINE('',#12926,#1240);
#720=LINE('',#12928,#1241);
#721=LINE('',#12932,#1242);
#722=LINE('',#12936,#1243);
#723=LINE('',#12940,#1244);
#724=LINE('',#12944,#1245);
#725=LINE('',#12948,#1246);
#726=LINE('',#12952,#1247);
#727=LINE('',#12956,#1248);
#728=LINE('',#12960,#1249);
#729=LINE('',#12964,#1250);
#730=LINE('',#12968,#1251);
#731=LINE('',#12970,#1252);
#732=LINE('',#12972,#1253);
#733=LINE('',#12974,#1254);
#734=LINE('',#12976,#1255);
#735=LINE('',#12980,#1256);
#736=LINE('',#12984,#1257);
#737=LINE('',#12988,#1258);
#738=LINE('',#12992,#1259);
#739=LINE('',#12996,#1260);
#740=LINE('',#13000,#1261);
#741=LINE('',#13004,#1262);
#742=LINE('',#13008,#1263);
#743=LINE('',#13012,#1264);
#744=LINE('',#13016,#1265);
#745=LINE('',#13018,#1266);
#746=LINE('',#13020,#1267);
#747=LINE('',#13022,#1268);
#748=LINE('',#13024,#1269);
#749=LINE('',#13028,#1270);
#750=LINE('',#13032,#1271);
#751=LINE('',#13036,#1272);
#752=LINE('',#13040,#1273);
#753=LINE('',#13044,#1274);
#754=LINE('',#13048,#1275);
#755=LINE('',#13052,#1276);
#756=LINE('',#13059,#1277);
#757=LINE('',#13061,#1278);
#758=LINE('',#13063,#1279);
#759=LINE('',#13065,#1280);
#760=LINE('',#13067,#1281);
#761=LINE('',#13069,#1282);
#762=LINE('',#13071,#1283);
#763=LINE('',#13073,#1284);
#764=LINE('',#13076,#1285);
#765=LINE('',#13079,#1286);
#766=LINE('',#13081,#1287);
#767=LINE('',#13083,#1288);
#768=LINE('',#13087,#1289);
#769=LINE('',#13093,#1290);
#770=LINE('',#13099,#1291);
#771=LINE('',#13105,#1292);
#772=LINE('',#13109,#1293);
#773=LINE('',#13111,#1294);
#774=LINE('',#13113,#1295);
#775=LINE('',#13117,#1296);
#776=LINE('',#13123,#1297);
#777=LINE('',#13129,#1298);
#778=LINE('',#13135,#1299);
#779=LINE('',#13139,#1300);
#780=LINE('',#13143,#1301);
#781=LINE('',#13145,#1302);
#782=LINE('',#13149,#1303);
#783=LINE('',#13153,#1304);
#784=LINE('',#13157,#1305);
#785=LINE('',#13161,#1306);
#786=LINE('',#13163,#1307);
#787=LINE('',#13165,#1308);
#788=LINE('',#13169,#1309);
#789=LINE('',#13173,#1310);
#790=LINE('',#13177,#1311);
#791=LINE('',#13181,#1312);
#792=LINE('',#13185,#1313);
#793=LINE('',#13189,#1314);
#794=LINE('',#13193,#1315);
#795=LINE('',#13197,#1316);
#796=LINE('',#13199,#1317);
#797=LINE('',#13201,#1318);
#798=LINE('',#13203,#1319);
#799=LINE('',#13205,#1320);
#800=LINE('',#13209,#1321);
#801=LINE('',#13213,#1322);
#802=LINE('',#13217,#1323);
#803=LINE('',#13221,#1324);
#804=LINE('',#13225,#1325);
#805=LINE('',#13229,#1326);
#806=LINE('',#13233,#1327);
#807=LINE('',#13237,#1328);
#808=LINE('',#13241,#1329);
#809=LINE('',#13245,#1330);
#810=LINE('',#13249,#1331);
#811=LINE('',#13259,#1332);
#812=LINE('',#13261,#1333);
#813=LINE('',#13263,#1334);
#814=LINE('',#13265,#1335);
#815=LINE('',#13267,#1336);
#816=LINE('',#13269,#1337);
#817=LINE('',#13271,#1338);
#818=LINE('',#13273,#1339);
#819=LINE('',#13275,#1340);
#820=LINE('',#13277,#1341);
#821=LINE('',#13279,#1342);
#822=LINE('',#13281,#1343);
#823=LINE('',#13283,#1344);
#824=LINE('',#13285,#1345);
#825=LINE('',#13287,#1346);
#826=LINE('',#13289,#1347);
#827=LINE('',#13291,#1348);
#828=LINE('',#13293,#1349);
#829=LINE('',#13295,#1350);
#830=LINE('',#13297,#1351);
#831=LINE('',#13299,#1352);
#832=LINE('',#13301,#1353);
#833=LINE('',#13303,#1354);
#834=LINE('',#13305,#1355);
#835=VECTOR('',#8514,1.);
#836=VECTOR('',#8515,1.);
#837=VECTOR('',#8532,1.);
#838=VECTOR('',#8561,1.);
#839=VECTOR('',#8562,1.);
#840=VECTOR('',#8583,1.);
#841=VECTOR('',#8584,1.);
#842=VECTOR('',#8605,1.);
#843=VECTOR('',#8606,1.);
#844=VECTOR('',#8627,1.);
#845=VECTOR('',#8628,1.);
#846=VECTOR('',#8629,1.);
#847=VECTOR('',#8630,1.);
#848=VECTOR('',#8657,1.);
#849=VECTOR('',#8686,1.);
#850=VECTOR('',#8703,1.);
#851=VECTOR('',#8704,1.);
#852=VECTOR('',#8705,1.);
#853=VECTOR('',#8706,1.);
#854=VECTOR('',#8707,1.);
#855=VECTOR('',#8708,1.);
#856=VECTOR('',#8709,1.);
#857=VECTOR('',#8710,1.);
#858=VECTOR('',#8711,1.);
#859=VECTOR('',#8738,1.);
#860=VECTOR('',#8747,1.);
#861=VECTOR('',#8754,1.);
#862=VECTOR('',#8763,1.);
#863=VECTOR('',#8796,1.);
#864=VECTOR('',#8855,1.);
#865=VECTOR('',#8856,1.);
#866=VECTOR('',#8873,1.);
#867=VECTOR('',#8888,1.);
#868=VECTOR('',#8889,1.);
#869=VECTOR('',#8890,1.);
#870=VECTOR('',#8891,1.);
#871=VECTOR('',#8892,1.);
#872=VECTOR('',#8893,1.);
#873=VECTOR('',#8938,1.);
#874=VECTOR('',#8939,1.);
#875=VECTOR('',#8960,1.);
#876=VECTOR('',#8961,1.);
#877=VECTOR('',#8982,1.);
#878=VECTOR('',#8983,1.);
#879=VECTOR('',#9004,1.);
#880=VECTOR('',#9005,1.);
#881=VECTOR('',#9006,1.);
#882=VECTOR('',#9007,1.);
#883=VECTOR('',#9008,1.);
#884=VECTOR('',#9009,1.);
#885=VECTOR('',#9010,1.);
#886=VECTOR('',#9011,1.);
#887=VECTOR('',#9012,1.);
#888=VECTOR('',#9013,1.);
#889=VECTOR('',#9014,1.);
#890=VECTOR('',#9015,1.);
#891=VECTOR('',#9016,1.);
#892=VECTOR('',#9017,1.);
#893=VECTOR('',#9018,1.);
#894=VECTOR('',#9019,1.);
#895=VECTOR('',#9022,1.);
#896=VECTOR('',#9023,1.);
#897=VECTOR('',#9024,1.);
#898=VECTOR('',#9025,1.);
#899=VECTOR('',#9026,1.);
#900=VECTOR('',#9027,1.);
#901=VECTOR('',#9028,1.);
#902=VECTOR('',#9031,1.);
#903=VECTOR('',#9034,1.);
#904=VECTOR('',#9039,1.);
#905=VECTOR('',#9042,1.);
#906=VECTOR('',#9045,1.);
#907=VECTOR('',#9048,1.);
#908=VECTOR('',#9051,1.);
#909=VECTOR('',#9054,1.);
#910=VECTOR('',#9059,1.);
#911=VECTOR('',#9060,1.);
#912=VECTOR('',#9063,1.);
#913=VECTOR('',#9064,1.);
#914=VECTOR('',#9069,1.);
#915=VECTOR('',#9072,1.);
#916=VECTOR('',#9073,1.);
#917=VECTOR('',#9076,1.);
#918=VECTOR('',#9085,1.);
#919=VECTOR('',#9088,1.);
#920=VECTOR('',#9091,1.);
#921=VECTOR('',#9098,1.);
#922=VECTOR('',#9103,1.);
#923=VECTOR('',#9106,1.);
#924=VECTOR('',#9109,1.);
#925=VECTOR('',#9116,1.);
#926=VECTOR('',#9131,1.);
#927=VECTOR('',#9132,1.);
#928=VECTOR('',#9135,1.);
#929=VECTOR('',#9136,1.);
#930=VECTOR('',#9139,1.);
#931=VECTOR('',#9144,1.);
#932=VECTOR('',#9149,1.);
#933=VECTOR('',#9150,1.);
#934=VECTOR('',#9153,1.);
#935=VECTOR('',#9154,1.);
#936=VECTOR('',#9157,1.);
#937=VECTOR('',#9162,1.);
#938=VECTOR('',#9163,1.);
#939=VECTOR('',#9164,1.);
#940=VECTOR('',#9167,1.);
#941=VECTOR('',#9168,1.);
#942=VECTOR('',#9171,1.);
#943=VECTOR('',#9176,1.);
#944=VECTOR('',#9181,1.);
#945=VECTOR('',#9186,1.);
#946=VECTOR('',#9191,1.);
#947=VECTOR('',#9196,1.);
#948=VECTOR('',#9201,1.);
#949=VECTOR('',#9206,1.);
#950=VECTOR('',#9211,1.);
#951=VECTOR('',#9216,1.);
#952=VECTOR('',#9221,1.);
#953=VECTOR('',#9226,1.);
#954=VECTOR('',#9231,1.);
#955=VECTOR('',#9236,1.);
#956=VECTOR('',#9241,1.);
#957=VECTOR('',#9246,1.);
#958=VECTOR('',#9247,1.);
#959=VECTOR('',#9250,1.);
#960=VECTOR('',#9255,1.);
#961=VECTOR('',#9260,1.);
#962=VECTOR('',#9265,1.);
#963=VECTOR('',#9270,1.);
#964=VECTOR('',#9275,1.);
#965=VECTOR('',#9280,1.);
#966=VECTOR('',#9285,1.);
#967=VECTOR('',#9290,1.);
#968=VECTOR('',#9295,1.);
#969=VECTOR('',#9300,1.);
#970=VECTOR('',#9305,1.);
#971=VECTOR('',#9310,1.);
#972=VECTOR('',#9315,1.);
#973=VECTOR('',#9320,1.);
#974=VECTOR('',#9325,1.);
#975=VECTOR('',#9330,1.);
#976=VECTOR('',#9331,1.);
#977=VECTOR('',#9334,1.);
#978=VECTOR('',#9339,1.);
#979=VECTOR('',#9344,1.);
#980=VECTOR('',#9349,1.);
#981=VECTOR('',#9354,1.);
#982=VECTOR('',#9355,1.);
#983=VECTOR('',#9358,1.);
#984=VECTOR('',#9363,1.);
#985=VECTOR('',#9368,1.);
#986=VECTOR('',#9373,1.);
#987=VECTOR('',#9374,1.);
#988=VECTOR('',#9377,1.);
#989=VECTOR('',#9382,1.);
#990=VECTOR('',#9387,1.);
#991=VECTOR('',#9392,1.);
#992=VECTOR('',#9397,1.);
#993=VECTOR('',#9398,1.);
#994=VECTOR('',#9401,1.);
#995=VECTOR('',#9406,1.);
#996=VECTOR('',#9411,1.);
#997=VECTOR('',#9416,1.);
#998=VECTOR('',#9421,1.);
#999=VECTOR('',#9426,1.);
#1000=VECTOR('',#9431,1.);
#1001=VECTOR('',#9436,1.);
#1002=VECTOR('',#9441,1.);
#1003=VECTOR('',#9446,1.);
#1004=VECTOR('',#9451,1.);
#1005=VECTOR('',#9456,1.);
#1006=VECTOR('',#9467,1.);
#1007=VECTOR('',#9468,1.);
#1008=VECTOR('',#9469,1.);
#1009=VECTOR('',#9470,1.);
#1010=VECTOR('',#9475,1.);
#1011=VECTOR('',#9482,1.);
#1012=VECTOR('',#9489,1.);
#1013=VECTOR('',#9496,1.);
#1014=VECTOR('',#9501,1.);
#1015=VECTOR('',#9502,1.);
#1016=VECTOR('',#9503,1.);
#1017=VECTOR('',#9508,1.);
#1018=VECTOR('',#9515,1.);
#1019=VECTOR('',#9522,1.);
#1020=VECTOR('',#9529,1.);
#1021=VECTOR('',#9534,1.);
#1022=VECTOR('',#9537,1.);
#1023=VECTOR('',#9540,1.);
#1024=VECTOR('',#9545,1.);
#1025=VECTOR('',#9550,1.);
#1026=VECTOR('',#9555,1.);
#1027=VECTOR('',#9560,1.);
#1028=VECTOR('',#9561,1.);
#1029=VECTOR('',#9564,1.);
#1030=VECTOR('',#9569,1.);
#1031=VECTOR('',#9574,1.);
#1032=VECTOR('',#9579,1.);
#1033=VECTOR('',#9584,1.);
#1034=VECTOR('',#9589,1.);
#1035=VECTOR('',#9594,1.);
#1036=VECTOR('',#9599,1.);
#1037=VECTOR('',#9604,1.);
#1038=VECTOR('',#9605,1.);
#1039=VECTOR('',#9608,1.);
#1040=VECTOR('',#9609,1.);
#1041=VECTOR('',#9612,1.);
#1042=VECTOR('',#9617,1.);
#1043=VECTOR('',#9622,1.);
#1044=VECTOR('',#9627,1.);
#1045=VECTOR('',#9632,1.);
#1046=VECTOR('',#9637,1.);
#1047=VECTOR('',#9642,1.);
#1048=VECTOR('',#9647,1.);
#1049=VECTOR('',#9652,1.);
#1050=VECTOR('',#9657,1.);
#1051=VECTOR('',#9662,1.);
#1052=VECTOR('',#9667,1.);
#1053=VECTOR('',#9686,1.);
#1054=VECTOR('',#9689,1.);
#1055=VECTOR('',#9694,1.);
#1056=VECTOR('',#9701,1.);
#1057=VECTOR('',#9708,1.);
#1058=VECTOR('',#9715,1.);
#1059=VECTOR('',#9722,1.);
#1060=VECTOR('',#9729,1.);
#1061=VECTOR('',#9736,1.);
#1062=VECTOR('',#9743,1.);
#1063=VECTOR('',#9750,1.);
#1064=VECTOR('',#9757,1.);
#1065=VECTOR('',#9764,1.);
#1066=VECTOR('',#9771,1.);
#1067=VECTOR('',#9778,1.);
#1068=VECTOR('',#9785,1.);
#1069=VECTOR('',#9790,1.);
#1070=VECTOR('',#9793,1.);
#1071=VECTOR('',#9796,1.);
#1072=VECTOR('',#9797,1.);
#1073=VECTOR('',#9800,1.);
#1074=VECTOR('',#9801,1.);
#1075=VECTOR('',#9804,1.);
#1076=VECTOR('',#9805,1.);
#1077=VECTOR('',#9808,1.);
#1078=VECTOR('',#9813,1.);
#1079=VECTOR('',#9818,1.);
#1080=VECTOR('',#9823,1.);
#1081=VECTOR('',#9828,1.);
#1082=VECTOR('',#9833,1.);
#1083=VECTOR('',#9838,1.);
#1084=VECTOR('',#9843,1.);
#1085=VECTOR('',#9848,1.);
#1086=VECTOR('',#9849,1.);
#1087=VECTOR('',#9852,1.);
#1088=VECTOR('',#9857,1.);
#1089=VECTOR('',#9862,1.);
#1090=VECTOR('',#9867,1.);
#1091=VECTOR('',#9872,1.);
#1092=VECTOR('',#9877,1.);
#1093=VECTOR('',#9882,1.);
#1094=VECTOR('',#9887,1.);
#1095=VECTOR('',#9892,1.);
#1096=VECTOR('',#9897,1.);
#1097=VECTOR('',#9902,1.);
#1098=VECTOR('',#9907,1.);
#1099=VECTOR('',#9912,1.);
#1100=VECTOR('',#9917,1.);
#1101=VECTOR('',#9922,1.);
#1102=VECTOR('',#9923,1.);
#1103=VECTOR('',#9926,1.);
#1104=VECTOR('',#9931,1.);
#1105=VECTOR('',#9936,1.);
#1106=VECTOR('',#9941,1.);
#1107=VECTOR('',#9946,1.);
#1108=VECTOR('',#9951,1.);
#1109=VECTOR('',#9956,1.);
#1110=VECTOR('',#9961,1.);
#1111=VECTOR('',#9966,1.);
#1112=VECTOR('',#9971,1.);
#1113=VECTOR('',#9976,1.);
#1114=VECTOR('',#9995,1.);
#1115=VECTOR('',#9998,1.);
#1116=VECTOR('',#10003,1.);
#1117=VECTOR('',#10010,1.);
#1118=VECTOR('',#10017,1.);
#1119=VECTOR('',#10024,1.);
#1120=VECTOR('',#10031,1.);
#1121=VECTOR('',#10038,1.);
#1122=VECTOR('',#10045,1.);
#1123=VECTOR('',#10052,1.);
#1124=VECTOR('',#10059,1.);
#1125=VECTOR('',#10066,1.);
#1126=VECTOR('',#10073,1.);
#1127=VECTOR('',#10080,1.);
#1128=VECTOR('',#10087,1.);
#1129=VECTOR('',#10094,1.);
#1130=VECTOR('',#10101,1.);
#1131=VECTOR('',#10108,1.);
#1132=VECTOR('',#10115,1.);
#1133=VECTOR('',#10122,1.);
#1134=VECTOR('',#10129,1.);
#1135=VECTOR('',#10136,1.);
#1136=VECTOR('',#10143,1.);
#1137=VECTOR('',#10150,1.);
#1138=VECTOR('',#10155,1.);
#1139=VECTOR('',#10158,1.);
#1140=VECTOR('',#10161,1.);
#1141=VECTOR('',#10166,1.);
#1142=VECTOR('',#10171,1.);
#1143=VECTOR('',#10176,1.);
#1144=VECTOR('',#10181,1.);
#1145=VECTOR('',#10186,1.);
#1146=VECTOR('',#10191,1.);
#1147=VECTOR('',#10196,1.);
#1148=VECTOR('',#10201,1.);
#1149=VECTOR('',#10206,1.);
#1150=VECTOR('',#10211,1.);
#1151=VECTOR('',#10216,1.);
#1152=VECTOR('',#10221,1.);
#1153=VECTOR('',#10222,1.);
#1154=VECTOR('',#10225,1.);
#1155=VECTOR('',#10226,1.);
#1156=VECTOR('',#10229,1.);
#1157=VECTOR('',#10230,1.);
#1158=VECTOR('',#10233,1.);
#1159=VECTOR('',#10234,1.);
#1160=VECTOR('',#10237,1.);
#1161=VECTOR('',#10238,1.);
#1162=VECTOR('',#10241,1.);
#1163=VECTOR('',#10242,1.);
#1164=VECTOR('',#10245,1.);
#1165=VECTOR('',#10262,1.);
#1166=VECTOR('',#10263,1.);
#1167=VECTOR('',#10264,1.);
#1168=VECTOR('',#10267,1.);
#1169=VECTOR('',#10268,1.);
#1170=VECTOR('',#10271,1.);
#1171=VECTOR('',#10272,1.);
#1172=VECTOR('',#10275,1.);
#1173=VECTOR('',#10280,1.);
#1174=VECTOR('',#10283,1.);
#1175=VECTOR('',#10286,1.);
#1176=VECTOR('',#10291,1.);
#1177=VECTOR('',#10296,1.);
#1178=VECTOR('',#10301,1.);
#1179=VECTOR('',#10306,1.);
#1180=VECTOR('',#10311,1.);
#1181=VECTOR('',#10316,1.);
#1182=VECTOR('',#10321,1.);
#1183=VECTOR('',#10326,1.);
#1184=VECTOR('',#10331,1.);
#1185=VECTOR('',#10336,1.);
#1186=VECTOR('',#10337,1.);
#1187=VECTOR('',#10340,1.);
#1188=VECTOR('',#10341,1.);
#1189=VECTOR('',#10344,1.);
#1190=VECTOR('',#10349,1.);
#1191=VECTOR('',#10354,1.);
#1192=VECTOR('',#10359,1.);
#1193=VECTOR('',#10364,1.);
#1194=VECTOR('',#10369,1.);
#1195=VECTOR('',#10374,1.);
#1196=VECTOR('',#10379,1.);
#1197=VECTOR('',#10384,1.);
#1198=VECTOR('',#10389,1.);
#1199=VECTOR('',#10394,1.);
#1200=VECTOR('',#10395,1.);
#1201=VECTOR('',#10398,1.);
#1202=VECTOR('',#10399,1.);
#1203=VECTOR('',#10402,1.);
#1204=VECTOR('',#10407,1.);
#1205=VECTOR('',#10412,1.);
#1206=VECTOR('',#10417,1.);
#1207=VECTOR('',#10422,1.);
#1208=VECTOR('',#10427,1.);
#1209=VECTOR('',#10432,1.);
#1210=VECTOR('',#10437,1.);
#1211=VECTOR('',#10442,1.);
#1212=VECTOR('',#10447,1.);
#1213=VECTOR('',#10452,1.);
#1214=VECTOR('',#10453,1.);
#1215=VECTOR('',#10456,1.);
#1216=VECTOR('',#10457,1.);
#1217=VECTOR('',#10460,1.);
#1218=VECTOR('',#10465,1.);
#1219=VECTOR('',#10470,1.);
#1220=VECTOR('',#10475,1.);
#1221=VECTOR('',#10480,1.);
#1222=VECTOR('',#10485,1.);
#1223=VECTOR('',#10490,1.);
#1224=VECTOR('',#10495,1.);
#1225=VECTOR('',#10506,1.);
#1226=VECTOR('',#10509,1.);
#1227=VECTOR('',#10512,1.);
#1228=VECTOR('',#10517,1.);
#1229=VECTOR('',#10522,1.);
#1230=VECTOR('',#10527,1.);
#1231=VECTOR('',#10532,1.);
#1232=VECTOR('',#10537,1.);
#1233=VECTOR('',#10542,1.);
#1234=VECTOR('',#10547,1.);
#1235=VECTOR('',#10552,1.);
#1236=VECTOR('',#10557,1.);
#1237=VECTOR('',#10562,1.);
#1238=VECTOR('',#10563,1.);
#1239=VECTOR('',#10566,1.);
#1240=VECTOR('',#10567,1.);
#1241=VECTOR('',#10570,1.);
#1242=VECTOR('',#10575,1.);
#1243=VECTOR('',#10580,1.);
#1244=VECTOR('',#10585,1.);
#1245=VECTOR('',#10590,1.);
#1246=VECTOR('',#10595,1.);
#1247=VECTOR('',#10600,1.);
#1248=VECTOR('',#10605,1.);
#1249=VECTOR('',#10610,1.);
#1250=VECTOR('',#10615,1.);
#1251=VECTOR('',#10620,1.);
#1252=VECTOR('',#10621,1.);
#1253=VECTOR('',#10624,1.);
#1254=VECTOR('',#10625,1.);
#1255=VECTOR('',#10628,1.);
#1256=VECTOR('',#10633,1.);
#1257=VECTOR('',#10638,1.);
#1258=VECTOR('',#10643,1.);
#1259=VECTOR('',#10648,1.);
#1260=VECTOR('',#10653,1.);
#1261=VECTOR('',#10658,1.);
#1262=VECTOR('',#10663,1.);
#1263=VECTOR('',#10668,1.);
#1264=VECTOR('',#10673,1.);
#1265=VECTOR('',#10678,1.);
#1266=VECTOR('',#10679,1.);
#1267=VECTOR('',#10682,1.);
#1268=VECTOR('',#10683,1.);
#1269=VECTOR('',#10686,1.);
#1270=VECTOR('',#10691,1.);
#1271=VECTOR('',#10696,1.);
#1272=VECTOR('',#10701,1.);
#1273=VECTOR('',#10706,1.);
#1274=VECTOR('',#10711,1.);
#1275=VECTOR('',#10716,1.);
#1276=VECTOR('',#10721,1.);
#1277=VECTOR('',#10732,1.);
#1278=VECTOR('',#10733,1.);
#1279=VECTOR('',#10734,1.);
#1280=VECTOR('',#10737,1.);
#1281=VECTOR('',#10738,1.);
#1282=VECTOR('',#10741,1.);
#1283=VECTOR('',#10742,1.);
#1284=VECTOR('',#10745,1.);
#1285=VECTOR('',#10750,1.);
#1286=VECTOR('',#10751,1.);
#1287=VECTOR('',#10752,1.);
#1288=VECTOR('',#10753,1.);
#1289=VECTOR('',#10758,1.);
#1290=VECTOR('',#10765,1.);
#1291=VECTOR('',#10772,1.);
#1292=VECTOR('',#10779,1.);
#1293=VECTOR('',#10784,1.);
#1294=VECTOR('',#10785,1.);
#1295=VECTOR('',#10786,1.);
#1296=VECTOR('',#10791,1.);
#1297=VECTOR('',#10798,1.);
#1298=VECTOR('',#10805,1.);
#1299=VECTOR('',#10812,1.);
#1300=VECTOR('',#10817,1.);
#1301=VECTOR('',#10820,1.);
#1302=VECTOR('',#10823,1.);
#1303=VECTOR('',#10828,1.);
#1304=VECTOR('',#10833,1.);
#1305=VECTOR('',#10838,1.);
#1306=VECTOR('',#10843,1.);
#1307=VECTOR('',#10844,1.);
#1308=VECTOR('',#10847,1.);
#1309=VECTOR('',#10852,1.);
#1310=VECTOR('',#10857,1.);
#1311=VECTOR('',#10862,1.);
#1312=VECTOR('',#10867,1.);
#1313=VECTOR('',#10872,1.);
#1314=VECTOR('',#10877,1.);
#1315=VECTOR('',#10882,1.);
#1316=VECTOR('',#10887,1.);
#1317=VECTOR('',#10888,1.);
#1318=VECTOR('',#10891,1.);
#1319=VECTOR('',#10892,1.);
#1320=VECTOR('',#10895,1.);
#1321=VECTOR('',#10900,1.);
#1322=VECTOR('',#10905,1.);
#1323=VECTOR('',#10910,1.);
#1324=VECTOR('',#10915,1.);
#1325=VECTOR('',#10920,1.);
#1326=VECTOR('',#10925,1.);
#1327=VECTOR('',#10930,1.);
#1328=VECTOR('',#10935,1.);
#1329=VECTOR('',#10940,1.);
#1330=VECTOR('',#10945,1.);
#1331=VECTOR('',#10950,1.);
#1332=VECTOR('',#10967,1.);
#1333=VECTOR('',#10968,1.);
#1334=VECTOR('',#10969,1.);
#1335=VECTOR('',#10972,1.);
#1336=VECTOR('',#10973,1.);
#1337=VECTOR('',#10976,1.);
#1338=VECTOR('',#10977,1.);
#1339=VECTOR('',#10980,1.);
#1340=VECTOR('',#10981,1.);
#1341=VECTOR('',#10984,1.);
#1342=VECTOR('',#10985,1.);
#1343=VECTOR('',#10988,1.);
#1344=VECTOR('',#10989,1.);
#1345=VECTOR('',#10992,1.);
#1346=VECTOR('',#10993,1.);
#1347=VECTOR('',#10996,1.);
#1348=VECTOR('',#10997,1.);
#1349=VECTOR('',#11000,1.);
#1350=VECTOR('',#11001,1.);
#1351=VECTOR('',#11004,1.);
#1352=VECTOR('',#11005,1.);
#1353=VECTOR('',#11008,1.);
#1354=VECTOR('',#11009,1.);
#1355=VECTOR('',#11012,1.);
#1356=ORIENTED_EDGE('',*,*,#3620,.T.);
#1357=ORIENTED_EDGE('',*,*,#3621,.T.);
#1358=ORIENTED_EDGE('',*,*,#3622,.T.);
#1359=ORIENTED_EDGE('',*,*,#3623,.T.);
#1360=ORIENTED_EDGE('',*,*,#3624,.T.);
#1361=ORIENTED_EDGE('',*,*,#3625,.T.);
#1362=ORIENTED_EDGE('',*,*,#3626,.T.);
#1363=ORIENTED_EDGE('',*,*,#3627,.T.);
#1364=ORIENTED_EDGE('',*,*,#3628,.T.);
#1365=ORIENTED_EDGE('',*,*,#3629,.T.);
#1366=ORIENTED_EDGE('',*,*,#3630,.T.);
#1367=ORIENTED_EDGE('',*,*,#3631,.T.);
#1368=ORIENTED_EDGE('',*,*,#3632,.T.);
#1369=ORIENTED_EDGE('',*,*,#3633,.T.);
#1370=ORIENTED_EDGE('',*,*,#3634,.T.);
#1371=ORIENTED_EDGE('',*,*,#3635,.T.);
#1372=ORIENTED_EDGE('',*,*,#3636,.T.);
#1373=ORIENTED_EDGE('',*,*,#3637,.T.);
#1374=ORIENTED_EDGE('',*,*,#3638,.T.);
#1375=ORIENTED_EDGE('',*,*,#3639,.T.);
#1376=ORIENTED_EDGE('',*,*,#3640,.T.);
#1377=ORIENTED_EDGE('',*,*,#3641,.T.);
#1378=ORIENTED_EDGE('',*,*,#3642,.T.);
#1379=ORIENTED_EDGE('',*,*,#3643,.T.);
#1380=ORIENTED_EDGE('',*,*,#3644,.T.);
#1381=ORIENTED_EDGE('',*,*,#3645,.T.);
#1382=ORIENTED_EDGE('',*,*,#3646,.T.);
#1383=ORIENTED_EDGE('',*,*,#3647,.T.);
#1384=ORIENTED_EDGE('',*,*,#3648,.T.);
#1385=ORIENTED_EDGE('',*,*,#3649,.T.);
#1386=ORIENTED_EDGE('',*,*,#3650,.T.);
#1387=ORIENTED_EDGE('',*,*,#3651,.T.);
#1388=ORIENTED_EDGE('',*,*,#3652,.T.);
#1389=ORIENTED_EDGE('',*,*,#3653,.T.);
#1390=ORIENTED_EDGE('',*,*,#3654,.T.);
#1391=ORIENTED_EDGE('',*,*,#3655,.T.);
#1392=ORIENTED_EDGE('',*,*,#3656,.T.);
#1393=ORIENTED_EDGE('',*,*,#3657,.T.);
#1394=ORIENTED_EDGE('',*,*,#3658,.T.);
#1395=ORIENTED_EDGE('',*,*,#3659,.T.);
#1396=ORIENTED_EDGE('',*,*,#3660,.T.);
#1397=ORIENTED_EDGE('',*,*,#3661,.T.);
#1398=ORIENTED_EDGE('',*,*,#3662,.T.);
#1399=ORIENTED_EDGE('',*,*,#3663,.T.);
#1400=ORIENTED_EDGE('',*,*,#3664,.T.);
#1401=ORIENTED_EDGE('',*,*,#3665,.T.);
#1402=ORIENTED_EDGE('',*,*,#3666,.T.);
#1403=ORIENTED_EDGE('',*,*,#3667,.T.);
#1404=ORIENTED_EDGE('',*,*,#3668,.T.);
#1405=ORIENTED_EDGE('',*,*,#3669,.T.);
#1406=ORIENTED_EDGE('',*,*,#3670,.T.);
#1407=ORIENTED_EDGE('',*,*,#3671,.T.);
#1408=ORIENTED_EDGE('',*,*,#3672,.T.);
#1409=ORIENTED_EDGE('',*,*,#3673,.T.);
#1410=ORIENTED_EDGE('',*,*,#3674,.T.);
#1411=ORIENTED_EDGE('',*,*,#3675,.T.);
#1412=ORIENTED_EDGE('',*,*,#3676,.T.);
#1413=ORIENTED_EDGE('',*,*,#3677,.T.);
#1414=ORIENTED_EDGE('',*,*,#3678,.T.);
#1415=ORIENTED_EDGE('',*,*,#3679,.T.);
#1416=ORIENTED_EDGE('',*,*,#3680,.T.);
#1417=ORIENTED_EDGE('',*,*,#3681,.T.);
#1418=ORIENTED_EDGE('',*,*,#3682,.T.);
#1419=ORIENTED_EDGE('',*,*,#3683,.T.);
#1420=ORIENTED_EDGE('',*,*,#3684,.T.);
#1421=ORIENTED_EDGE('',*,*,#3685,.T.);
#1422=ORIENTED_EDGE('',*,*,#3686,.T.);
#1423=ORIENTED_EDGE('',*,*,#3687,.T.);
#1424=ORIENTED_EDGE('',*,*,#3688,.T.);
#1425=ORIENTED_EDGE('',*,*,#3689,.T.);
#1426=ORIENTED_EDGE('',*,*,#3690,.T.);
#1427=ORIENTED_EDGE('',*,*,#3691,.T.);
#1428=ORIENTED_EDGE('',*,*,#3692,.T.);
#1429=ORIENTED_EDGE('',*,*,#3693,.T.);
#1430=ORIENTED_EDGE('',*,*,#3694,.T.);
#1431=ORIENTED_EDGE('',*,*,#3695,.T.);
#1432=ORIENTED_EDGE('',*,*,#3696,.T.);
#1433=ORIENTED_EDGE('',*,*,#3697,.T.);
#1434=ORIENTED_EDGE('',*,*,#3698,.T.);
#1435=ORIENTED_EDGE('',*,*,#3699,.T.);
#1436=ORIENTED_EDGE('',*,*,#3700,.T.);
#1437=ORIENTED_EDGE('',*,*,#3701,.T.);
#1438=ORIENTED_EDGE('',*,*,#3702,.T.);
#1439=ORIENTED_EDGE('',*,*,#3703,.T.);
#1440=ORIENTED_EDGE('',*,*,#3704,.T.);
#1441=ORIENTED_EDGE('',*,*,#3705,.T.);
#1442=ORIENTED_EDGE('',*,*,#3706,.T.);
#1443=ORIENTED_EDGE('',*,*,#3707,.T.);
#1444=ORIENTED_EDGE('',*,*,#3708,.T.);
#1445=ORIENTED_EDGE('',*,*,#3709,.T.);
#1446=ORIENTED_EDGE('',*,*,#3710,.T.);
#1447=ORIENTED_EDGE('',*,*,#3711,.T.);
#1448=ORIENTED_EDGE('',*,*,#3712,.T.);
#1449=ORIENTED_EDGE('',*,*,#3713,.T.);
#1450=ORIENTED_EDGE('',*,*,#3714,.T.);
#1451=ORIENTED_EDGE('',*,*,#3715,.T.);
#1452=ORIENTED_EDGE('',*,*,#3716,.T.);
#1453=ORIENTED_EDGE('',*,*,#3717,.T.);
#1454=ORIENTED_EDGE('',*,*,#3718,.T.);
#1455=ORIENTED_EDGE('',*,*,#3719,.T.);
#1456=ORIENTED_EDGE('',*,*,#3720,.T.);
#1457=ORIENTED_EDGE('',*,*,#3721,.T.);
#1458=ORIENTED_EDGE('',*,*,#3722,.T.);
#1459=ORIENTED_EDGE('',*,*,#3723,.T.);
#1460=ORIENTED_EDGE('',*,*,#3724,.T.);
#1461=ORIENTED_EDGE('',*,*,#3725,.T.);
#1462=ORIENTED_EDGE('',*,*,#3726,.T.);
#1463=ORIENTED_EDGE('',*,*,#3727,.T.);
#1464=ORIENTED_EDGE('',*,*,#3728,.T.);
#1465=ORIENTED_EDGE('',*,*,#3729,.T.);
#1466=ORIENTED_EDGE('',*,*,#3730,.T.);
#1467=ORIENTED_EDGE('',*,*,#3731,.T.);
#1468=ORIENTED_EDGE('',*,*,#3732,.T.);
#1469=ORIENTED_EDGE('',*,*,#3733,.T.);
#1470=ORIENTED_EDGE('',*,*,#3734,.T.);
#1471=ORIENTED_EDGE('',*,*,#3735,.T.);
#1472=ORIENTED_EDGE('',*,*,#3736,.T.);
#1473=ORIENTED_EDGE('',*,*,#3737,.T.);
#1474=ORIENTED_EDGE('',*,*,#3738,.T.);
#1475=ORIENTED_EDGE('',*,*,#3739,.T.);
#1476=ORIENTED_EDGE('',*,*,#3740,.F.);
#1477=ORIENTED_EDGE('',*,*,#3741,.F.);
#1478=ORIENTED_EDGE('',*,*,#3742,.T.);
#1479=ORIENTED_EDGE('',*,*,#3743,.F.);
#1480=ORIENTED_EDGE('',*,*,#3744,.F.);
#1481=ORIENTED_EDGE('',*,*,#3745,.F.);
#1482=ORIENTED_EDGE('',*,*,#3746,.F.);
#1483=ORIENTED_EDGE('',*,*,#3747,.F.);
#1484=ORIENTED_EDGE('',*,*,#3748,.F.);
#1485=ORIENTED_EDGE('',*,*,#3749,.F.);
#1486=ORIENTED_EDGE('',*,*,#3750,.F.);
#1487=ORIENTED_EDGE('',*,*,#3751,.F.);
#1488=ORIENTED_EDGE('',*,*,#3752,.F.);
#1489=ORIENTED_EDGE('',*,*,#3753,.F.);
#1490=ORIENTED_EDGE('',*,*,#3754,.F.);
#1491=ORIENTED_EDGE('',*,*,#3755,.F.);
#1492=ORIENTED_EDGE('',*,*,#3756,.F.);
#1493=ORIENTED_EDGE('',*,*,#3757,.F.);
#1494=ORIENTED_EDGE('',*,*,#3758,.F.);
#1495=ORIENTED_EDGE('',*,*,#3759,.F.);
#1496=ORIENTED_EDGE('',*,*,#3760,.F.);
#1497=ORIENTED_EDGE('',*,*,#3761,.F.);
#1498=ORIENTED_EDGE('',*,*,#3762,.F.);
#1499=ORIENTED_EDGE('',*,*,#3763,.F.);
#1500=ORIENTED_EDGE('',*,*,#3764,.F.);
#1501=ORIENTED_EDGE('',*,*,#3765,.F.);
#1502=ORIENTED_EDGE('',*,*,#3766,.F.);
#1503=ORIENTED_EDGE('',*,*,#3767,.F.);
#1504=ORIENTED_EDGE('',*,*,#3768,.F.);
#1505=ORIENTED_EDGE('',*,*,#3769,.F.);
#1506=ORIENTED_EDGE('',*,*,#3770,.F.);
#1507=ORIENTED_EDGE('',*,*,#3771,.F.);
#1508=ORIENTED_EDGE('',*,*,#3772,.F.);
#1509=ORIENTED_EDGE('',*,*,#3773,.F.);
#1510=ORIENTED_EDGE('',*,*,#3774,.F.);
#1511=ORIENTED_EDGE('',*,*,#3775,.F.);
#1512=ORIENTED_EDGE('',*,*,#3776,.F.);
#1513=ORIENTED_EDGE('',*,*,#3777,.F.);
#1514=ORIENTED_EDGE('',*,*,#3778,.F.);
#1515=ORIENTED_EDGE('',*,*,#3779,.F.);
#1516=ORIENTED_EDGE('',*,*,#3780,.F.);
#1517=ORIENTED_EDGE('',*,*,#3781,.F.);
#1518=ORIENTED_EDGE('',*,*,#3782,.F.);
#1519=ORIENTED_EDGE('',*,*,#3783,.F.);
#1520=ORIENTED_EDGE('',*,*,#3784,.F.);
#1521=ORIENTED_EDGE('',*,*,#3785,.F.);
#1522=ORIENTED_EDGE('',*,*,#3786,.F.);
#1523=ORIENTED_EDGE('',*,*,#3787,.F.);
#1524=ORIENTED_EDGE('',*,*,#3788,.F.);
#1525=ORIENTED_EDGE('',*,*,#3789,.F.);
#1526=ORIENTED_EDGE('',*,*,#3790,.F.);
#1527=ORIENTED_EDGE('',*,*,#3791,.F.);
#1528=ORIENTED_EDGE('',*,*,#3792,.F.);
#1529=ORIENTED_EDGE('',*,*,#3793,.F.);
#1530=ORIENTED_EDGE('',*,*,#3794,.F.);
#1531=ORIENTED_EDGE('',*,*,#3795,.F.);
#1532=ORIENTED_EDGE('',*,*,#3796,.F.);
#1533=ORIENTED_EDGE('',*,*,#3797,.F.);
#1534=ORIENTED_EDGE('',*,*,#3798,.F.);
#1535=ORIENTED_EDGE('',*,*,#3799,.F.);
#1536=ORIENTED_EDGE('',*,*,#3800,.F.);
#1537=ORIENTED_EDGE('',*,*,#3801,.F.);
#1538=ORIENTED_EDGE('',*,*,#3802,.F.);
#1539=ORIENTED_EDGE('',*,*,#3803,.F.);
#1540=ORIENTED_EDGE('',*,*,#3804,.F.);
#1541=ORIENTED_EDGE('',*,*,#3805,.T.);
#1542=ORIENTED_EDGE('',*,*,#3806,.T.);
#1543=ORIENTED_EDGE('',*,*,#3807,.T.);
#1544=ORIENTED_EDGE('',*,*,#3808,.T.);
#1545=ORIENTED_EDGE('',*,*,#3809,.T.);
#1546=ORIENTED_EDGE('',*,*,#3810,.T.);
#1547=ORIENTED_EDGE('',*,*,#3811,.T.);
#1548=ORIENTED_EDGE('',*,*,#3812,.T.);
#1549=ORIENTED_EDGE('',*,*,#3813,.T.);
#1550=ORIENTED_EDGE('',*,*,#3814,.T.);
#1551=ORIENTED_EDGE('',*,*,#3815,.T.);
#1552=ORIENTED_EDGE('',*,*,#3816,.T.);
#1553=ORIENTED_EDGE('',*,*,#3817,.T.);
#1554=ORIENTED_EDGE('',*,*,#3818,.T.);
#1555=ORIENTED_EDGE('',*,*,#3819,.T.);
#1556=ORIENTED_EDGE('',*,*,#3820,.T.);
#1557=ORIENTED_EDGE('',*,*,#3821,.T.);
#1558=ORIENTED_EDGE('',*,*,#3822,.T.);
#1559=ORIENTED_EDGE('',*,*,#3823,.T.);
#1560=ORIENTED_EDGE('',*,*,#3824,.T.);
#1561=ORIENTED_EDGE('',*,*,#3825,.T.);
#1562=ORIENTED_EDGE('',*,*,#3826,.T.);
#1563=ORIENTED_EDGE('',*,*,#3827,.T.);
#1564=ORIENTED_EDGE('',*,*,#3828,.T.);
#1565=ORIENTED_EDGE('',*,*,#3829,.T.);
#1566=ORIENTED_EDGE('',*,*,#3830,.T.);
#1567=ORIENTED_EDGE('',*,*,#3831,.T.);
#1568=ORIENTED_EDGE('',*,*,#3832,.T.);
#1569=ORIENTED_EDGE('',*,*,#3833,.T.);
#1570=ORIENTED_EDGE('',*,*,#3834,.T.);
#1571=ORIENTED_EDGE('',*,*,#3835,.T.);
#1572=ORIENTED_EDGE('',*,*,#3836,.T.);
#1573=ORIENTED_EDGE('',*,*,#3837,.T.);
#1574=ORIENTED_EDGE('',*,*,#3838,.T.);
#1575=ORIENTED_EDGE('',*,*,#3839,.T.);
#1576=ORIENTED_EDGE('',*,*,#3840,.T.);
#1577=ORIENTED_EDGE('',*,*,#3841,.T.);
#1578=ORIENTED_EDGE('',*,*,#3842,.T.);
#1579=ORIENTED_EDGE('',*,*,#3843,.T.);
#1580=ORIENTED_EDGE('',*,*,#3844,.T.);
#1581=ORIENTED_EDGE('',*,*,#3845,.T.);
#1582=ORIENTED_EDGE('',*,*,#3846,.T.);
#1583=ORIENTED_EDGE('',*,*,#3847,.T.);
#1584=ORIENTED_EDGE('',*,*,#3848,.T.);
#1585=ORIENTED_EDGE('',*,*,#3849,.T.);
#1586=ORIENTED_EDGE('',*,*,#3850,.T.);
#1587=ORIENTED_EDGE('',*,*,#3851,.T.);
#1588=ORIENTED_EDGE('',*,*,#3852,.T.);
#1589=ORIENTED_EDGE('',*,*,#3853,.T.);
#1590=ORIENTED_EDGE('',*,*,#3854,.T.);
#1591=ORIENTED_EDGE('',*,*,#3855,.T.);
#1592=ORIENTED_EDGE('',*,*,#3856,.T.);
#1593=ORIENTED_EDGE('',*,*,#3857,.T.);
#1594=ORIENTED_EDGE('',*,*,#3858,.T.);
#1595=ORIENTED_EDGE('',*,*,#3859,.T.);
#1596=ORIENTED_EDGE('',*,*,#3860,.T.);
#1597=ORIENTED_EDGE('',*,*,#3861,.T.);
#1598=ORIENTED_EDGE('',*,*,#3862,.T.);
#1599=ORIENTED_EDGE('',*,*,#3863,.T.);
#1600=ORIENTED_EDGE('',*,*,#3864,.T.);
#1601=ORIENTED_EDGE('',*,*,#3865,.T.);
#1602=ORIENTED_EDGE('',*,*,#3866,.T.);
#1603=ORIENTED_EDGE('',*,*,#3867,.T.);
#1604=ORIENTED_EDGE('',*,*,#3868,.T.);
#1605=ORIENTED_EDGE('',*,*,#3869,.T.);
#1606=ORIENTED_EDGE('',*,*,#3870,.T.);
#1607=ORIENTED_EDGE('',*,*,#3871,.T.);
#1608=ORIENTED_EDGE('',*,*,#3872,.T.);
#1609=ORIENTED_EDGE('',*,*,#3873,.T.);
#1610=ORIENTED_EDGE('',*,*,#3874,.T.);
#1611=ORIENTED_EDGE('',*,*,#3875,.T.);
#1612=ORIENTED_EDGE('',*,*,#3876,.T.);
#1613=ORIENTED_EDGE('',*,*,#3877,.T.);
#1614=ORIENTED_EDGE('',*,*,#3878,.T.);
#1615=ORIENTED_EDGE('',*,*,#3879,.T.);
#1616=ORIENTED_EDGE('',*,*,#3880,.T.);
#1617=ORIENTED_EDGE('',*,*,#3881,.T.);
#1618=ORIENTED_EDGE('',*,*,#3882,.T.);
#1619=ORIENTED_EDGE('',*,*,#3883,.T.);
#1620=ORIENTED_EDGE('',*,*,#3884,.T.);
#1621=ORIENTED_EDGE('',*,*,#3885,.T.);
#1622=ORIENTED_EDGE('',*,*,#3886,.T.);
#1623=ORIENTED_EDGE('',*,*,#3887,.T.);
#1624=ORIENTED_EDGE('',*,*,#3888,.T.);
#1625=ORIENTED_EDGE('',*,*,#3889,.T.);
#1626=ORIENTED_EDGE('',*,*,#3890,.T.);
#1627=ORIENTED_EDGE('',*,*,#3891,.T.);
#1628=ORIENTED_EDGE('',*,*,#3892,.T.);
#1629=ORIENTED_EDGE('',*,*,#3893,.T.);
#1630=ORIENTED_EDGE('',*,*,#3894,.T.);
#1631=ORIENTED_EDGE('',*,*,#3895,.T.);
#1632=ORIENTED_EDGE('',*,*,#3896,.T.);
#1633=ORIENTED_EDGE('',*,*,#3897,.T.);
#1634=ORIENTED_EDGE('',*,*,#3898,.T.);
#1635=ORIENTED_EDGE('',*,*,#3899,.T.);
#1636=ORIENTED_EDGE('',*,*,#3900,.T.);
#1637=ORIENTED_EDGE('',*,*,#3901,.T.);
#1638=ORIENTED_EDGE('',*,*,#3902,.T.);
#1639=ORIENTED_EDGE('',*,*,#3903,.T.);
#1640=ORIENTED_EDGE('',*,*,#3904,.T.);
#1641=ORIENTED_EDGE('',*,*,#3905,.T.);
#1642=ORIENTED_EDGE('',*,*,#3906,.T.);
#1643=ORIENTED_EDGE('',*,*,#3907,.T.);
#1644=ORIENTED_EDGE('',*,*,#3908,.T.);
#1645=ORIENTED_EDGE('',*,*,#3909,.T.);
#1646=ORIENTED_EDGE('',*,*,#3910,.T.);
#1647=ORIENTED_EDGE('',*,*,#3911,.T.);
#1648=ORIENTED_EDGE('',*,*,#3912,.T.);
#1649=ORIENTED_EDGE('',*,*,#3913,.T.);
#1650=ORIENTED_EDGE('',*,*,#3914,.T.);
#1651=ORIENTED_EDGE('',*,*,#3915,.T.);
#1652=ORIENTED_EDGE('',*,*,#3916,.T.);
#1653=ORIENTED_EDGE('',*,*,#3917,.F.);
#1654=ORIENTED_EDGE('',*,*,#3918,.F.);
#1655=ORIENTED_EDGE('',*,*,#3919,.T.);
#1656=ORIENTED_EDGE('',*,*,#3920,.T.);
#1657=ORIENTED_EDGE('',*,*,#3739,.F.);
#1658=ORIENTED_EDGE('',*,*,#3921,.T.);
#1659=ORIENTED_EDGE('',*,*,#3922,.T.);
#1660=ORIENTED_EDGE('',*,*,#3923,.F.);
#1661=ORIENTED_EDGE('',*,*,#3924,.F.);
#1662=ORIENTED_EDGE('',*,*,#3925,.T.);
#1663=ORIENTED_EDGE('',*,*,#3926,.T.);
#1664=ORIENTED_EDGE('',*,*,#3927,.T.);
#1665=ORIENTED_EDGE('',*,*,#3928,.F.);
#1666=ORIENTED_EDGE('',*,*,#3929,.F.);
#1667=ORIENTED_EDGE('',*,*,#3930,.T.);
#1668=ORIENTED_EDGE('',*,*,#3931,.F.);
#1669=ORIENTED_EDGE('',*,*,#3932,.T.);
#1670=ORIENTED_EDGE('',*,*,#3933,.T.);
#1671=ORIENTED_EDGE('',*,*,#3934,.F.);
#1672=ORIENTED_EDGE('',*,*,#3935,.F.);
#1673=ORIENTED_EDGE('',*,*,#3936,.F.);
#1674=ORIENTED_EDGE('',*,*,#3937,.T.);
#1675=ORIENTED_EDGE('',*,*,#3938,.T.);
#1676=ORIENTED_EDGE('',*,*,#3939,.F.);
#1677=ORIENTED_EDGE('',*,*,#3940,.F.);
#1678=ORIENTED_EDGE('',*,*,#3932,.F.);
#1679=ORIENTED_EDGE('',*,*,#3941,.T.);
#1680=ORIENTED_EDGE('',*,*,#3918,.T.);
#1681=ORIENTED_EDGE('',*,*,#3942,.T.);
#1682=ORIENTED_EDGE('',*,*,#3920,.F.);
#1683=ORIENTED_EDGE('',*,*,#3943,.F.);
#1684=ORIENTED_EDGE('',*,*,#3934,.T.);
#1685=ORIENTED_EDGE('',*,*,#3944,.F.);
#1686=ORIENTED_EDGE('',*,*,#3941,.F.);
#1687=ORIENTED_EDGE('',*,*,#3931,.T.);
#1688=ORIENTED_EDGE('',*,*,#3945,.F.);
#1689=ORIENTED_EDGE('',*,*,#3946,.T.);
#1690=ORIENTED_EDGE('',*,*,#3947,.T.);
#1691=ORIENTED_EDGE('',*,*,#3939,.T.);
#1692=ORIENTED_EDGE('',*,*,#3948,.F.);
#1693=ORIENTED_EDGE('',*,*,#3949,.F.);
#1694=ORIENTED_EDGE('',*,*,#3950,.T.);
#1695=ORIENTED_EDGE('',*,*,#3935,.T.);
#1696=ORIENTED_EDGE('',*,*,#3943,.T.);
#1697=ORIENTED_EDGE('',*,*,#3919,.F.);
#1698=ORIENTED_EDGE('',*,*,#3951,.T.);
#1699=ORIENTED_EDGE('',*,*,#3952,.F.);
#1700=ORIENTED_EDGE('',*,*,#3940,.T.);
#1701=ORIENTED_EDGE('',*,*,#3917,.T.);
#1702=ORIENTED_EDGE('',*,*,#3942,.F.);
#1703=ORIENTED_EDGE('',*,*,#3933,.F.);
#1704=ORIENTED_EDGE('',*,*,#3949,.T.);
#1705=ORIENTED_EDGE('',*,*,#3953,.F.);
#1706=ORIENTED_EDGE('',*,*,#3954,.F.);
#1707=ORIENTED_EDGE('',*,*,#3955,.T.);
#1708=ORIENTED_EDGE('',*,*,#3948,.T.);
#1709=ORIENTED_EDGE('',*,*,#3938,.F.);
#1710=ORIENTED_EDGE('',*,*,#3956,.F.);
#1711=ORIENTED_EDGE('',*,*,#3953,.T.);
#1712=ORIENTED_EDGE('',*,*,#3957,.T.);
#1713=ORIENTED_EDGE('',*,*,#3951,.F.);
#1714=ORIENTED_EDGE('',*,*,#3950,.F.);
#1715=ORIENTED_EDGE('',*,*,#3955,.F.);
#1716=ORIENTED_EDGE('',*,*,#3958,.T.);
#1717=ORIENTED_EDGE('',*,*,#3936,.T.);
#1718=ORIENTED_EDGE('',*,*,#3957,.F.);
#1719=ORIENTED_EDGE('',*,*,#3954,.T.);
#1720=ORIENTED_EDGE('',*,*,#3956,.T.);
#1721=ORIENTED_EDGE('',*,*,#3937,.F.);
#1722=ORIENTED_EDGE('',*,*,#3958,.F.);
#1723=ORIENTED_EDGE('',*,*,#3946,.F.);
#1724=ORIENTED_EDGE('',*,*,#3959,.F.);
#1725=ORIENTED_EDGE('',*,*,#3960,.T.);
#1726=ORIENTED_EDGE('',*,*,#3961,.T.);
#1727=ORIENTED_EDGE('',*,*,#3947,.F.);
#1728=ORIENTED_EDGE('',*,*,#3961,.F.);
#1729=ORIENTED_EDGE('',*,*,#3962,.T.);
#1730=ORIENTED_EDGE('',*,*,#3928,.T.);
#1731=ORIENTED_EDGE('',*,*,#3963,.F.);
#1732=ORIENTED_EDGE('',*,*,#3952,.T.);
#1733=ORIENTED_EDGE('',*,*,#3945,.T.);
#1734=ORIENTED_EDGE('',*,*,#3930,.F.);
#1735=ORIENTED_EDGE('',*,*,#3964,.F.);
#1736=ORIENTED_EDGE('',*,*,#3959,.T.);
#1737=ORIENTED_EDGE('',*,*,#3963,.T.);
#1738=ORIENTED_EDGE('',*,*,#3960,.F.);
#1739=ORIENTED_EDGE('',*,*,#3964,.T.);
#1740=ORIENTED_EDGE('',*,*,#3929,.T.);
#1741=ORIENTED_EDGE('',*,*,#3962,.F.);
#1742=ORIENTED_EDGE('',*,*,#3965,.F.);
#1743=ORIENTED_EDGE('',*,*,#3944,.T.);
#1744=ORIENTED_EDGE('',*,*,#3966,.F.);
#1745=ORIENTED_EDGE('',*,*,#3965,.T.);
#1746=ORIENTED_EDGE('',*,*,#3967,.F.);
#1747=ORIENTED_EDGE('',*,*,#3968,.T.);
#1748=ORIENTED_EDGE('',*,*,#3927,.F.);
#1749=ORIENTED_EDGE('',*,*,#3969,.F.);
#1750=ORIENTED_EDGE('',*,*,#3970,.F.);
#1751=ORIENTED_EDGE('',*,*,#3971,.T.);
#1752=ORIENTED_EDGE('',*,*,#3925,.F.);
#1753=ORIENTED_EDGE('',*,*,#3972,.F.);
#1754=ORIENTED_EDGE('',*,*,#3966,.T.);
#1755=ORIENTED_EDGE('',*,*,#3926,.F.);
#1756=ORIENTED_EDGE('',*,*,#3971,.F.);
#1757=ORIENTED_EDGE('',*,*,#3973,.T.);
#1758=ORIENTED_EDGE('',*,*,#3969,.T.);
#1759=ORIENTED_EDGE('',*,*,#3973,.F.);
#1760=ORIENTED_EDGE('',*,*,#3970,.T.);
#1761=ORIENTED_EDGE('',*,*,#3924,.T.);
#1762=ORIENTED_EDGE('',*,*,#3968,.F.);
#1763=ORIENTED_EDGE('',*,*,#3974,.F.);
#1764=ORIENTED_EDGE('',*,*,#3972,.T.);
#1765=ORIENTED_EDGE('',*,*,#3967,.T.);
#1766=ORIENTED_EDGE('',*,*,#3974,.T.);
#1767=ORIENTED_EDGE('',*,*,#3921,.F.);
#1768=ORIENTED_EDGE('',*,*,#3742,.F.);
#1769=ORIENTED_EDGE('',*,*,#3975,.T.);
#1770=ORIENTED_EDGE('',*,*,#3976,.T.);
#1771=ORIENTED_EDGE('',*,*,#3923,.T.);
#1772=ORIENTED_EDGE('',*,*,#3977,.F.);
#1773=ORIENTED_EDGE('',*,*,#3978,.F.);
#1774=ORIENTED_EDGE('',*,*,#3740,.T.);
#1775=ORIENTED_EDGE('',*,*,#3922,.F.);
#1776=ORIENTED_EDGE('',*,*,#3976,.F.);
#1777=ORIENTED_EDGE('',*,*,#3979,.T.);
#1778=ORIENTED_EDGE('',*,*,#3977,.T.);
#1779=ORIENTED_EDGE('',*,*,#3975,.F.);
#1780=ORIENTED_EDGE('',*,*,#3741,.T.);
#1781=ORIENTED_EDGE('',*,*,#3978,.T.);
#1782=ORIENTED_EDGE('',*,*,#3979,.F.);
#1783=ORIENTED_EDGE('',*,*,#3744,.T.);
#1784=ORIENTED_EDGE('',*,*,#3980,.F.);
#1785=ORIENTED_EDGE('',*,*,#3981,.F.);
#1786=ORIENTED_EDGE('',*,*,#3982,.T.);
#1787=ORIENTED_EDGE('',*,*,#3743,.T.);
#1788=ORIENTED_EDGE('',*,*,#3983,.F.);
#1789=ORIENTED_EDGE('',*,*,#3984,.F.);
#1790=ORIENTED_EDGE('',*,*,#3980,.T.);
#1791=ORIENTED_EDGE('',*,*,#3804,.T.);
#1792=ORIENTED_EDGE('',*,*,#3985,.F.);
#1793=ORIENTED_EDGE('',*,*,#3986,.F.);
#1794=ORIENTED_EDGE('',*,*,#3983,.T.);
#1795=ORIENTED_EDGE('',*,*,#3803,.T.);
#1796=ORIENTED_EDGE('',*,*,#3987,.F.);
#1797=ORIENTED_EDGE('',*,*,#3988,.F.);
#1798=ORIENTED_EDGE('',*,*,#3985,.T.);
#1799=ORIENTED_EDGE('',*,*,#3802,.T.);
#1800=ORIENTED_EDGE('',*,*,#3989,.F.);
#1801=ORIENTED_EDGE('',*,*,#3990,.F.);
#1802=ORIENTED_EDGE('',*,*,#3987,.T.);
#1803=ORIENTED_EDGE('',*,*,#3801,.T.);
#1804=ORIENTED_EDGE('',*,*,#3991,.F.);
#1805=ORIENTED_EDGE('',*,*,#3992,.F.);
#1806=ORIENTED_EDGE('',*,*,#3989,.T.);
#1807=ORIENTED_EDGE('',*,*,#3800,.T.);
#1808=ORIENTED_EDGE('',*,*,#3993,.F.);
#1809=ORIENTED_EDGE('',*,*,#3994,.F.);
#1810=ORIENTED_EDGE('',*,*,#3991,.T.);
#1811=ORIENTED_EDGE('',*,*,#3799,.T.);
#1812=ORIENTED_EDGE('',*,*,#3995,.F.);
#1813=ORIENTED_EDGE('',*,*,#3996,.F.);
#1814=ORIENTED_EDGE('',*,*,#3993,.T.);
#1815=ORIENTED_EDGE('',*,*,#3798,.T.);
#1816=ORIENTED_EDGE('',*,*,#3997,.F.);
#1817=ORIENTED_EDGE('',*,*,#3998,.F.);
#1818=ORIENTED_EDGE('',*,*,#3995,.T.);
#1819=ORIENTED_EDGE('',*,*,#3797,.T.);
#1820=ORIENTED_EDGE('',*,*,#3999,.F.);
#1821=ORIENTED_EDGE('',*,*,#4000,.F.);
#1822=ORIENTED_EDGE('',*,*,#3997,.T.);
#1823=ORIENTED_EDGE('',*,*,#3796,.T.);
#1824=ORIENTED_EDGE('',*,*,#4001,.F.);
#1825=ORIENTED_EDGE('',*,*,#4002,.F.);
#1826=ORIENTED_EDGE('',*,*,#3999,.T.);
#1827=ORIENTED_EDGE('',*,*,#3795,.T.);
#1828=ORIENTED_EDGE('',*,*,#4003,.F.);
#1829=ORIENTED_EDGE('',*,*,#4004,.F.);
#1830=ORIENTED_EDGE('',*,*,#4001,.T.);
#1831=ORIENTED_EDGE('',*,*,#3794,.T.);
#1832=ORIENTED_EDGE('',*,*,#4005,.F.);
#1833=ORIENTED_EDGE('',*,*,#4006,.F.);
#1834=ORIENTED_EDGE('',*,*,#4003,.T.);
#1835=ORIENTED_EDGE('',*,*,#3793,.T.);
#1836=ORIENTED_EDGE('',*,*,#4007,.F.);
#1837=ORIENTED_EDGE('',*,*,#4008,.F.);
#1838=ORIENTED_EDGE('',*,*,#4005,.T.);
#1839=ORIENTED_EDGE('',*,*,#3792,.T.);
#1840=ORIENTED_EDGE('',*,*,#4009,.F.);
#1841=ORIENTED_EDGE('',*,*,#4010,.F.);
#1842=ORIENTED_EDGE('',*,*,#4007,.T.);
#1843=ORIENTED_EDGE('',*,*,#3791,.T.);
#1844=ORIENTED_EDGE('',*,*,#4011,.F.);
#1845=ORIENTED_EDGE('',*,*,#4012,.F.);
#1846=ORIENTED_EDGE('',*,*,#4009,.T.);
#1847=ORIENTED_EDGE('',*,*,#3790,.T.);
#1848=ORIENTED_EDGE('',*,*,#4013,.F.);
#1849=ORIENTED_EDGE('',*,*,#4014,.F.);
#1850=ORIENTED_EDGE('',*,*,#4011,.T.);
#1851=ORIENTED_EDGE('',*,*,#3789,.T.);
#1852=ORIENTED_EDGE('',*,*,#4015,.F.);
#1853=ORIENTED_EDGE('',*,*,#4016,.F.);
#1854=ORIENTED_EDGE('',*,*,#4013,.T.);
#1855=ORIENTED_EDGE('',*,*,#3788,.T.);
#1856=ORIENTED_EDGE('',*,*,#4017,.F.);
#1857=ORIENTED_EDGE('',*,*,#4018,.F.);
#1858=ORIENTED_EDGE('',*,*,#4015,.T.);
#1859=ORIENTED_EDGE('',*,*,#3787,.T.);
#1860=ORIENTED_EDGE('',*,*,#4019,.F.);
#1861=ORIENTED_EDGE('',*,*,#4020,.F.);
#1862=ORIENTED_EDGE('',*,*,#4017,.T.);
#1863=ORIENTED_EDGE('',*,*,#3786,.T.);
#1864=ORIENTED_EDGE('',*,*,#4021,.F.);
#1865=ORIENTED_EDGE('',*,*,#4022,.F.);
#1866=ORIENTED_EDGE('',*,*,#4019,.T.);
#1867=ORIENTED_EDGE('',*,*,#3785,.T.);
#1868=ORIENTED_EDGE('',*,*,#4023,.F.);
#1869=ORIENTED_EDGE('',*,*,#4024,.F.);
#1870=ORIENTED_EDGE('',*,*,#4021,.T.);
#1871=ORIENTED_EDGE('',*,*,#3784,.T.);
#1872=ORIENTED_EDGE('',*,*,#4025,.F.);
#1873=ORIENTED_EDGE('',*,*,#4026,.F.);
#1874=ORIENTED_EDGE('',*,*,#4023,.T.);
#1875=ORIENTED_EDGE('',*,*,#3783,.T.);
#1876=ORIENTED_EDGE('',*,*,#4027,.F.);
#1877=ORIENTED_EDGE('',*,*,#4028,.F.);
#1878=ORIENTED_EDGE('',*,*,#4025,.T.);
#1879=ORIENTED_EDGE('',*,*,#3782,.T.);
#1880=ORIENTED_EDGE('',*,*,#4029,.F.);
#1881=ORIENTED_EDGE('',*,*,#4030,.F.);
#1882=ORIENTED_EDGE('',*,*,#4027,.T.);
#1883=ORIENTED_EDGE('',*,*,#3781,.T.);
#1884=ORIENTED_EDGE('',*,*,#4031,.F.);
#1885=ORIENTED_EDGE('',*,*,#4032,.F.);
#1886=ORIENTED_EDGE('',*,*,#4029,.T.);
#1887=ORIENTED_EDGE('',*,*,#3780,.T.);
#1888=ORIENTED_EDGE('',*,*,#4033,.F.);
#1889=ORIENTED_EDGE('',*,*,#4034,.F.);
#1890=ORIENTED_EDGE('',*,*,#4031,.T.);
#1891=ORIENTED_EDGE('',*,*,#3779,.T.);
#1892=ORIENTED_EDGE('',*,*,#4035,.F.);
#1893=ORIENTED_EDGE('',*,*,#4036,.F.);
#1894=ORIENTED_EDGE('',*,*,#4033,.T.);
#1895=ORIENTED_EDGE('',*,*,#3778,.T.);
#1896=ORIENTED_EDGE('',*,*,#4037,.F.);
#1897=ORIENTED_EDGE('',*,*,#4038,.F.);
#1898=ORIENTED_EDGE('',*,*,#4035,.T.);
#1899=ORIENTED_EDGE('',*,*,#3777,.T.);
#1900=ORIENTED_EDGE('',*,*,#4039,.F.);
#1901=ORIENTED_EDGE('',*,*,#4040,.F.);
#1902=ORIENTED_EDGE('',*,*,#4037,.T.);
#1903=ORIENTED_EDGE('',*,*,#3776,.T.);
#1904=ORIENTED_EDGE('',*,*,#4041,.F.);
#1905=ORIENTED_EDGE('',*,*,#4042,.F.);
#1906=ORIENTED_EDGE('',*,*,#4039,.T.);
#1907=ORIENTED_EDGE('',*,*,#3775,.T.);
#1908=ORIENTED_EDGE('',*,*,#4043,.F.);
#1909=ORIENTED_EDGE('',*,*,#4044,.F.);
#1910=ORIENTED_EDGE('',*,*,#4041,.T.);
#1911=ORIENTED_EDGE('',*,*,#3774,.T.);
#1912=ORIENTED_EDGE('',*,*,#4045,.F.);
#1913=ORIENTED_EDGE('',*,*,#4046,.F.);
#1914=ORIENTED_EDGE('',*,*,#4043,.T.);
#1915=ORIENTED_EDGE('',*,*,#3773,.T.);
#1916=ORIENTED_EDGE('',*,*,#4047,.F.);
#1917=ORIENTED_EDGE('',*,*,#4048,.F.);
#1918=ORIENTED_EDGE('',*,*,#4045,.T.);
#1919=ORIENTED_EDGE('',*,*,#3772,.T.);
#1920=ORIENTED_EDGE('',*,*,#4049,.F.);
#1921=ORIENTED_EDGE('',*,*,#4050,.F.);
#1922=ORIENTED_EDGE('',*,*,#4047,.T.);
#1923=ORIENTED_EDGE('',*,*,#3771,.T.);
#1924=ORIENTED_EDGE('',*,*,#4051,.F.);
#1925=ORIENTED_EDGE('',*,*,#4052,.F.);
#1926=ORIENTED_EDGE('',*,*,#4049,.T.);
#1927=ORIENTED_EDGE('',*,*,#3770,.T.);
#1928=ORIENTED_EDGE('',*,*,#4053,.F.);
#1929=ORIENTED_EDGE('',*,*,#4054,.F.);
#1930=ORIENTED_EDGE('',*,*,#4051,.T.);
#1931=ORIENTED_EDGE('',*,*,#3769,.T.);
#1932=ORIENTED_EDGE('',*,*,#4055,.F.);
#1933=ORIENTED_EDGE('',*,*,#4056,.F.);
#1934=ORIENTED_EDGE('',*,*,#4053,.T.);
#1935=ORIENTED_EDGE('',*,*,#3768,.T.);
#1936=ORIENTED_EDGE('',*,*,#4057,.F.);
#1937=ORIENTED_EDGE('',*,*,#4058,.F.);
#1938=ORIENTED_EDGE('',*,*,#4055,.T.);
#1939=ORIENTED_EDGE('',*,*,#3767,.T.);
#1940=ORIENTED_EDGE('',*,*,#4059,.F.);
#1941=ORIENTED_EDGE('',*,*,#4060,.F.);
#1942=ORIENTED_EDGE('',*,*,#4057,.T.);
#1943=ORIENTED_EDGE('',*,*,#3766,.T.);
#1944=ORIENTED_EDGE('',*,*,#4061,.F.);
#1945=ORIENTED_EDGE('',*,*,#4062,.F.);
#1946=ORIENTED_EDGE('',*,*,#4059,.T.);
#1947=ORIENTED_EDGE('',*,*,#3765,.T.);
#1948=ORIENTED_EDGE('',*,*,#4063,.F.);
#1949=ORIENTED_EDGE('',*,*,#4064,.F.);
#1950=ORIENTED_EDGE('',*,*,#4061,.T.);
#1951=ORIENTED_EDGE('',*,*,#3764,.T.);
#1952=ORIENTED_EDGE('',*,*,#4065,.F.);
#1953=ORIENTED_EDGE('',*,*,#4066,.F.);
#1954=ORIENTED_EDGE('',*,*,#4063,.T.);
#1955=ORIENTED_EDGE('',*,*,#3763,.T.);
#1956=ORIENTED_EDGE('',*,*,#4067,.F.);
#1957=ORIENTED_EDGE('',*,*,#4068,.F.);
#1958=ORIENTED_EDGE('',*,*,#4065,.T.);
#1959=ORIENTED_EDGE('',*,*,#3762,.T.);
#1960=ORIENTED_EDGE('',*,*,#4069,.F.);
#1961=ORIENTED_EDGE('',*,*,#4070,.F.);
#1962=ORIENTED_EDGE('',*,*,#4067,.T.);
#1963=ORIENTED_EDGE('',*,*,#3761,.T.);
#1964=ORIENTED_EDGE('',*,*,#4071,.F.);
#1965=ORIENTED_EDGE('',*,*,#4072,.F.);
#1966=ORIENTED_EDGE('',*,*,#4069,.T.);
#1967=ORIENTED_EDGE('',*,*,#3760,.T.);
#1968=ORIENTED_EDGE('',*,*,#4073,.F.);
#1969=ORIENTED_EDGE('',*,*,#4074,.F.);
#1970=ORIENTED_EDGE('',*,*,#4071,.T.);
#1971=ORIENTED_EDGE('',*,*,#3759,.T.);
#1972=ORIENTED_EDGE('',*,*,#4075,.F.);
#1973=ORIENTED_EDGE('',*,*,#4076,.F.);
#1974=ORIENTED_EDGE('',*,*,#4073,.T.);
#1975=ORIENTED_EDGE('',*,*,#3758,.T.);
#1976=ORIENTED_EDGE('',*,*,#4077,.F.);
#1977=ORIENTED_EDGE('',*,*,#4078,.F.);
#1978=ORIENTED_EDGE('',*,*,#4075,.T.);
#1979=ORIENTED_EDGE('',*,*,#3757,.T.);
#1980=ORIENTED_EDGE('',*,*,#4079,.F.);
#1981=ORIENTED_EDGE('',*,*,#4080,.F.);
#1982=ORIENTED_EDGE('',*,*,#4077,.T.);
#1983=ORIENTED_EDGE('',*,*,#3756,.T.);
#1984=ORIENTED_EDGE('',*,*,#4081,.F.);
#1985=ORIENTED_EDGE('',*,*,#4082,.F.);
#1986=ORIENTED_EDGE('',*,*,#4079,.T.);
#1987=ORIENTED_EDGE('',*,*,#3755,.T.);
#1988=ORIENTED_EDGE('',*,*,#4083,.F.);
#1989=ORIENTED_EDGE('',*,*,#4084,.F.);
#1990=ORIENTED_EDGE('',*,*,#4081,.T.);
#1991=ORIENTED_EDGE('',*,*,#3754,.T.);
#1992=ORIENTED_EDGE('',*,*,#4085,.F.);
#1993=ORIENTED_EDGE('',*,*,#4086,.F.);
#1994=ORIENTED_EDGE('',*,*,#4083,.T.);
#1995=ORIENTED_EDGE('',*,*,#3753,.T.);
#1996=ORIENTED_EDGE('',*,*,#4087,.F.);
#1997=ORIENTED_EDGE('',*,*,#4088,.F.);
#1998=ORIENTED_EDGE('',*,*,#4085,.T.);
#1999=ORIENTED_EDGE('',*,*,#3752,.T.);
#2000=ORIENTED_EDGE('',*,*,#4089,.F.);
#2001=ORIENTED_EDGE('',*,*,#4090,.F.);
#2002=ORIENTED_EDGE('',*,*,#4087,.T.);
#2003=ORIENTED_EDGE('',*,*,#3751,.T.);
#2004=ORIENTED_EDGE('',*,*,#4091,.F.);
#2005=ORIENTED_EDGE('',*,*,#4092,.F.);
#2006=ORIENTED_EDGE('',*,*,#4089,.T.);
#2007=ORIENTED_EDGE('',*,*,#3750,.T.);
#2008=ORIENTED_EDGE('',*,*,#4093,.F.);
#2009=ORIENTED_EDGE('',*,*,#4094,.F.);
#2010=ORIENTED_EDGE('',*,*,#4091,.T.);
#2011=ORIENTED_EDGE('',*,*,#3749,.T.);
#2012=ORIENTED_EDGE('',*,*,#4095,.F.);
#2013=ORIENTED_EDGE('',*,*,#4096,.F.);
#2014=ORIENTED_EDGE('',*,*,#4093,.T.);
#2015=ORIENTED_EDGE('',*,*,#3748,.T.);
#2016=ORIENTED_EDGE('',*,*,#4097,.F.);
#2017=ORIENTED_EDGE('',*,*,#4098,.F.);
#2018=ORIENTED_EDGE('',*,*,#4095,.T.);
#2019=ORIENTED_EDGE('',*,*,#3747,.T.);
#2020=ORIENTED_EDGE('',*,*,#4099,.F.);
#2021=ORIENTED_EDGE('',*,*,#4100,.F.);
#2022=ORIENTED_EDGE('',*,*,#4097,.T.);
#2023=ORIENTED_EDGE('',*,*,#3746,.T.);
#2024=ORIENTED_EDGE('',*,*,#4101,.F.);
#2025=ORIENTED_EDGE('',*,*,#4102,.F.);
#2026=ORIENTED_EDGE('',*,*,#4099,.T.);
#2027=ORIENTED_EDGE('',*,*,#3745,.T.);
#2028=ORIENTED_EDGE('',*,*,#3982,.F.);
#2029=ORIENTED_EDGE('',*,*,#4103,.F.);
#2030=ORIENTED_EDGE('',*,*,#4101,.T.);
#2031=ORIENTED_EDGE('',*,*,#3981,.T.);
#2032=ORIENTED_EDGE('',*,*,#3984,.T.);
#2033=ORIENTED_EDGE('',*,*,#3986,.T.);
#2034=ORIENTED_EDGE('',*,*,#3988,.T.);
#2035=ORIENTED_EDGE('',*,*,#3990,.T.);
#2036=ORIENTED_EDGE('',*,*,#3992,.T.);
#2037=ORIENTED_EDGE('',*,*,#3994,.T.);
#2038=ORIENTED_EDGE('',*,*,#3996,.T.);
#2039=ORIENTED_EDGE('',*,*,#3998,.T.);
#2040=ORIENTED_EDGE('',*,*,#4000,.T.);
#2041=ORIENTED_EDGE('',*,*,#4002,.T.);
#2042=ORIENTED_EDGE('',*,*,#4004,.T.);
#2043=ORIENTED_EDGE('',*,*,#4006,.T.);
#2044=ORIENTED_EDGE('',*,*,#4008,.T.);
#2045=ORIENTED_EDGE('',*,*,#4010,.T.);
#2046=ORIENTED_EDGE('',*,*,#4012,.T.);
#2047=ORIENTED_EDGE('',*,*,#4014,.T.);
#2048=ORIENTED_EDGE('',*,*,#4016,.T.);
#2049=ORIENTED_EDGE('',*,*,#4018,.T.);
#2050=ORIENTED_EDGE('',*,*,#4020,.T.);
#2051=ORIENTED_EDGE('',*,*,#4022,.T.);
#2052=ORIENTED_EDGE('',*,*,#4024,.T.);
#2053=ORIENTED_EDGE('',*,*,#4026,.T.);
#2054=ORIENTED_EDGE('',*,*,#4028,.T.);
#2055=ORIENTED_EDGE('',*,*,#4030,.T.);
#2056=ORIENTED_EDGE('',*,*,#4032,.T.);
#2057=ORIENTED_EDGE('',*,*,#4034,.T.);
#2058=ORIENTED_EDGE('',*,*,#4036,.T.);
#2059=ORIENTED_EDGE('',*,*,#4038,.T.);
#2060=ORIENTED_EDGE('',*,*,#4040,.T.);
#2061=ORIENTED_EDGE('',*,*,#4042,.T.);
#2062=ORIENTED_EDGE('',*,*,#4044,.T.);
#2063=ORIENTED_EDGE('',*,*,#4046,.T.);
#2064=ORIENTED_EDGE('',*,*,#4048,.T.);
#2065=ORIENTED_EDGE('',*,*,#4050,.T.);
#2066=ORIENTED_EDGE('',*,*,#4052,.T.);
#2067=ORIENTED_EDGE('',*,*,#4054,.T.);
#2068=ORIENTED_EDGE('',*,*,#4056,.T.);
#2069=ORIENTED_EDGE('',*,*,#4058,.T.);
#2070=ORIENTED_EDGE('',*,*,#4060,.T.);
#2071=ORIENTED_EDGE('',*,*,#4062,.T.);
#2072=ORIENTED_EDGE('',*,*,#4064,.T.);
#2073=ORIENTED_EDGE('',*,*,#4066,.T.);
#2074=ORIENTED_EDGE('',*,*,#4068,.T.);
#2075=ORIENTED_EDGE('',*,*,#4070,.T.);
#2076=ORIENTED_EDGE('',*,*,#4072,.T.);
#2077=ORIENTED_EDGE('',*,*,#4074,.T.);
#2078=ORIENTED_EDGE('',*,*,#4076,.T.);
#2079=ORIENTED_EDGE('',*,*,#4078,.T.);
#2080=ORIENTED_EDGE('',*,*,#4080,.T.);
#2081=ORIENTED_EDGE('',*,*,#4082,.T.);
#2082=ORIENTED_EDGE('',*,*,#4084,.T.);
#2083=ORIENTED_EDGE('',*,*,#4086,.T.);
#2084=ORIENTED_EDGE('',*,*,#4088,.T.);
#2085=ORIENTED_EDGE('',*,*,#4090,.T.);
#2086=ORIENTED_EDGE('',*,*,#4092,.T.);
#2087=ORIENTED_EDGE('',*,*,#4094,.T.);
#2088=ORIENTED_EDGE('',*,*,#4096,.T.);
#2089=ORIENTED_EDGE('',*,*,#4098,.T.);
#2090=ORIENTED_EDGE('',*,*,#4100,.T.);
#2091=ORIENTED_EDGE('',*,*,#4102,.T.);
#2092=ORIENTED_EDGE('',*,*,#4103,.T.);
#2093=ORIENTED_EDGE('',*,*,#4104,.F.);
#2094=ORIENTED_EDGE('',*,*,#4105,.F.);
#2095=ORIENTED_EDGE('',*,*,#4106,.T.);
#2096=ORIENTED_EDGE('',*,*,#4107,.T.);
#2097=ORIENTED_EDGE('',*,*,#4108,.F.);
#2098=ORIENTED_EDGE('',*,*,#4109,.F.);
#2099=ORIENTED_EDGE('',*,*,#4110,.T.);
#2100=ORIENTED_EDGE('',*,*,#4105,.T.);
#2101=ORIENTED_EDGE('',*,*,#4111,.F.);
#2102=ORIENTED_EDGE('',*,*,#4112,.F.);
#2103=ORIENTED_EDGE('',*,*,#4113,.T.);
#2104=ORIENTED_EDGE('',*,*,#4109,.T.);
#2105=ORIENTED_EDGE('',*,*,#4114,.F.);
#2106=ORIENTED_EDGE('',*,*,#4115,.F.);
#2107=ORIENTED_EDGE('',*,*,#4116,.T.);
#2108=ORIENTED_EDGE('',*,*,#4112,.T.);
#2109=ORIENTED_EDGE('',*,*,#4117,.F.);
#2110=ORIENTED_EDGE('',*,*,#4118,.F.);
#2111=ORIENTED_EDGE('',*,*,#4119,.T.);
#2112=ORIENTED_EDGE('',*,*,#4115,.T.);
#2113=ORIENTED_EDGE('',*,*,#4120,.F.);
#2114=ORIENTED_EDGE('',*,*,#4121,.F.);
#2115=ORIENTED_EDGE('',*,*,#4122,.T.);
#2116=ORIENTED_EDGE('',*,*,#4118,.T.);
#2117=ORIENTED_EDGE('',*,*,#4123,.F.);
#2118=ORIENTED_EDGE('',*,*,#4124,.F.);
#2119=ORIENTED_EDGE('',*,*,#4125,.T.);
#2120=ORIENTED_EDGE('',*,*,#4121,.T.);
#2121=ORIENTED_EDGE('',*,*,#4126,.F.);
#2122=ORIENTED_EDGE('',*,*,#4127,.F.);
#2123=ORIENTED_EDGE('',*,*,#4128,.T.);
#2124=ORIENTED_EDGE('',*,*,#4124,.T.);
#2125=ORIENTED_EDGE('',*,*,#4129,.F.);
#2126=ORIENTED_EDGE('',*,*,#4130,.F.);
#2127=ORIENTED_EDGE('',*,*,#4131,.T.);
#2128=ORIENTED_EDGE('',*,*,#4127,.T.);
#2129=ORIENTED_EDGE('',*,*,#4132,.F.);
#2130=ORIENTED_EDGE('',*,*,#4133,.F.);
#2131=ORIENTED_EDGE('',*,*,#4134,.T.);
#2132=ORIENTED_EDGE('',*,*,#4130,.T.);
#2133=ORIENTED_EDGE('',*,*,#3805,.F.);
#2134=ORIENTED_EDGE('',*,*,#4135,.F.);
#2135=ORIENTED_EDGE('',*,*,#4136,.T.);
#2136=ORIENTED_EDGE('',*,*,#4137,.T.);
#2137=ORIENTED_EDGE('',*,*,#3833,.F.);
#2138=ORIENTED_EDGE('',*,*,#4138,.F.);
#2139=ORIENTED_EDGE('',*,*,#4139,.T.);
#2140=ORIENTED_EDGE('',*,*,#4135,.T.);
#2141=ORIENTED_EDGE('',*,*,#3832,.F.);
#2142=ORIENTED_EDGE('',*,*,#4140,.F.);
#2143=ORIENTED_EDGE('',*,*,#4141,.T.);
#2144=ORIENTED_EDGE('',*,*,#4138,.T.);
#2145=ORIENTED_EDGE('',*,*,#3831,.F.);
#2146=ORIENTED_EDGE('',*,*,#4142,.F.);
#2147=ORIENTED_EDGE('',*,*,#4143,.T.);
#2148=ORIENTED_EDGE('',*,*,#4140,.T.);
#2149=ORIENTED_EDGE('',*,*,#3830,.F.);
#2150=ORIENTED_EDGE('',*,*,#4144,.F.);
#2151=ORIENTED_EDGE('',*,*,#4145,.T.);
#2152=ORIENTED_EDGE('',*,*,#4142,.T.);
#2153=ORIENTED_EDGE('',*,*,#3829,.F.);
#2154=ORIENTED_EDGE('',*,*,#4146,.F.);
#2155=ORIENTED_EDGE('',*,*,#4147,.T.);
#2156=ORIENTED_EDGE('',*,*,#4144,.T.);
#2157=ORIENTED_EDGE('',*,*,#3828,.F.);
#2158=ORIENTED_EDGE('',*,*,#4148,.F.);
#2159=ORIENTED_EDGE('',*,*,#4149,.T.);
#2160=ORIENTED_EDGE('',*,*,#4146,.T.);
#2161=ORIENTED_EDGE('',*,*,#3827,.F.);
#2162=ORIENTED_EDGE('',*,*,#4150,.F.);
#2163=ORIENTED_EDGE('',*,*,#4151,.T.);
#2164=ORIENTED_EDGE('',*,*,#4148,.T.);
#2165=ORIENTED_EDGE('',*,*,#3826,.F.);
#2166=ORIENTED_EDGE('',*,*,#4152,.F.);
#2167=ORIENTED_EDGE('',*,*,#4153,.T.);
#2168=ORIENTED_EDGE('',*,*,#4150,.T.);
#2169=ORIENTED_EDGE('',*,*,#3825,.F.);
#2170=ORIENTED_EDGE('',*,*,#4154,.F.);
#2171=ORIENTED_EDGE('',*,*,#4155,.T.);
#2172=ORIENTED_EDGE('',*,*,#4152,.T.);
#2173=ORIENTED_EDGE('',*,*,#3824,.F.);
#2174=ORIENTED_EDGE('',*,*,#4156,.F.);
#2175=ORIENTED_EDGE('',*,*,#4157,.T.);
#2176=ORIENTED_EDGE('',*,*,#4154,.T.);
#2177=ORIENTED_EDGE('',*,*,#3823,.F.);
#2178=ORIENTED_EDGE('',*,*,#4158,.F.);
#2179=ORIENTED_EDGE('',*,*,#4159,.T.);
#2180=ORIENTED_EDGE('',*,*,#4156,.T.);
#2181=ORIENTED_EDGE('',*,*,#3822,.F.);
#2182=ORIENTED_EDGE('',*,*,#4160,.F.);
#2183=ORIENTED_EDGE('',*,*,#4161,.T.);
#2184=ORIENTED_EDGE('',*,*,#4158,.T.);
#2185=ORIENTED_EDGE('',*,*,#3821,.F.);
#2186=ORIENTED_EDGE('',*,*,#4162,.F.);
#2187=ORIENTED_EDGE('',*,*,#4163,.T.);
#2188=ORIENTED_EDGE('',*,*,#4160,.T.);
#2189=ORIENTED_EDGE('',*,*,#3820,.F.);
#2190=ORIENTED_EDGE('',*,*,#4164,.F.);
#2191=ORIENTED_EDGE('',*,*,#4165,.T.);
#2192=ORIENTED_EDGE('',*,*,#4162,.T.);
#2193=ORIENTED_EDGE('',*,*,#3819,.F.);
#2194=ORIENTED_EDGE('',*,*,#4166,.F.);
#2195=ORIENTED_EDGE('',*,*,#4167,.T.);
#2196=ORIENTED_EDGE('',*,*,#4164,.T.);
#2197=ORIENTED_EDGE('',*,*,#3818,.F.);
#2198=ORIENTED_EDGE('',*,*,#4168,.F.);
#2199=ORIENTED_EDGE('',*,*,#4169,.T.);
#2200=ORIENTED_EDGE('',*,*,#4166,.T.);
#2201=ORIENTED_EDGE('',*,*,#3817,.F.);
#2202=ORIENTED_EDGE('',*,*,#4170,.F.);
#2203=ORIENTED_EDGE('',*,*,#4171,.T.);
#2204=ORIENTED_EDGE('',*,*,#4168,.T.);
#2205=ORIENTED_EDGE('',*,*,#3816,.F.);
#2206=ORIENTED_EDGE('',*,*,#4172,.F.);
#2207=ORIENTED_EDGE('',*,*,#4173,.T.);
#2208=ORIENTED_EDGE('',*,*,#4170,.T.);
#2209=ORIENTED_EDGE('',*,*,#3815,.F.);
#2210=ORIENTED_EDGE('',*,*,#4174,.F.);
#2211=ORIENTED_EDGE('',*,*,#4175,.T.);
#2212=ORIENTED_EDGE('',*,*,#4172,.T.);
#2213=ORIENTED_EDGE('',*,*,#3814,.F.);
#2214=ORIENTED_EDGE('',*,*,#4176,.F.);
#2215=ORIENTED_EDGE('',*,*,#4177,.T.);
#2216=ORIENTED_EDGE('',*,*,#4174,.T.);
#2217=ORIENTED_EDGE('',*,*,#3813,.F.);
#2218=ORIENTED_EDGE('',*,*,#4178,.F.);
#2219=ORIENTED_EDGE('',*,*,#4179,.T.);
#2220=ORIENTED_EDGE('',*,*,#4176,.T.);
#2221=ORIENTED_EDGE('',*,*,#3812,.F.);
#2222=ORIENTED_EDGE('',*,*,#4180,.F.);
#2223=ORIENTED_EDGE('',*,*,#4181,.T.);
#2224=ORIENTED_EDGE('',*,*,#4178,.T.);
#2225=ORIENTED_EDGE('',*,*,#3811,.F.);
#2226=ORIENTED_EDGE('',*,*,#4182,.F.);
#2227=ORIENTED_EDGE('',*,*,#4183,.T.);
#2228=ORIENTED_EDGE('',*,*,#4180,.T.);
#2229=ORIENTED_EDGE('',*,*,#3810,.F.);
#2230=ORIENTED_EDGE('',*,*,#4184,.F.);
#2231=ORIENTED_EDGE('',*,*,#4185,.T.);
#2232=ORIENTED_EDGE('',*,*,#4182,.T.);
#2233=ORIENTED_EDGE('',*,*,#3809,.F.);
#2234=ORIENTED_EDGE('',*,*,#4186,.F.);
#2235=ORIENTED_EDGE('',*,*,#4187,.T.);
#2236=ORIENTED_EDGE('',*,*,#4184,.T.);
#2237=ORIENTED_EDGE('',*,*,#3808,.F.);
#2238=ORIENTED_EDGE('',*,*,#4188,.F.);
#2239=ORIENTED_EDGE('',*,*,#4189,.T.);
#2240=ORIENTED_EDGE('',*,*,#4186,.T.);
#2241=ORIENTED_EDGE('',*,*,#3807,.F.);
#2242=ORIENTED_EDGE('',*,*,#4190,.F.);
#2243=ORIENTED_EDGE('',*,*,#4191,.T.);
#2244=ORIENTED_EDGE('',*,*,#4188,.T.);
#2245=ORIENTED_EDGE('',*,*,#3806,.F.);
#2246=ORIENTED_EDGE('',*,*,#4137,.F.);
#2247=ORIENTED_EDGE('',*,*,#4192,.T.);
#2248=ORIENTED_EDGE('',*,*,#4190,.T.);
#2249=ORIENTED_EDGE('',*,*,#4193,.F.);
#2250=ORIENTED_EDGE('',*,*,#4107,.F.);
#2251=ORIENTED_EDGE('',*,*,#4194,.T.);
#2252=ORIENTED_EDGE('',*,*,#4133,.T.);
#2253=ORIENTED_EDGE('',*,*,#4136,.F.);
#2254=ORIENTED_EDGE('',*,*,#4139,.F.);
#2255=ORIENTED_EDGE('',*,*,#4141,.F.);
#2256=ORIENTED_EDGE('',*,*,#4143,.F.);
#2257=ORIENTED_EDGE('',*,*,#4145,.F.);
#2258=ORIENTED_EDGE('',*,*,#4147,.F.);
#2259=ORIENTED_EDGE('',*,*,#4149,.F.);
#2260=ORIENTED_EDGE('',*,*,#4151,.F.);
#2261=ORIENTED_EDGE('',*,*,#4153,.F.);
#2262=ORIENTED_EDGE('',*,*,#4155,.F.);
#2263=ORIENTED_EDGE('',*,*,#4157,.F.);
#2264=ORIENTED_EDGE('',*,*,#4159,.F.);
#2265=ORIENTED_EDGE('',*,*,#4161,.F.);
#2266=ORIENTED_EDGE('',*,*,#4163,.F.);
#2267=ORIENTED_EDGE('',*,*,#4165,.F.);
#2268=ORIENTED_EDGE('',*,*,#4167,.F.);
#2269=ORIENTED_EDGE('',*,*,#4169,.F.);
#2270=ORIENTED_EDGE('',*,*,#4171,.F.);
#2271=ORIENTED_EDGE('',*,*,#4173,.F.);
#2272=ORIENTED_EDGE('',*,*,#4175,.F.);
#2273=ORIENTED_EDGE('',*,*,#4177,.F.);
#2274=ORIENTED_EDGE('',*,*,#4179,.F.);
#2275=ORIENTED_EDGE('',*,*,#4181,.F.);
#2276=ORIENTED_EDGE('',*,*,#4183,.F.);
#2277=ORIENTED_EDGE('',*,*,#4185,.F.);
#2278=ORIENTED_EDGE('',*,*,#4187,.F.);
#2279=ORIENTED_EDGE('',*,*,#4189,.F.);
#2280=ORIENTED_EDGE('',*,*,#4191,.F.);
#2281=ORIENTED_EDGE('',*,*,#4192,.F.);
#2282=ORIENTED_EDGE('',*,*,#4106,.F.);
#2283=ORIENTED_EDGE('',*,*,#4110,.F.);
#2284=ORIENTED_EDGE('',*,*,#4113,.F.);
#2285=ORIENTED_EDGE('',*,*,#4116,.F.);
#2286=ORIENTED_EDGE('',*,*,#4119,.F.);
#2287=ORIENTED_EDGE('',*,*,#4122,.F.);
#2288=ORIENTED_EDGE('',*,*,#4125,.F.);
#2289=ORIENTED_EDGE('',*,*,#4128,.F.);
#2290=ORIENTED_EDGE('',*,*,#4131,.F.);
#2291=ORIENTED_EDGE('',*,*,#4134,.F.);
#2292=ORIENTED_EDGE('',*,*,#4194,.F.);
#2293=ORIENTED_EDGE('',*,*,#4195,.F.);
#2294=ORIENTED_EDGE('',*,*,#4196,.F.);
#2295=ORIENTED_EDGE('',*,*,#4197,.T.);
#2296=ORIENTED_EDGE('',*,*,#4198,.T.);
#2297=ORIENTED_EDGE('',*,*,#4199,.F.);
#2298=ORIENTED_EDGE('',*,*,#4200,.F.);
#2299=ORIENTED_EDGE('',*,*,#4201,.T.);
#2300=ORIENTED_EDGE('',*,*,#4196,.T.);
#2301=ORIENTED_EDGE('',*,*,#4202,.F.);
#2302=ORIENTED_EDGE('',*,*,#4203,.F.);
#2303=ORIENTED_EDGE('',*,*,#4204,.T.);
#2304=ORIENTED_EDGE('',*,*,#4200,.T.);
#2305=ORIENTED_EDGE('',*,*,#4205,.F.);
#2306=ORIENTED_EDGE('',*,*,#4206,.F.);
#2307=ORIENTED_EDGE('',*,*,#4207,.T.);
#2308=ORIENTED_EDGE('',*,*,#4203,.T.);
#2309=ORIENTED_EDGE('',*,*,#4208,.F.);
#2310=ORIENTED_EDGE('',*,*,#4209,.F.);
#2311=ORIENTED_EDGE('',*,*,#4210,.T.);
#2312=ORIENTED_EDGE('',*,*,#4206,.T.);
#2313=ORIENTED_EDGE('',*,*,#4211,.F.);
#2314=ORIENTED_EDGE('',*,*,#4212,.F.);
#2315=ORIENTED_EDGE('',*,*,#4213,.T.);
#2316=ORIENTED_EDGE('',*,*,#4209,.T.);
#2317=ORIENTED_EDGE('',*,*,#4214,.F.);
#2318=ORIENTED_EDGE('',*,*,#4215,.F.);
#2319=ORIENTED_EDGE('',*,*,#4216,.T.);
#2320=ORIENTED_EDGE('',*,*,#4212,.T.);
#2321=ORIENTED_EDGE('',*,*,#4217,.F.);
#2322=ORIENTED_EDGE('',*,*,#4218,.F.);
#2323=ORIENTED_EDGE('',*,*,#4219,.T.);
#2324=ORIENTED_EDGE('',*,*,#4215,.T.);
#2325=ORIENTED_EDGE('',*,*,#4220,.F.);
#2326=ORIENTED_EDGE('',*,*,#4221,.F.);
#2327=ORIENTED_EDGE('',*,*,#4222,.T.);
#2328=ORIENTED_EDGE('',*,*,#4218,.T.);
#2329=ORIENTED_EDGE('',*,*,#4223,.F.);
#2330=ORIENTED_EDGE('',*,*,#4224,.F.);
#2331=ORIENTED_EDGE('',*,*,#4225,.T.);
#2332=ORIENTED_EDGE('',*,*,#4221,.T.);
#2333=ORIENTED_EDGE('',*,*,#4226,.F.);
#2334=ORIENTED_EDGE('',*,*,#4227,.F.);
#2335=ORIENTED_EDGE('',*,*,#4228,.T.);
#2336=ORIENTED_EDGE('',*,*,#4224,.T.);
#2337=ORIENTED_EDGE('',*,*,#4229,.F.);
#2338=ORIENTED_EDGE('',*,*,#4230,.F.);
#2339=ORIENTED_EDGE('',*,*,#4231,.T.);
#2340=ORIENTED_EDGE('',*,*,#4227,.T.);
#2341=ORIENTED_EDGE('',*,*,#4232,.F.);
#2342=ORIENTED_EDGE('',*,*,#4233,.F.);
#2343=ORIENTED_EDGE('',*,*,#4234,.T.);
#2344=ORIENTED_EDGE('',*,*,#4230,.T.);
#2345=ORIENTED_EDGE('',*,*,#4235,.F.);
#2346=ORIENTED_EDGE('',*,*,#4236,.F.);
#2347=ORIENTED_EDGE('',*,*,#4237,.T.);
#2348=ORIENTED_EDGE('',*,*,#4233,.T.);
#2349=ORIENTED_EDGE('',*,*,#4238,.F.);
#2350=ORIENTED_EDGE('',*,*,#4239,.F.);
#2351=ORIENTED_EDGE('',*,*,#4240,.T.);
#2352=ORIENTED_EDGE('',*,*,#4236,.T.);
#2353=ORIENTED_EDGE('',*,*,#3699,.F.);
#2354=ORIENTED_EDGE('',*,*,#4241,.F.);
#2355=ORIENTED_EDGE('',*,*,#4242,.T.);
#2356=ORIENTED_EDGE('',*,*,#4243,.T.);
#2357=ORIENTED_EDGE('',*,*,#3738,.F.);
#2358=ORIENTED_EDGE('',*,*,#4244,.F.);
#2359=ORIENTED_EDGE('',*,*,#4245,.T.);
#2360=ORIENTED_EDGE('',*,*,#4241,.T.);
#2361=ORIENTED_EDGE('',*,*,#3737,.F.);
#2362=ORIENTED_EDGE('',*,*,#4246,.F.);
#2363=ORIENTED_EDGE('',*,*,#4247,.T.);
#2364=ORIENTED_EDGE('',*,*,#4244,.T.);
#2365=ORIENTED_EDGE('',*,*,#3736,.F.);
#2366=ORIENTED_EDGE('',*,*,#4248,.F.);
#2367=ORIENTED_EDGE('',*,*,#4249,.T.);
#2368=ORIENTED_EDGE('',*,*,#4246,.T.);
#2369=ORIENTED_EDGE('',*,*,#3735,.F.);
#2370=ORIENTED_EDGE('',*,*,#4250,.F.);
#2371=ORIENTED_EDGE('',*,*,#4251,.T.);
#2372=ORIENTED_EDGE('',*,*,#4248,.T.);
#2373=ORIENTED_EDGE('',*,*,#3734,.F.);
#2374=ORIENTED_EDGE('',*,*,#4252,.F.);
#2375=ORIENTED_EDGE('',*,*,#4253,.T.);
#2376=ORIENTED_EDGE('',*,*,#4250,.T.);
#2377=ORIENTED_EDGE('',*,*,#3733,.F.);
#2378=ORIENTED_EDGE('',*,*,#4254,.F.);
#2379=ORIENTED_EDGE('',*,*,#4255,.T.);
#2380=ORIENTED_EDGE('',*,*,#4252,.T.);
#2381=ORIENTED_EDGE('',*,*,#3732,.F.);
#2382=ORIENTED_EDGE('',*,*,#4256,.F.);
#2383=ORIENTED_EDGE('',*,*,#4257,.T.);
#2384=ORIENTED_EDGE('',*,*,#4254,.T.);
#2385=ORIENTED_EDGE('',*,*,#3731,.F.);
#2386=ORIENTED_EDGE('',*,*,#4258,.F.);
#2387=ORIENTED_EDGE('',*,*,#4259,.T.);
#2388=ORIENTED_EDGE('',*,*,#4256,.T.);
#2389=ORIENTED_EDGE('',*,*,#3730,.F.);
#2390=ORIENTED_EDGE('',*,*,#4260,.F.);
#2391=ORIENTED_EDGE('',*,*,#4261,.T.);
#2392=ORIENTED_EDGE('',*,*,#4258,.T.);
#2393=ORIENTED_EDGE('',*,*,#3729,.F.);
#2394=ORIENTED_EDGE('',*,*,#4262,.F.);
#2395=ORIENTED_EDGE('',*,*,#4263,.T.);
#2396=ORIENTED_EDGE('',*,*,#4260,.T.);
#2397=ORIENTED_EDGE('',*,*,#3728,.F.);
#2398=ORIENTED_EDGE('',*,*,#4264,.F.);
#2399=ORIENTED_EDGE('',*,*,#4265,.T.);
#2400=ORIENTED_EDGE('',*,*,#4262,.T.);
#2401=ORIENTED_EDGE('',*,*,#3727,.F.);
#2402=ORIENTED_EDGE('',*,*,#4266,.F.);
#2403=ORIENTED_EDGE('',*,*,#4267,.T.);
#2404=ORIENTED_EDGE('',*,*,#4264,.T.);
#2405=ORIENTED_EDGE('',*,*,#3726,.F.);
#2406=ORIENTED_EDGE('',*,*,#4268,.F.);
#2407=ORIENTED_EDGE('',*,*,#4269,.T.);
#2408=ORIENTED_EDGE('',*,*,#4266,.T.);
#2409=ORIENTED_EDGE('',*,*,#3725,.F.);
#2410=ORIENTED_EDGE('',*,*,#4270,.F.);
#2411=ORIENTED_EDGE('',*,*,#4271,.T.);
#2412=ORIENTED_EDGE('',*,*,#4268,.T.);
#2413=ORIENTED_EDGE('',*,*,#3724,.F.);
#2414=ORIENTED_EDGE('',*,*,#4272,.F.);
#2415=ORIENTED_EDGE('',*,*,#4273,.T.);
#2416=ORIENTED_EDGE('',*,*,#4270,.T.);
#2417=ORIENTED_EDGE('',*,*,#3723,.F.);
#2418=ORIENTED_EDGE('',*,*,#4274,.F.);
#2419=ORIENTED_EDGE('',*,*,#4275,.T.);
#2420=ORIENTED_EDGE('',*,*,#4272,.T.);
#2421=ORIENTED_EDGE('',*,*,#3722,.F.);
#2422=ORIENTED_EDGE('',*,*,#4276,.F.);
#2423=ORIENTED_EDGE('',*,*,#4277,.T.);
#2424=ORIENTED_EDGE('',*,*,#4274,.T.);
#2425=ORIENTED_EDGE('',*,*,#3721,.F.);
#2426=ORIENTED_EDGE('',*,*,#4278,.F.);
#2427=ORIENTED_EDGE('',*,*,#4279,.T.);
#2428=ORIENTED_EDGE('',*,*,#4276,.T.);
#2429=ORIENTED_EDGE('',*,*,#3720,.F.);
#2430=ORIENTED_EDGE('',*,*,#4280,.F.);
#2431=ORIENTED_EDGE('',*,*,#4281,.T.);
#2432=ORIENTED_EDGE('',*,*,#4278,.T.);
#2433=ORIENTED_EDGE('',*,*,#3719,.F.);
#2434=ORIENTED_EDGE('',*,*,#4282,.F.);
#2435=ORIENTED_EDGE('',*,*,#4283,.T.);
#2436=ORIENTED_EDGE('',*,*,#4280,.T.);
#2437=ORIENTED_EDGE('',*,*,#3718,.F.);
#2438=ORIENTED_EDGE('',*,*,#4284,.F.);
#2439=ORIENTED_EDGE('',*,*,#4285,.T.);
#2440=ORIENTED_EDGE('',*,*,#4282,.T.);
#2441=ORIENTED_EDGE('',*,*,#3717,.F.);
#2442=ORIENTED_EDGE('',*,*,#4286,.F.);
#2443=ORIENTED_EDGE('',*,*,#4287,.T.);
#2444=ORIENTED_EDGE('',*,*,#4284,.T.);
#2445=ORIENTED_EDGE('',*,*,#3716,.F.);
#2446=ORIENTED_EDGE('',*,*,#4288,.F.);
#2447=ORIENTED_EDGE('',*,*,#4289,.T.);
#2448=ORIENTED_EDGE('',*,*,#4286,.T.);
#2449=ORIENTED_EDGE('',*,*,#3715,.F.);
#2450=ORIENTED_EDGE('',*,*,#4290,.F.);
#2451=ORIENTED_EDGE('',*,*,#4291,.T.);
#2452=ORIENTED_EDGE('',*,*,#4288,.T.);
#2453=ORIENTED_EDGE('',*,*,#3714,.F.);
#2454=ORIENTED_EDGE('',*,*,#4292,.F.);
#2455=ORIENTED_EDGE('',*,*,#4293,.T.);
#2456=ORIENTED_EDGE('',*,*,#4290,.T.);
#2457=ORIENTED_EDGE('',*,*,#3713,.F.);
#2458=ORIENTED_EDGE('',*,*,#4294,.F.);
#2459=ORIENTED_EDGE('',*,*,#4295,.T.);
#2460=ORIENTED_EDGE('',*,*,#4292,.T.);
#2461=ORIENTED_EDGE('',*,*,#3712,.F.);
#2462=ORIENTED_EDGE('',*,*,#4296,.F.);
#2463=ORIENTED_EDGE('',*,*,#4297,.T.);
#2464=ORIENTED_EDGE('',*,*,#4294,.T.);
#2465=ORIENTED_EDGE('',*,*,#3711,.F.);
#2466=ORIENTED_EDGE('',*,*,#4298,.F.);
#2467=ORIENTED_EDGE('',*,*,#4299,.T.);
#2468=ORIENTED_EDGE('',*,*,#4296,.T.);
#2469=ORIENTED_EDGE('',*,*,#3710,.F.);
#2470=ORIENTED_EDGE('',*,*,#4300,.F.);
#2471=ORIENTED_EDGE('',*,*,#4301,.T.);
#2472=ORIENTED_EDGE('',*,*,#4298,.T.);
#2473=ORIENTED_EDGE('',*,*,#3709,.F.);
#2474=ORIENTED_EDGE('',*,*,#4302,.F.);
#2475=ORIENTED_EDGE('',*,*,#4303,.T.);
#2476=ORIENTED_EDGE('',*,*,#4300,.T.);
#2477=ORIENTED_EDGE('',*,*,#3708,.F.);
#2478=ORIENTED_EDGE('',*,*,#4304,.F.);
#2479=ORIENTED_EDGE('',*,*,#4305,.T.);
#2480=ORIENTED_EDGE('',*,*,#4302,.T.);
#2481=ORIENTED_EDGE('',*,*,#3707,.F.);
#2482=ORIENTED_EDGE('',*,*,#4306,.F.);
#2483=ORIENTED_EDGE('',*,*,#4307,.T.);
#2484=ORIENTED_EDGE('',*,*,#4304,.T.);
#2485=ORIENTED_EDGE('',*,*,#3706,.F.);
#2486=ORIENTED_EDGE('',*,*,#4308,.F.);
#2487=ORIENTED_EDGE('',*,*,#4309,.T.);
#2488=ORIENTED_EDGE('',*,*,#4306,.T.);
#2489=ORIENTED_EDGE('',*,*,#3705,.F.);
#2490=ORIENTED_EDGE('',*,*,#4310,.F.);
#2491=ORIENTED_EDGE('',*,*,#4311,.T.);
#2492=ORIENTED_EDGE('',*,*,#4308,.T.);
#2493=ORIENTED_EDGE('',*,*,#3704,.F.);
#2494=ORIENTED_EDGE('',*,*,#4312,.F.);
#2495=ORIENTED_EDGE('',*,*,#4313,.T.);
#2496=ORIENTED_EDGE('',*,*,#4310,.T.);
#2497=ORIENTED_EDGE('',*,*,#3703,.F.);
#2498=ORIENTED_EDGE('',*,*,#4314,.F.);
#2499=ORIENTED_EDGE('',*,*,#4315,.T.);
#2500=ORIENTED_EDGE('',*,*,#4312,.T.);
#2501=ORIENTED_EDGE('',*,*,#3702,.F.);
#2502=ORIENTED_EDGE('',*,*,#4316,.F.);
#2503=ORIENTED_EDGE('',*,*,#4317,.T.);
#2504=ORIENTED_EDGE('',*,*,#4314,.T.);
#2505=ORIENTED_EDGE('',*,*,#3701,.F.);
#2506=ORIENTED_EDGE('',*,*,#4318,.F.);
#2507=ORIENTED_EDGE('',*,*,#4319,.T.);
#2508=ORIENTED_EDGE('',*,*,#4316,.T.);
#2509=ORIENTED_EDGE('',*,*,#3700,.F.);
#2510=ORIENTED_EDGE('',*,*,#4243,.F.);
#2511=ORIENTED_EDGE('',*,*,#4320,.T.);
#2512=ORIENTED_EDGE('',*,*,#4318,.T.);
#2513=ORIENTED_EDGE('',*,*,#4321,.F.);
#2514=ORIENTED_EDGE('',*,*,#4198,.F.);
#2515=ORIENTED_EDGE('',*,*,#4322,.T.);
#2516=ORIENTED_EDGE('',*,*,#4239,.T.);
#2517=ORIENTED_EDGE('',*,*,#4242,.F.);
#2518=ORIENTED_EDGE('',*,*,#4245,.F.);
#2519=ORIENTED_EDGE('',*,*,#4247,.F.);
#2520=ORIENTED_EDGE('',*,*,#4249,.F.);
#2521=ORIENTED_EDGE('',*,*,#4251,.F.);
#2522=ORIENTED_EDGE('',*,*,#4253,.F.);
#2523=ORIENTED_EDGE('',*,*,#4255,.F.);
#2524=ORIENTED_EDGE('',*,*,#4257,.F.);
#2525=ORIENTED_EDGE('',*,*,#4259,.F.);
#2526=ORIENTED_EDGE('',*,*,#4261,.F.);
#2527=ORIENTED_EDGE('',*,*,#4263,.F.);
#2528=ORIENTED_EDGE('',*,*,#4265,.F.);
#2529=ORIENTED_EDGE('',*,*,#4267,.F.);
#2530=ORIENTED_EDGE('',*,*,#4269,.F.);
#2531=ORIENTED_EDGE('',*,*,#4271,.F.);
#2532=ORIENTED_EDGE('',*,*,#4273,.F.);
#2533=ORIENTED_EDGE('',*,*,#4275,.F.);
#2534=ORIENTED_EDGE('',*,*,#4277,.F.);
#2535=ORIENTED_EDGE('',*,*,#4279,.F.);
#2536=ORIENTED_EDGE('',*,*,#4281,.F.);
#2537=ORIENTED_EDGE('',*,*,#4283,.F.);
#2538=ORIENTED_EDGE('',*,*,#4285,.F.);
#2539=ORIENTED_EDGE('',*,*,#4287,.F.);
#2540=ORIENTED_EDGE('',*,*,#4289,.F.);
#2541=ORIENTED_EDGE('',*,*,#4291,.F.);
#2542=ORIENTED_EDGE('',*,*,#4293,.F.);
#2543=ORIENTED_EDGE('',*,*,#4295,.F.);
#2544=ORIENTED_EDGE('',*,*,#4297,.F.);
#2545=ORIENTED_EDGE('',*,*,#4299,.F.);
#2546=ORIENTED_EDGE('',*,*,#4301,.F.);
#2547=ORIENTED_EDGE('',*,*,#4303,.F.);
#2548=ORIENTED_EDGE('',*,*,#4305,.F.);
#2549=ORIENTED_EDGE('',*,*,#4307,.F.);
#2550=ORIENTED_EDGE('',*,*,#4309,.F.);
#2551=ORIENTED_EDGE('',*,*,#4311,.F.);
#2552=ORIENTED_EDGE('',*,*,#4313,.F.);
#2553=ORIENTED_EDGE('',*,*,#4315,.F.);
#2554=ORIENTED_EDGE('',*,*,#4317,.F.);
#2555=ORIENTED_EDGE('',*,*,#4319,.F.);
#2556=ORIENTED_EDGE('',*,*,#4320,.F.);
#2557=ORIENTED_EDGE('',*,*,#4197,.F.);
#2558=ORIENTED_EDGE('',*,*,#4201,.F.);
#2559=ORIENTED_EDGE('',*,*,#4204,.F.);
#2560=ORIENTED_EDGE('',*,*,#4207,.F.);
#2561=ORIENTED_EDGE('',*,*,#4210,.F.);
#2562=ORIENTED_EDGE('',*,*,#4213,.F.);
#2563=ORIENTED_EDGE('',*,*,#4216,.F.);
#2564=ORIENTED_EDGE('',*,*,#4219,.F.);
#2565=ORIENTED_EDGE('',*,*,#4222,.F.);
#2566=ORIENTED_EDGE('',*,*,#4225,.F.);
#2567=ORIENTED_EDGE('',*,*,#4228,.F.);
#2568=ORIENTED_EDGE('',*,*,#4231,.F.);
#2569=ORIENTED_EDGE('',*,*,#4234,.F.);
#2570=ORIENTED_EDGE('',*,*,#4237,.F.);
#2571=ORIENTED_EDGE('',*,*,#4240,.F.);
#2572=ORIENTED_EDGE('',*,*,#4322,.F.);
#2573=ORIENTED_EDGE('',*,*,#4323,.F.);
#2574=ORIENTED_EDGE('',*,*,#4324,.F.);
#2575=ORIENTED_EDGE('',*,*,#4325,.T.);
#2576=ORIENTED_EDGE('',*,*,#4326,.T.);
#2577=ORIENTED_EDGE('',*,*,#4327,.F.);
#2578=ORIENTED_EDGE('',*,*,#4328,.F.);
#2579=ORIENTED_EDGE('',*,*,#4329,.T.);
#2580=ORIENTED_EDGE('',*,*,#4324,.T.);
#2581=ORIENTED_EDGE('',*,*,#4330,.F.);
#2582=ORIENTED_EDGE('',*,*,#4331,.F.);
#2583=ORIENTED_EDGE('',*,*,#4332,.T.);
#2584=ORIENTED_EDGE('',*,*,#4328,.T.);
#2585=ORIENTED_EDGE('',*,*,#4333,.F.);
#2586=ORIENTED_EDGE('',*,*,#4334,.F.);
#2587=ORIENTED_EDGE('',*,*,#4335,.T.);
#2588=ORIENTED_EDGE('',*,*,#4331,.T.);
#2589=ORIENTED_EDGE('',*,*,#4336,.F.);
#2590=ORIENTED_EDGE('',*,*,#4337,.F.);
#2591=ORIENTED_EDGE('',*,*,#4338,.T.);
#2592=ORIENTED_EDGE('',*,*,#4334,.T.);
#2593=ORIENTED_EDGE('',*,*,#4339,.F.);
#2594=ORIENTED_EDGE('',*,*,#4340,.F.);
#2595=ORIENTED_EDGE('',*,*,#4341,.T.);
#2596=ORIENTED_EDGE('',*,*,#4337,.T.);
#2597=ORIENTED_EDGE('',*,*,#4342,.F.);
#2598=ORIENTED_EDGE('',*,*,#4343,.F.);
#2599=ORIENTED_EDGE('',*,*,#4344,.T.);
#2600=ORIENTED_EDGE('',*,*,#4340,.T.);
#2601=ORIENTED_EDGE('',*,*,#4345,.F.);
#2602=ORIENTED_EDGE('',*,*,#4346,.F.);
#2603=ORIENTED_EDGE('',*,*,#4347,.T.);
#2604=ORIENTED_EDGE('',*,*,#4343,.T.);
#2605=ORIENTED_EDGE('',*,*,#4348,.F.);
#2606=ORIENTED_EDGE('',*,*,#4349,.F.);
#2607=ORIENTED_EDGE('',*,*,#4350,.T.);
#2608=ORIENTED_EDGE('',*,*,#4346,.T.);
#2609=ORIENTED_EDGE('',*,*,#4351,.F.);
#2610=ORIENTED_EDGE('',*,*,#4352,.F.);
#2611=ORIENTED_EDGE('',*,*,#4353,.T.);
#2612=ORIENTED_EDGE('',*,*,#4349,.T.);
#2613=ORIENTED_EDGE('',*,*,#4354,.F.);
#2614=ORIENTED_EDGE('',*,*,#4355,.F.);
#2615=ORIENTED_EDGE('',*,*,#4356,.T.);
#2616=ORIENTED_EDGE('',*,*,#4352,.T.);
#2617=ORIENTED_EDGE('',*,*,#4357,.F.);
#2618=ORIENTED_EDGE('',*,*,#4358,.F.);
#2619=ORIENTED_EDGE('',*,*,#4359,.T.);
#2620=ORIENTED_EDGE('',*,*,#4355,.T.);
#2621=ORIENTED_EDGE('',*,*,#4360,.F.);
#2622=ORIENTED_EDGE('',*,*,#4361,.F.);
#2623=ORIENTED_EDGE('',*,*,#4362,.T.);
#2624=ORIENTED_EDGE('',*,*,#4358,.T.);
#2625=ORIENTED_EDGE('',*,*,#4363,.F.);
#2626=ORIENTED_EDGE('',*,*,#4364,.F.);
#2627=ORIENTED_EDGE('',*,*,#4365,.T.);
#2628=ORIENTED_EDGE('',*,*,#4361,.T.);
#2629=ORIENTED_EDGE('',*,*,#4366,.F.);
#2630=ORIENTED_EDGE('',*,*,#4367,.F.);
#2631=ORIENTED_EDGE('',*,*,#4368,.T.);
#2632=ORIENTED_EDGE('',*,*,#4364,.T.);
#2633=ORIENTED_EDGE('',*,*,#4369,.F.);
#2634=ORIENTED_EDGE('',*,*,#4370,.F.);
#2635=ORIENTED_EDGE('',*,*,#4371,.T.);
#2636=ORIENTED_EDGE('',*,*,#4367,.T.);
#2637=ORIENTED_EDGE('',*,*,#4372,.F.);
#2638=ORIENTED_EDGE('',*,*,#4373,.F.);
#2639=ORIENTED_EDGE('',*,*,#4374,.T.);
#2640=ORIENTED_EDGE('',*,*,#4370,.T.);
#2641=ORIENTED_EDGE('',*,*,#4375,.F.);
#2642=ORIENTED_EDGE('',*,*,#4376,.F.);
#2643=ORIENTED_EDGE('',*,*,#4377,.T.);
#2644=ORIENTED_EDGE('',*,*,#4373,.T.);
#2645=ORIENTED_EDGE('',*,*,#4378,.F.);
#2646=ORIENTED_EDGE('',*,*,#4379,.F.);
#2647=ORIENTED_EDGE('',*,*,#4380,.T.);
#2648=ORIENTED_EDGE('',*,*,#4376,.T.);
#2649=ORIENTED_EDGE('',*,*,#4381,.F.);
#2650=ORIENTED_EDGE('',*,*,#4382,.F.);
#2651=ORIENTED_EDGE('',*,*,#4383,.T.);
#2652=ORIENTED_EDGE('',*,*,#4379,.T.);
#2653=ORIENTED_EDGE('',*,*,#4384,.F.);
#2654=ORIENTED_EDGE('',*,*,#4385,.F.);
#2655=ORIENTED_EDGE('',*,*,#4386,.T.);
#2656=ORIENTED_EDGE('',*,*,#4382,.T.);
#2657=ORIENTED_EDGE('',*,*,#4387,.F.);
#2658=ORIENTED_EDGE('',*,*,#4388,.F.);
#2659=ORIENTED_EDGE('',*,*,#4389,.T.);
#2660=ORIENTED_EDGE('',*,*,#4385,.T.);
#2661=ORIENTED_EDGE('',*,*,#4390,.F.);
#2662=ORIENTED_EDGE('',*,*,#4391,.F.);
#2663=ORIENTED_EDGE('',*,*,#4392,.T.);
#2664=ORIENTED_EDGE('',*,*,#4388,.T.);
#2665=ORIENTED_EDGE('',*,*,#3834,.F.);
#2666=ORIENTED_EDGE('',*,*,#4393,.F.);
#2667=ORIENTED_EDGE('',*,*,#4394,.T.);
#2668=ORIENTED_EDGE('',*,*,#4395,.T.);
#2669=ORIENTED_EDGE('',*,*,#3854,.F.);
#2670=ORIENTED_EDGE('',*,*,#4396,.F.);
#2671=ORIENTED_EDGE('',*,*,#4397,.T.);
#2672=ORIENTED_EDGE('',*,*,#4393,.T.);
#2673=ORIENTED_EDGE('',*,*,#3853,.F.);
#2674=ORIENTED_EDGE('',*,*,#4398,.F.);
#2675=ORIENTED_EDGE('',*,*,#4399,.T.);
#2676=ORIENTED_EDGE('',*,*,#4396,.T.);
#2677=ORIENTED_EDGE('',*,*,#3852,.F.);
#2678=ORIENTED_EDGE('',*,*,#4400,.F.);
#2679=ORIENTED_EDGE('',*,*,#4401,.T.);
#2680=ORIENTED_EDGE('',*,*,#4398,.T.);
#2681=ORIENTED_EDGE('',*,*,#3851,.F.);
#2682=ORIENTED_EDGE('',*,*,#4402,.F.);
#2683=ORIENTED_EDGE('',*,*,#4403,.T.);
#2684=ORIENTED_EDGE('',*,*,#4400,.T.);
#2685=ORIENTED_EDGE('',*,*,#3850,.F.);
#2686=ORIENTED_EDGE('',*,*,#4404,.F.);
#2687=ORIENTED_EDGE('',*,*,#4405,.T.);
#2688=ORIENTED_EDGE('',*,*,#4402,.T.);
#2689=ORIENTED_EDGE('',*,*,#3849,.F.);
#2690=ORIENTED_EDGE('',*,*,#4406,.F.);
#2691=ORIENTED_EDGE('',*,*,#4407,.T.);
#2692=ORIENTED_EDGE('',*,*,#4404,.T.);
#2693=ORIENTED_EDGE('',*,*,#3848,.F.);
#2694=ORIENTED_EDGE('',*,*,#4408,.F.);
#2695=ORIENTED_EDGE('',*,*,#4409,.T.);
#2696=ORIENTED_EDGE('',*,*,#4406,.T.);
#2697=ORIENTED_EDGE('',*,*,#3847,.F.);
#2698=ORIENTED_EDGE('',*,*,#4410,.F.);
#2699=ORIENTED_EDGE('',*,*,#4411,.T.);
#2700=ORIENTED_EDGE('',*,*,#4408,.T.);
#2701=ORIENTED_EDGE('',*,*,#3846,.F.);
#2702=ORIENTED_EDGE('',*,*,#4412,.F.);
#2703=ORIENTED_EDGE('',*,*,#4413,.T.);
#2704=ORIENTED_EDGE('',*,*,#4410,.T.);
#2705=ORIENTED_EDGE('',*,*,#3845,.F.);
#2706=ORIENTED_EDGE('',*,*,#4414,.F.);
#2707=ORIENTED_EDGE('',*,*,#4415,.T.);
#2708=ORIENTED_EDGE('',*,*,#4412,.T.);
#2709=ORIENTED_EDGE('',*,*,#3844,.F.);
#2710=ORIENTED_EDGE('',*,*,#4416,.F.);
#2711=ORIENTED_EDGE('',*,*,#4417,.T.);
#2712=ORIENTED_EDGE('',*,*,#4414,.T.);
#2713=ORIENTED_EDGE('',*,*,#3843,.F.);
#2714=ORIENTED_EDGE('',*,*,#4418,.F.);
#2715=ORIENTED_EDGE('',*,*,#4419,.T.);
#2716=ORIENTED_EDGE('',*,*,#4416,.T.);
#2717=ORIENTED_EDGE('',*,*,#3842,.F.);
#2718=ORIENTED_EDGE('',*,*,#4420,.F.);
#2719=ORIENTED_EDGE('',*,*,#4421,.T.);
#2720=ORIENTED_EDGE('',*,*,#4418,.T.);
#2721=ORIENTED_EDGE('',*,*,#3841,.F.);
#2722=ORIENTED_EDGE('',*,*,#4422,.F.);
#2723=ORIENTED_EDGE('',*,*,#4423,.T.);
#2724=ORIENTED_EDGE('',*,*,#4420,.T.);
#2725=ORIENTED_EDGE('',*,*,#3840,.F.);
#2726=ORIENTED_EDGE('',*,*,#4424,.F.);
#2727=ORIENTED_EDGE('',*,*,#4425,.T.);
#2728=ORIENTED_EDGE('',*,*,#4422,.T.);
#2729=ORIENTED_EDGE('',*,*,#3839,.F.);
#2730=ORIENTED_EDGE('',*,*,#4426,.F.);
#2731=ORIENTED_EDGE('',*,*,#4427,.T.);
#2732=ORIENTED_EDGE('',*,*,#4424,.T.);
#2733=ORIENTED_EDGE('',*,*,#3838,.F.);
#2734=ORIENTED_EDGE('',*,*,#4428,.F.);
#2735=ORIENTED_EDGE('',*,*,#4429,.T.);
#2736=ORIENTED_EDGE('',*,*,#4426,.T.);
#2737=ORIENTED_EDGE('',*,*,#3837,.F.);
#2738=ORIENTED_EDGE('',*,*,#4430,.F.);
#2739=ORIENTED_EDGE('',*,*,#4431,.T.);
#2740=ORIENTED_EDGE('',*,*,#4428,.T.);
#2741=ORIENTED_EDGE('',*,*,#3836,.F.);
#2742=ORIENTED_EDGE('',*,*,#4432,.F.);
#2743=ORIENTED_EDGE('',*,*,#4433,.T.);
#2744=ORIENTED_EDGE('',*,*,#4430,.T.);
#2745=ORIENTED_EDGE('',*,*,#3835,.F.);
#2746=ORIENTED_EDGE('',*,*,#4395,.F.);
#2747=ORIENTED_EDGE('',*,*,#4434,.T.);
#2748=ORIENTED_EDGE('',*,*,#4432,.T.);
#2749=ORIENTED_EDGE('',*,*,#4435,.F.);
#2750=ORIENTED_EDGE('',*,*,#4326,.F.);
#2751=ORIENTED_EDGE('',*,*,#4436,.T.);
#2752=ORIENTED_EDGE('',*,*,#4391,.T.);
#2753=ORIENTED_EDGE('',*,*,#4394,.F.);
#2754=ORIENTED_EDGE('',*,*,#4397,.F.);
#2755=ORIENTED_EDGE('',*,*,#4399,.F.);
#2756=ORIENTED_EDGE('',*,*,#4401,.F.);
#2757=ORIENTED_EDGE('',*,*,#4403,.F.);
#2758=ORIENTED_EDGE('',*,*,#4405,.F.);
#2759=ORIENTED_EDGE('',*,*,#4407,.F.);
#2760=ORIENTED_EDGE('',*,*,#4409,.F.);
#2761=ORIENTED_EDGE('',*,*,#4411,.F.);
#2762=ORIENTED_EDGE('',*,*,#4413,.F.);
#2763=ORIENTED_EDGE('',*,*,#4415,.F.);
#2764=ORIENTED_EDGE('',*,*,#4417,.F.);
#2765=ORIENTED_EDGE('',*,*,#4419,.F.);
#2766=ORIENTED_EDGE('',*,*,#4421,.F.);
#2767=ORIENTED_EDGE('',*,*,#4423,.F.);
#2768=ORIENTED_EDGE('',*,*,#4425,.F.);
#2769=ORIENTED_EDGE('',*,*,#4427,.F.);
#2770=ORIENTED_EDGE('',*,*,#4429,.F.);
#2771=ORIENTED_EDGE('',*,*,#4431,.F.);
#2772=ORIENTED_EDGE('',*,*,#4433,.F.);
#2773=ORIENTED_EDGE('',*,*,#4434,.F.);
#2774=ORIENTED_EDGE('',*,*,#4325,.F.);
#2775=ORIENTED_EDGE('',*,*,#4329,.F.);
#2776=ORIENTED_EDGE('',*,*,#4332,.F.);
#2777=ORIENTED_EDGE('',*,*,#4335,.F.);
#2778=ORIENTED_EDGE('',*,*,#4338,.F.);
#2779=ORIENTED_EDGE('',*,*,#4341,.F.);
#2780=ORIENTED_EDGE('',*,*,#4344,.F.);
#2781=ORIENTED_EDGE('',*,*,#4347,.F.);
#2782=ORIENTED_EDGE('',*,*,#4350,.F.);
#2783=ORIENTED_EDGE('',*,*,#4353,.F.);
#2784=ORIENTED_EDGE('',*,*,#4356,.F.);
#2785=ORIENTED_EDGE('',*,*,#4359,.F.);
#2786=ORIENTED_EDGE('',*,*,#4362,.F.);
#2787=ORIENTED_EDGE('',*,*,#4365,.F.);
#2788=ORIENTED_EDGE('',*,*,#4368,.F.);
#2789=ORIENTED_EDGE('',*,*,#4371,.F.);
#2790=ORIENTED_EDGE('',*,*,#4374,.F.);
#2791=ORIENTED_EDGE('',*,*,#4377,.F.);
#2792=ORIENTED_EDGE('',*,*,#4380,.F.);
#2793=ORIENTED_EDGE('',*,*,#4383,.F.);
#2794=ORIENTED_EDGE('',*,*,#4386,.F.);
#2795=ORIENTED_EDGE('',*,*,#4389,.F.);
#2796=ORIENTED_EDGE('',*,*,#4392,.F.);
#2797=ORIENTED_EDGE('',*,*,#4436,.F.);
#2798=ORIENTED_EDGE('',*,*,#3695,.F.);
#2799=ORIENTED_EDGE('',*,*,#4437,.F.);
#2800=ORIENTED_EDGE('',*,*,#4438,.T.);
#2801=ORIENTED_EDGE('',*,*,#4439,.T.);
#2802=ORIENTED_EDGE('',*,*,#3698,.F.);
#2803=ORIENTED_EDGE('',*,*,#4440,.F.);
#2804=ORIENTED_EDGE('',*,*,#4441,.T.);
#2805=ORIENTED_EDGE('',*,*,#4437,.T.);
#2806=ORIENTED_EDGE('',*,*,#3697,.F.);
#2807=ORIENTED_EDGE('',*,*,#4442,.F.);
#2808=ORIENTED_EDGE('',*,*,#4443,.T.);
#2809=ORIENTED_EDGE('',*,*,#4440,.T.);
#2810=ORIENTED_EDGE('',*,*,#3696,.F.);
#2811=ORIENTED_EDGE('',*,*,#4439,.F.);
#2812=ORIENTED_EDGE('',*,*,#4444,.T.);
#2813=ORIENTED_EDGE('',*,*,#4442,.T.);
#2814=ORIENTED_EDGE('',*,*,#4438,.F.);
#2815=ORIENTED_EDGE('',*,*,#4441,.F.);
#2816=ORIENTED_EDGE('',*,*,#4443,.F.);
#2817=ORIENTED_EDGE('',*,*,#4444,.F.);
#2818=ORIENTED_EDGE('',*,*,#3855,.F.);
#2819=ORIENTED_EDGE('',*,*,#4445,.F.);
#2820=ORIENTED_EDGE('',*,*,#4446,.T.);
#2821=ORIENTED_EDGE('',*,*,#4447,.T.);
#2822=ORIENTED_EDGE('',*,*,#3900,.F.);
#2823=ORIENTED_EDGE('',*,*,#4448,.F.);
#2824=ORIENTED_EDGE('',*,*,#4449,.T.);
#2825=ORIENTED_EDGE('',*,*,#4445,.T.);
#2826=ORIENTED_EDGE('',*,*,#3899,.F.);
#2827=ORIENTED_EDGE('',*,*,#4450,.F.);
#2828=ORIENTED_EDGE('',*,*,#4451,.T.);
#2829=ORIENTED_EDGE('',*,*,#4448,.T.);
#2830=ORIENTED_EDGE('',*,*,#3898,.F.);
#2831=ORIENTED_EDGE('',*,*,#4452,.F.);
#2832=ORIENTED_EDGE('',*,*,#4453,.T.);
#2833=ORIENTED_EDGE('',*,*,#4450,.T.);
#2834=ORIENTED_EDGE('',*,*,#3897,.F.);
#2835=ORIENTED_EDGE('',*,*,#4454,.F.);
#2836=ORIENTED_EDGE('',*,*,#4455,.T.);
#2837=ORIENTED_EDGE('',*,*,#4452,.T.);
#2838=ORIENTED_EDGE('',*,*,#3896,.F.);
#2839=ORIENTED_EDGE('',*,*,#4456,.F.);
#2840=ORIENTED_EDGE('',*,*,#4457,.T.);
#2841=ORIENTED_EDGE('',*,*,#4454,.T.);
#2842=ORIENTED_EDGE('',*,*,#3895,.F.);
#2843=ORIENTED_EDGE('',*,*,#4458,.F.);
#2844=ORIENTED_EDGE('',*,*,#4459,.T.);
#2845=ORIENTED_EDGE('',*,*,#4456,.T.);
#2846=ORIENTED_EDGE('',*,*,#3894,.F.);
#2847=ORIENTED_EDGE('',*,*,#4460,.F.);
#2848=ORIENTED_EDGE('',*,*,#4461,.T.);
#2849=ORIENTED_EDGE('',*,*,#4458,.T.);
#2850=ORIENTED_EDGE('',*,*,#3893,.F.);
#2851=ORIENTED_EDGE('',*,*,#4462,.F.);
#2852=ORIENTED_EDGE('',*,*,#4463,.T.);
#2853=ORIENTED_EDGE('',*,*,#4460,.T.);
#2854=ORIENTED_EDGE('',*,*,#3892,.F.);
#2855=ORIENTED_EDGE('',*,*,#4464,.F.);
#2856=ORIENTED_EDGE('',*,*,#4465,.T.);
#2857=ORIENTED_EDGE('',*,*,#4462,.T.);
#2858=ORIENTED_EDGE('',*,*,#3891,.F.);
#2859=ORIENTED_EDGE('',*,*,#4466,.F.);
#2860=ORIENTED_EDGE('',*,*,#4467,.T.);
#2861=ORIENTED_EDGE('',*,*,#4464,.T.);
#2862=ORIENTED_EDGE('',*,*,#3890,.F.);
#2863=ORIENTED_EDGE('',*,*,#4468,.F.);
#2864=ORIENTED_EDGE('',*,*,#4469,.T.);
#2865=ORIENTED_EDGE('',*,*,#4466,.T.);
#2866=ORIENTED_EDGE('',*,*,#3889,.F.);
#2867=ORIENTED_EDGE('',*,*,#4470,.F.);
#2868=ORIENTED_EDGE('',*,*,#4471,.T.);
#2869=ORIENTED_EDGE('',*,*,#4468,.T.);
#2870=ORIENTED_EDGE('',*,*,#3888,.F.);
#2871=ORIENTED_EDGE('',*,*,#4472,.F.);
#2872=ORIENTED_EDGE('',*,*,#4473,.T.);
#2873=ORIENTED_EDGE('',*,*,#4470,.T.);
#2874=ORIENTED_EDGE('',*,*,#3887,.F.);
#2875=ORIENTED_EDGE('',*,*,#4474,.F.);
#2876=ORIENTED_EDGE('',*,*,#4475,.T.);
#2877=ORIENTED_EDGE('',*,*,#4472,.T.);
#2878=ORIENTED_EDGE('',*,*,#3886,.F.);
#2879=ORIENTED_EDGE('',*,*,#4476,.F.);
#2880=ORIENTED_EDGE('',*,*,#4477,.T.);
#2881=ORIENTED_EDGE('',*,*,#4474,.T.);
#2882=ORIENTED_EDGE('',*,*,#3885,.F.);
#2883=ORIENTED_EDGE('',*,*,#4478,.F.);
#2884=ORIENTED_EDGE('',*,*,#4479,.T.);
#2885=ORIENTED_EDGE('',*,*,#4476,.T.);
#2886=ORIENTED_EDGE('',*,*,#3884,.F.);
#2887=ORIENTED_EDGE('',*,*,#4480,.F.);
#2888=ORIENTED_EDGE('',*,*,#4481,.T.);
#2889=ORIENTED_EDGE('',*,*,#4478,.T.);
#2890=ORIENTED_EDGE('',*,*,#3883,.F.);
#2891=ORIENTED_EDGE('',*,*,#4482,.F.);
#2892=ORIENTED_EDGE('',*,*,#4483,.T.);
#2893=ORIENTED_EDGE('',*,*,#4480,.T.);
#2894=ORIENTED_EDGE('',*,*,#3882,.F.);
#2895=ORIENTED_EDGE('',*,*,#4484,.F.);
#2896=ORIENTED_EDGE('',*,*,#4485,.T.);
#2897=ORIENTED_EDGE('',*,*,#4482,.T.);
#2898=ORIENTED_EDGE('',*,*,#3881,.F.);
#2899=ORIENTED_EDGE('',*,*,#4486,.F.);
#2900=ORIENTED_EDGE('',*,*,#4487,.T.);
#2901=ORIENTED_EDGE('',*,*,#4484,.T.);
#2902=ORIENTED_EDGE('',*,*,#3880,.F.);
#2903=ORIENTED_EDGE('',*,*,#4488,.F.);
#2904=ORIENTED_EDGE('',*,*,#4489,.T.);
#2905=ORIENTED_EDGE('',*,*,#4486,.T.);
#2906=ORIENTED_EDGE('',*,*,#3879,.F.);
#2907=ORIENTED_EDGE('',*,*,#4490,.F.);
#2908=ORIENTED_EDGE('',*,*,#4491,.T.);
#2909=ORIENTED_EDGE('',*,*,#4488,.T.);
#2910=ORIENTED_EDGE('',*,*,#3878,.F.);
#2911=ORIENTED_EDGE('',*,*,#4492,.F.);
#2912=ORIENTED_EDGE('',*,*,#4493,.T.);
#2913=ORIENTED_EDGE('',*,*,#4490,.T.);
#2914=ORIENTED_EDGE('',*,*,#3877,.F.);
#2915=ORIENTED_EDGE('',*,*,#4494,.F.);
#2916=ORIENTED_EDGE('',*,*,#4495,.T.);
#2917=ORIENTED_EDGE('',*,*,#4492,.T.);
#2918=ORIENTED_EDGE('',*,*,#3876,.F.);
#2919=ORIENTED_EDGE('',*,*,#4496,.F.);
#2920=ORIENTED_EDGE('',*,*,#4497,.T.);
#2921=ORIENTED_EDGE('',*,*,#4494,.T.);
#2922=ORIENTED_EDGE('',*,*,#3875,.F.);
#2923=ORIENTED_EDGE('',*,*,#4498,.F.);
#2924=ORIENTED_EDGE('',*,*,#4499,.T.);
#2925=ORIENTED_EDGE('',*,*,#4496,.T.);
#2926=ORIENTED_EDGE('',*,*,#3874,.F.);
#2927=ORIENTED_EDGE('',*,*,#4500,.F.);
#2928=ORIENTED_EDGE('',*,*,#4501,.T.);
#2929=ORIENTED_EDGE('',*,*,#4498,.T.);
#2930=ORIENTED_EDGE('',*,*,#3873,.F.);
#2931=ORIENTED_EDGE('',*,*,#4502,.F.);
#2932=ORIENTED_EDGE('',*,*,#4503,.T.);
#2933=ORIENTED_EDGE('',*,*,#4500,.T.);
#2934=ORIENTED_EDGE('',*,*,#3872,.F.);
#2935=ORIENTED_EDGE('',*,*,#4504,.F.);
#2936=ORIENTED_EDGE('',*,*,#4505,.T.);
#2937=ORIENTED_EDGE('',*,*,#4502,.T.);
#2938=ORIENTED_EDGE('',*,*,#3871,.F.);
#2939=ORIENTED_EDGE('',*,*,#4506,.F.);
#2940=ORIENTED_EDGE('',*,*,#4507,.T.);
#2941=ORIENTED_EDGE('',*,*,#4504,.T.);
#2942=ORIENTED_EDGE('',*,*,#3870,.F.);
#2943=ORIENTED_EDGE('',*,*,#4508,.F.);
#2944=ORIENTED_EDGE('',*,*,#4509,.T.);
#2945=ORIENTED_EDGE('',*,*,#4506,.T.);
#2946=ORIENTED_EDGE('',*,*,#3869,.F.);
#2947=ORIENTED_EDGE('',*,*,#4510,.F.);
#2948=ORIENTED_EDGE('',*,*,#4511,.T.);
#2949=ORIENTED_EDGE('',*,*,#4508,.T.);
#2950=ORIENTED_EDGE('',*,*,#3868,.F.);
#2951=ORIENTED_EDGE('',*,*,#4512,.F.);
#2952=ORIENTED_EDGE('',*,*,#4513,.T.);
#2953=ORIENTED_EDGE('',*,*,#4510,.T.);
#2954=ORIENTED_EDGE('',*,*,#3867,.F.);
#2955=ORIENTED_EDGE('',*,*,#4514,.F.);
#2956=ORIENTED_EDGE('',*,*,#4515,.T.);
#2957=ORIENTED_EDGE('',*,*,#4512,.T.);
#2958=ORIENTED_EDGE('',*,*,#3866,.F.);
#2959=ORIENTED_EDGE('',*,*,#4516,.F.);
#2960=ORIENTED_EDGE('',*,*,#4517,.T.);
#2961=ORIENTED_EDGE('',*,*,#4514,.T.);
#2962=ORIENTED_EDGE('',*,*,#3865,.F.);
#2963=ORIENTED_EDGE('',*,*,#4518,.F.);
#2964=ORIENTED_EDGE('',*,*,#4519,.T.);
#2965=ORIENTED_EDGE('',*,*,#4516,.T.);
#2966=ORIENTED_EDGE('',*,*,#3864,.F.);
#2967=ORIENTED_EDGE('',*,*,#4520,.F.);
#2968=ORIENTED_EDGE('',*,*,#4521,.T.);
#2969=ORIENTED_EDGE('',*,*,#4518,.T.);
#2970=ORIENTED_EDGE('',*,*,#3863,.F.);
#2971=ORIENTED_EDGE('',*,*,#4522,.F.);
#2972=ORIENTED_EDGE('',*,*,#4523,.T.);
#2973=ORIENTED_EDGE('',*,*,#4520,.T.);
#2974=ORIENTED_EDGE('',*,*,#3862,.F.);
#2975=ORIENTED_EDGE('',*,*,#4524,.F.);
#2976=ORIENTED_EDGE('',*,*,#4525,.T.);
#2977=ORIENTED_EDGE('',*,*,#4522,.T.);
#2978=ORIENTED_EDGE('',*,*,#3861,.F.);
#2979=ORIENTED_EDGE('',*,*,#4526,.F.);
#2980=ORIENTED_EDGE('',*,*,#4527,.T.);
#2981=ORIENTED_EDGE('',*,*,#4524,.T.);
#2982=ORIENTED_EDGE('',*,*,#3860,.F.);
#2983=ORIENTED_EDGE('',*,*,#4528,.F.);
#2984=ORIENTED_EDGE('',*,*,#4529,.T.);
#2985=ORIENTED_EDGE('',*,*,#4526,.T.);
#2986=ORIENTED_EDGE('',*,*,#3859,.F.);
#2987=ORIENTED_EDGE('',*,*,#4530,.F.);
#2988=ORIENTED_EDGE('',*,*,#4531,.T.);
#2989=ORIENTED_EDGE('',*,*,#4528,.T.);
#2990=ORIENTED_EDGE('',*,*,#3858,.F.);
#2991=ORIENTED_EDGE('',*,*,#4532,.F.);
#2992=ORIENTED_EDGE('',*,*,#4533,.T.);
#2993=ORIENTED_EDGE('',*,*,#4530,.T.);
#2994=ORIENTED_EDGE('',*,*,#3857,.F.);
#2995=ORIENTED_EDGE('',*,*,#4534,.F.);
#2996=ORIENTED_EDGE('',*,*,#4535,.T.);
#2997=ORIENTED_EDGE('',*,*,#4532,.T.);
#2998=ORIENTED_EDGE('',*,*,#3856,.F.);
#2999=ORIENTED_EDGE('',*,*,#4447,.F.);
#3000=ORIENTED_EDGE('',*,*,#4536,.T.);
#3001=ORIENTED_EDGE('',*,*,#4534,.T.);
#3002=ORIENTED_EDGE('',*,*,#4446,.F.);
#3003=ORIENTED_EDGE('',*,*,#4449,.F.);
#3004=ORIENTED_EDGE('',*,*,#4451,.F.);
#3005=ORIENTED_EDGE('',*,*,#4453,.F.);
#3006=ORIENTED_EDGE('',*,*,#4455,.F.);
#3007=ORIENTED_EDGE('',*,*,#4457,.F.);
#3008=ORIENTED_EDGE('',*,*,#4459,.F.);
#3009=ORIENTED_EDGE('',*,*,#4461,.F.);
#3010=ORIENTED_EDGE('',*,*,#4463,.F.);
#3011=ORIENTED_EDGE('',*,*,#4465,.F.);
#3012=ORIENTED_EDGE('',*,*,#4467,.F.);
#3013=ORIENTED_EDGE('',*,*,#4469,.F.);
#3014=ORIENTED_EDGE('',*,*,#4471,.F.);
#3015=ORIENTED_EDGE('',*,*,#4473,.F.);
#3016=ORIENTED_EDGE('',*,*,#4475,.F.);
#3017=ORIENTED_EDGE('',*,*,#4477,.F.);
#3018=ORIENTED_EDGE('',*,*,#4479,.F.);
#3019=ORIENTED_EDGE('',*,*,#4481,.F.);
#3020=ORIENTED_EDGE('',*,*,#4483,.F.);
#3021=ORIENTED_EDGE('',*,*,#4485,.F.);
#3022=ORIENTED_EDGE('',*,*,#4487,.F.);
#3023=ORIENTED_EDGE('',*,*,#4489,.F.);
#3024=ORIENTED_EDGE('',*,*,#4491,.F.);
#3025=ORIENTED_EDGE('',*,*,#4493,.F.);
#3026=ORIENTED_EDGE('',*,*,#4495,.F.);
#3027=ORIENTED_EDGE('',*,*,#4497,.F.);
#3028=ORIENTED_EDGE('',*,*,#4499,.F.);
#3029=ORIENTED_EDGE('',*,*,#4501,.F.);
#3030=ORIENTED_EDGE('',*,*,#4503,.F.);
#3031=ORIENTED_EDGE('',*,*,#4505,.F.);
#3032=ORIENTED_EDGE('',*,*,#4507,.F.);
#3033=ORIENTED_EDGE('',*,*,#4509,.F.);
#3034=ORIENTED_EDGE('',*,*,#4511,.F.);
#3035=ORIENTED_EDGE('',*,*,#4513,.F.);
#3036=ORIENTED_EDGE('',*,*,#4515,.F.);
#3037=ORIENTED_EDGE('',*,*,#4517,.F.);
#3038=ORIENTED_EDGE('',*,*,#4519,.F.);
#3039=ORIENTED_EDGE('',*,*,#4521,.F.);
#3040=ORIENTED_EDGE('',*,*,#4523,.F.);
#3041=ORIENTED_EDGE('',*,*,#4525,.F.);
#3042=ORIENTED_EDGE('',*,*,#4527,.F.);
#3043=ORIENTED_EDGE('',*,*,#4529,.F.);
#3044=ORIENTED_EDGE('',*,*,#4531,.F.);
#3045=ORIENTED_EDGE('',*,*,#4533,.F.);
#3046=ORIENTED_EDGE('',*,*,#4535,.F.);
#3047=ORIENTED_EDGE('',*,*,#4536,.F.);
#3048=ORIENTED_EDGE('',*,*,#3649,.F.);
#3049=ORIENTED_EDGE('',*,*,#4537,.F.);
#3050=ORIENTED_EDGE('',*,*,#4538,.T.);
#3051=ORIENTED_EDGE('',*,*,#4539,.T.);
#3052=ORIENTED_EDGE('',*,*,#3694,.F.);
#3053=ORIENTED_EDGE('',*,*,#4540,.F.);
#3054=ORIENTED_EDGE('',*,*,#4541,.T.);
#3055=ORIENTED_EDGE('',*,*,#4537,.T.);
#3056=ORIENTED_EDGE('',*,*,#3693,.F.);
#3057=ORIENTED_EDGE('',*,*,#4542,.F.);
#3058=ORIENTED_EDGE('',*,*,#4543,.T.);
#3059=ORIENTED_EDGE('',*,*,#4540,.T.);
#3060=ORIENTED_EDGE('',*,*,#3692,.F.);
#3061=ORIENTED_EDGE('',*,*,#4544,.F.);
#3062=ORIENTED_EDGE('',*,*,#4545,.T.);
#3063=ORIENTED_EDGE('',*,*,#4542,.T.);
#3064=ORIENTED_EDGE('',*,*,#3691,.F.);
#3065=ORIENTED_EDGE('',*,*,#4546,.F.);
#3066=ORIENTED_EDGE('',*,*,#4547,.T.);
#3067=ORIENTED_EDGE('',*,*,#4544,.T.);
#3068=ORIENTED_EDGE('',*,*,#3690,.F.);
#3069=ORIENTED_EDGE('',*,*,#4548,.F.);
#3070=ORIENTED_EDGE('',*,*,#4549,.T.);
#3071=ORIENTED_EDGE('',*,*,#4546,.T.);
#3072=ORIENTED_EDGE('',*,*,#3689,.F.);
#3073=ORIENTED_EDGE('',*,*,#4550,.F.);
#3074=ORIENTED_EDGE('',*,*,#4551,.T.);
#3075=ORIENTED_EDGE('',*,*,#4548,.T.);
#3076=ORIENTED_EDGE('',*,*,#3688,.F.);
#3077=ORIENTED_EDGE('',*,*,#4552,.F.);
#3078=ORIENTED_EDGE('',*,*,#4553,.T.);
#3079=ORIENTED_EDGE('',*,*,#4550,.T.);
#3080=ORIENTED_EDGE('',*,*,#3687,.F.);
#3081=ORIENTED_EDGE('',*,*,#4554,.F.);
#3082=ORIENTED_EDGE('',*,*,#4555,.T.);
#3083=ORIENTED_EDGE('',*,*,#4552,.T.);
#3084=ORIENTED_EDGE('',*,*,#3686,.F.);
#3085=ORIENTED_EDGE('',*,*,#4556,.F.);
#3086=ORIENTED_EDGE('',*,*,#4557,.T.);
#3087=ORIENTED_EDGE('',*,*,#4554,.T.);
#3088=ORIENTED_EDGE('',*,*,#3685,.F.);
#3089=ORIENTED_EDGE('',*,*,#4558,.F.);
#3090=ORIENTED_EDGE('',*,*,#4559,.T.);
#3091=ORIENTED_EDGE('',*,*,#4556,.T.);
#3092=ORIENTED_EDGE('',*,*,#3684,.F.);
#3093=ORIENTED_EDGE('',*,*,#4560,.F.);
#3094=ORIENTED_EDGE('',*,*,#4561,.T.);
#3095=ORIENTED_EDGE('',*,*,#4558,.T.);
#3096=ORIENTED_EDGE('',*,*,#3683,.F.);
#3097=ORIENTED_EDGE('',*,*,#4562,.F.);
#3098=ORIENTED_EDGE('',*,*,#4563,.T.);
#3099=ORIENTED_EDGE('',*,*,#4560,.T.);
#3100=ORIENTED_EDGE('',*,*,#3682,.F.);
#3101=ORIENTED_EDGE('',*,*,#4564,.F.);
#3102=ORIENTED_EDGE('',*,*,#4565,.T.);
#3103=ORIENTED_EDGE('',*,*,#4562,.T.);
#3104=ORIENTED_EDGE('',*,*,#3681,.F.);
#3105=ORIENTED_EDGE('',*,*,#4566,.F.);
#3106=ORIENTED_EDGE('',*,*,#4567,.T.);
#3107=ORIENTED_EDGE('',*,*,#4564,.T.);
#3108=ORIENTED_EDGE('',*,*,#3680,.F.);
#3109=ORIENTED_EDGE('',*,*,#4568,.F.);
#3110=ORIENTED_EDGE('',*,*,#4569,.T.);
#3111=ORIENTED_EDGE('',*,*,#4566,.T.);
#3112=ORIENTED_EDGE('',*,*,#3679,.F.);
#3113=ORIENTED_EDGE('',*,*,#4570,.F.);
#3114=ORIENTED_EDGE('',*,*,#4571,.T.);
#3115=ORIENTED_EDGE('',*,*,#4568,.T.);
#3116=ORIENTED_EDGE('',*,*,#3678,.F.);
#3117=ORIENTED_EDGE('',*,*,#4572,.F.);
#3118=ORIENTED_EDGE('',*,*,#4573,.T.);
#3119=ORIENTED_EDGE('',*,*,#4570,.T.);
#3120=ORIENTED_EDGE('',*,*,#3677,.F.);
#3121=ORIENTED_EDGE('',*,*,#4574,.F.);
#3122=ORIENTED_EDGE('',*,*,#4575,.T.);
#3123=ORIENTED_EDGE('',*,*,#4572,.T.);
#3124=ORIENTED_EDGE('',*,*,#3676,.F.);
#3125=ORIENTED_EDGE('',*,*,#4576,.F.);
#3126=ORIENTED_EDGE('',*,*,#4577,.T.);
#3127=ORIENTED_EDGE('',*,*,#4574,.T.);
#3128=ORIENTED_EDGE('',*,*,#3675,.F.);
#3129=ORIENTED_EDGE('',*,*,#4578,.F.);
#3130=ORIENTED_EDGE('',*,*,#4579,.T.);
#3131=ORIENTED_EDGE('',*,*,#4576,.T.);
#3132=ORIENTED_EDGE('',*,*,#3674,.F.);
#3133=ORIENTED_EDGE('',*,*,#4580,.F.);
#3134=ORIENTED_EDGE('',*,*,#4581,.T.);
#3135=ORIENTED_EDGE('',*,*,#4578,.T.);
#3136=ORIENTED_EDGE('',*,*,#3673,.F.);
#3137=ORIENTED_EDGE('',*,*,#4582,.F.);
#3138=ORIENTED_EDGE('',*,*,#4583,.T.);
#3139=ORIENTED_EDGE('',*,*,#4580,.T.);
#3140=ORIENTED_EDGE('',*,*,#3672,.F.);
#3141=ORIENTED_EDGE('',*,*,#4584,.F.);
#3142=ORIENTED_EDGE('',*,*,#4585,.T.);
#3143=ORIENTED_EDGE('',*,*,#4582,.T.);
#3144=ORIENTED_EDGE('',*,*,#3671,.F.);
#3145=ORIENTED_EDGE('',*,*,#4586,.F.);
#3146=ORIENTED_EDGE('',*,*,#4587,.T.);
#3147=ORIENTED_EDGE('',*,*,#4584,.T.);
#3148=ORIENTED_EDGE('',*,*,#3670,.F.);
#3149=ORIENTED_EDGE('',*,*,#4588,.F.);
#3150=ORIENTED_EDGE('',*,*,#4589,.T.);
#3151=ORIENTED_EDGE('',*,*,#4586,.T.);
#3152=ORIENTED_EDGE('',*,*,#3669,.F.);
#3153=ORIENTED_EDGE('',*,*,#4590,.F.);
#3154=ORIENTED_EDGE('',*,*,#4591,.T.);
#3155=ORIENTED_EDGE('',*,*,#4588,.T.);
#3156=ORIENTED_EDGE('',*,*,#3668,.F.);
#3157=ORIENTED_EDGE('',*,*,#4592,.F.);
#3158=ORIENTED_EDGE('',*,*,#4593,.T.);
#3159=ORIENTED_EDGE('',*,*,#4590,.T.);
#3160=ORIENTED_EDGE('',*,*,#3667,.F.);
#3161=ORIENTED_EDGE('',*,*,#4594,.F.);
#3162=ORIENTED_EDGE('',*,*,#4595,.T.);
#3163=ORIENTED_EDGE('',*,*,#4592,.T.);
#3164=ORIENTED_EDGE('',*,*,#3666,.F.);
#3165=ORIENTED_EDGE('',*,*,#4596,.F.);
#3166=ORIENTED_EDGE('',*,*,#4597,.T.);
#3167=ORIENTED_EDGE('',*,*,#4594,.T.);
#3168=ORIENTED_EDGE('',*,*,#3665,.F.);
#3169=ORIENTED_EDGE('',*,*,#4598,.F.);
#3170=ORIENTED_EDGE('',*,*,#4599,.T.);
#3171=ORIENTED_EDGE('',*,*,#4596,.T.);
#3172=ORIENTED_EDGE('',*,*,#3664,.F.);
#3173=ORIENTED_EDGE('',*,*,#4600,.F.);
#3174=ORIENTED_EDGE('',*,*,#4601,.T.);
#3175=ORIENTED_EDGE('',*,*,#4598,.T.);
#3176=ORIENTED_EDGE('',*,*,#3663,.F.);
#3177=ORIENTED_EDGE('',*,*,#4602,.F.);
#3178=ORIENTED_EDGE('',*,*,#4603,.T.);
#3179=ORIENTED_EDGE('',*,*,#4600,.T.);
#3180=ORIENTED_EDGE('',*,*,#3662,.F.);
#3181=ORIENTED_EDGE('',*,*,#4604,.F.);
#3182=ORIENTED_EDGE('',*,*,#4605,.T.);
#3183=ORIENTED_EDGE('',*,*,#4602,.T.);
#3184=ORIENTED_EDGE('',*,*,#3661,.F.);
#3185=ORIENTED_EDGE('',*,*,#4606,.F.);
#3186=ORIENTED_EDGE('',*,*,#4607,.T.);
#3187=ORIENTED_EDGE('',*,*,#4604,.T.);
#3188=ORIENTED_EDGE('',*,*,#3660,.F.);
#3189=ORIENTED_EDGE('',*,*,#4608,.F.);
#3190=ORIENTED_EDGE('',*,*,#4609,.T.);
#3191=ORIENTED_EDGE('',*,*,#4606,.T.);
#3192=ORIENTED_EDGE('',*,*,#3659,.F.);
#3193=ORIENTED_EDGE('',*,*,#4610,.F.);
#3194=ORIENTED_EDGE('',*,*,#4611,.T.);
#3195=ORIENTED_EDGE('',*,*,#4608,.T.);
#3196=ORIENTED_EDGE('',*,*,#3658,.F.);
#3197=ORIENTED_EDGE('',*,*,#4612,.F.);
#3198=ORIENTED_EDGE('',*,*,#4613,.T.);
#3199=ORIENTED_EDGE('',*,*,#4610,.T.);
#3200=ORIENTED_EDGE('',*,*,#3657,.F.);
#3201=ORIENTED_EDGE('',*,*,#4614,.F.);
#3202=ORIENTED_EDGE('',*,*,#4615,.T.);
#3203=ORIENTED_EDGE('',*,*,#4612,.T.);
#3204=ORIENTED_EDGE('',*,*,#3656,.F.);
#3205=ORIENTED_EDGE('',*,*,#4616,.F.);
#3206=ORIENTED_EDGE('',*,*,#4617,.T.);
#3207=ORIENTED_EDGE('',*,*,#4614,.T.);
#3208=ORIENTED_EDGE('',*,*,#3655,.F.);
#3209=ORIENTED_EDGE('',*,*,#4618,.F.);
#3210=ORIENTED_EDGE('',*,*,#4619,.T.);
#3211=ORIENTED_EDGE('',*,*,#4616,.T.);
#3212=ORIENTED_EDGE('',*,*,#3654,.F.);
#3213=ORIENTED_EDGE('',*,*,#4620,.F.);
#3214=ORIENTED_EDGE('',*,*,#4621,.T.);
#3215=ORIENTED_EDGE('',*,*,#4618,.T.);
#3216=ORIENTED_EDGE('',*,*,#3653,.F.);
#3217=ORIENTED_EDGE('',*,*,#4622,.F.);
#3218=ORIENTED_EDGE('',*,*,#4623,.T.);
#3219=ORIENTED_EDGE('',*,*,#4620,.T.);
#3220=ORIENTED_EDGE('',*,*,#3652,.F.);
#3221=ORIENTED_EDGE('',*,*,#4624,.F.);
#3222=ORIENTED_EDGE('',*,*,#4625,.T.);
#3223=ORIENTED_EDGE('',*,*,#4622,.T.);
#3224=ORIENTED_EDGE('',*,*,#3651,.F.);
#3225=ORIENTED_EDGE('',*,*,#4626,.F.);
#3226=ORIENTED_EDGE('',*,*,#4627,.T.);
#3227=ORIENTED_EDGE('',*,*,#4624,.T.);
#3228=ORIENTED_EDGE('',*,*,#3650,.F.);
#3229=ORIENTED_EDGE('',*,*,#4539,.F.);
#3230=ORIENTED_EDGE('',*,*,#4628,.T.);
#3231=ORIENTED_EDGE('',*,*,#4626,.T.);
#3232=ORIENTED_EDGE('',*,*,#4538,.F.);
#3233=ORIENTED_EDGE('',*,*,#4541,.F.);
#3234=ORIENTED_EDGE('',*,*,#4543,.F.);
#3235=ORIENTED_EDGE('',*,*,#4545,.F.);
#3236=ORIENTED_EDGE('',*,*,#4547,.F.);
#3237=ORIENTED_EDGE('',*,*,#4549,.F.);
#3238=ORIENTED_EDGE('',*,*,#4551,.F.);
#3239=ORIENTED_EDGE('',*,*,#4553,.F.);
#3240=ORIENTED_EDGE('',*,*,#4555,.F.);
#3241=ORIENTED_EDGE('',*,*,#4557,.F.);
#3242=ORIENTED_EDGE('',*,*,#4559,.F.);
#3243=ORIENTED_EDGE('',*,*,#4561,.F.);
#3244=ORIENTED_EDGE('',*,*,#4563,.F.);
#3245=ORIENTED_EDGE('',*,*,#4565,.F.);
#3246=ORIENTED_EDGE('',*,*,#4567,.F.);
#3247=ORIENTED_EDGE('',*,*,#4569,.F.);
#3248=ORIENTED_EDGE('',*,*,#4571,.F.);
#3249=ORIENTED_EDGE('',*,*,#4573,.F.);
#3250=ORIENTED_EDGE('',*,*,#4575,.F.);
#3251=ORIENTED_EDGE('',*,*,#4577,.F.);
#3252=ORIENTED_EDGE('',*,*,#4579,.F.);
#3253=ORIENTED_EDGE('',*,*,#4581,.F.);
#3254=ORIENTED_EDGE('',*,*,#4583,.F.);
#3255=ORIENTED_EDGE('',*,*,#4585,.F.);
#3256=ORIENTED_EDGE('',*,*,#4587,.F.);
#3257=ORIENTED_EDGE('',*,*,#4589,.F.);
#3258=ORIENTED_EDGE('',*,*,#4591,.F.);
#3259=ORIENTED_EDGE('',*,*,#4593,.F.);
#3260=ORIENTED_EDGE('',*,*,#4595,.F.);
#3261=ORIENTED_EDGE('',*,*,#4597,.F.);
#3262=ORIENTED_EDGE('',*,*,#4599,.F.);
#3263=ORIENTED_EDGE('',*,*,#4601,.F.);
#3264=ORIENTED_EDGE('',*,*,#4603,.F.);
#3265=ORIENTED_EDGE('',*,*,#4605,.F.);
#3266=ORIENTED_EDGE('',*,*,#4607,.F.);
#3267=ORIENTED_EDGE('',*,*,#4609,.F.);
#3268=ORIENTED_EDGE('',*,*,#4611,.F.);
#3269=ORIENTED_EDGE('',*,*,#4613,.F.);
#3270=ORIENTED_EDGE('',*,*,#4615,.F.);
#3271=ORIENTED_EDGE('',*,*,#4617,.F.);
#3272=ORIENTED_EDGE('',*,*,#4619,.F.);
#3273=ORIENTED_EDGE('',*,*,#4621,.F.);
#3274=ORIENTED_EDGE('',*,*,#4623,.F.);
#3275=ORIENTED_EDGE('',*,*,#4625,.F.);
#3276=ORIENTED_EDGE('',*,*,#4627,.F.);
#3277=ORIENTED_EDGE('',*,*,#4628,.F.);
#3278=ORIENTED_EDGE('',*,*,#3901,.F.);
#3279=ORIENTED_EDGE('',*,*,#4629,.F.);
#3280=ORIENTED_EDGE('',*,*,#4630,.T.);
#3281=ORIENTED_EDGE('',*,*,#4631,.T.);
#3282=ORIENTED_EDGE('',*,*,#3904,.F.);
#3283=ORIENTED_EDGE('',*,*,#4632,.F.);
#3284=ORIENTED_EDGE('',*,*,#4633,.T.);
#3285=ORIENTED_EDGE('',*,*,#4629,.T.);
#3286=ORIENTED_EDGE('',*,*,#3903,.F.);
#3287=ORIENTED_EDGE('',*,*,#4634,.F.);
#3288=ORIENTED_EDGE('',*,*,#4635,.T.);
#3289=ORIENTED_EDGE('',*,*,#4632,.T.);
#3290=ORIENTED_EDGE('',*,*,#3902,.F.);
#3291=ORIENTED_EDGE('',*,*,#4631,.F.);
#3292=ORIENTED_EDGE('',*,*,#4636,.T.);
#3293=ORIENTED_EDGE('',*,*,#4634,.T.);
#3294=ORIENTED_EDGE('',*,*,#4630,.F.);
#3295=ORIENTED_EDGE('',*,*,#4633,.F.);
#3296=ORIENTED_EDGE('',*,*,#4635,.F.);
#3297=ORIENTED_EDGE('',*,*,#4636,.F.);
#3298=ORIENTED_EDGE('',*,*,#4637,.F.);
#3299=ORIENTED_EDGE('',*,*,#4638,.F.);
#3300=ORIENTED_EDGE('',*,*,#4639,.T.);
#3301=ORIENTED_EDGE('',*,*,#4640,.T.);
#3302=ORIENTED_EDGE('',*,*,#4641,.F.);
#3303=ORIENTED_EDGE('',*,*,#4642,.F.);
#3304=ORIENTED_EDGE('',*,*,#4643,.T.);
#3305=ORIENTED_EDGE('',*,*,#4638,.T.);
#3306=ORIENTED_EDGE('',*,*,#4644,.F.);
#3307=ORIENTED_EDGE('',*,*,#4645,.F.);
#3308=ORIENTED_EDGE('',*,*,#4646,.T.);
#3309=ORIENTED_EDGE('',*,*,#4642,.T.);
#3310=ORIENTED_EDGE('',*,*,#4647,.F.);
#3311=ORIENTED_EDGE('',*,*,#4648,.F.);
#3312=ORIENTED_EDGE('',*,*,#4649,.T.);
#3313=ORIENTED_EDGE('',*,*,#4645,.T.);
#3314=ORIENTED_EDGE('',*,*,#4650,.F.);
#3315=ORIENTED_EDGE('',*,*,#4651,.F.);
#3316=ORIENTED_EDGE('',*,*,#4652,.T.);
#3317=ORIENTED_EDGE('',*,*,#4648,.T.);
#3318=ORIENTED_EDGE('',*,*,#4653,.F.);
#3319=ORIENTED_EDGE('',*,*,#4654,.F.);
#3320=ORIENTED_EDGE('',*,*,#4655,.T.);
#3321=ORIENTED_EDGE('',*,*,#4651,.T.);
#3322=ORIENTED_EDGE('',*,*,#4656,.F.);
#3323=ORIENTED_EDGE('',*,*,#4657,.F.);
#3324=ORIENTED_EDGE('',*,*,#4658,.T.);
#3325=ORIENTED_EDGE('',*,*,#4654,.T.);
#3326=ORIENTED_EDGE('',*,*,#4659,.F.);
#3327=ORIENTED_EDGE('',*,*,#4660,.F.);
#3328=ORIENTED_EDGE('',*,*,#4661,.T.);
#3329=ORIENTED_EDGE('',*,*,#4657,.T.);
#3330=ORIENTED_EDGE('',*,*,#4662,.F.);
#3331=ORIENTED_EDGE('',*,*,#4663,.F.);
#3332=ORIENTED_EDGE('',*,*,#4664,.T.);
#3333=ORIENTED_EDGE('',*,*,#4660,.T.);
#3334=ORIENTED_EDGE('',*,*,#4665,.F.);
#3335=ORIENTED_EDGE('',*,*,#4666,.F.);
#3336=ORIENTED_EDGE('',*,*,#4667,.T.);
#3337=ORIENTED_EDGE('',*,*,#4663,.T.);
#3338=ORIENTED_EDGE('',*,*,#3620,.F.);
#3339=ORIENTED_EDGE('',*,*,#4668,.F.);
#3340=ORIENTED_EDGE('',*,*,#4669,.T.);
#3341=ORIENTED_EDGE('',*,*,#4670,.T.);
#3342=ORIENTED_EDGE('',*,*,#3648,.F.);
#3343=ORIENTED_EDGE('',*,*,#4671,.F.);
#3344=ORIENTED_EDGE('',*,*,#4672,.T.);
#3345=ORIENTED_EDGE('',*,*,#4668,.T.);
#3346=ORIENTED_EDGE('',*,*,#3647,.F.);
#3347=ORIENTED_EDGE('',*,*,#4673,.F.);
#3348=ORIENTED_EDGE('',*,*,#4674,.T.);
#3349=ORIENTED_EDGE('',*,*,#4671,.T.);
#3350=ORIENTED_EDGE('',*,*,#3646,.F.);
#3351=ORIENTED_EDGE('',*,*,#4675,.F.);
#3352=ORIENTED_EDGE('',*,*,#4676,.T.);
#3353=ORIENTED_EDGE('',*,*,#4673,.T.);
#3354=ORIENTED_EDGE('',*,*,#3645,.F.);
#3355=ORIENTED_EDGE('',*,*,#4677,.F.);
#3356=ORIENTED_EDGE('',*,*,#4678,.T.);
#3357=ORIENTED_EDGE('',*,*,#4675,.T.);
#3358=ORIENTED_EDGE('',*,*,#3644,.F.);
#3359=ORIENTED_EDGE('',*,*,#4679,.F.);
#3360=ORIENTED_EDGE('',*,*,#4680,.T.);
#3361=ORIENTED_EDGE('',*,*,#4677,.T.);
#3362=ORIENTED_EDGE('',*,*,#3643,.F.);
#3363=ORIENTED_EDGE('',*,*,#4681,.F.);
#3364=ORIENTED_EDGE('',*,*,#4682,.T.);
#3365=ORIENTED_EDGE('',*,*,#4679,.T.);
#3366=ORIENTED_EDGE('',*,*,#3642,.F.);
#3367=ORIENTED_EDGE('',*,*,#4683,.F.);
#3368=ORIENTED_EDGE('',*,*,#4684,.T.);
#3369=ORIENTED_EDGE('',*,*,#4681,.T.);
#3370=ORIENTED_EDGE('',*,*,#3641,.F.);
#3371=ORIENTED_EDGE('',*,*,#4685,.F.);
#3372=ORIENTED_EDGE('',*,*,#4686,.T.);
#3373=ORIENTED_EDGE('',*,*,#4683,.T.);
#3374=ORIENTED_EDGE('',*,*,#3640,.F.);
#3375=ORIENTED_EDGE('',*,*,#4687,.F.);
#3376=ORIENTED_EDGE('',*,*,#4688,.T.);
#3377=ORIENTED_EDGE('',*,*,#4685,.T.);
#3378=ORIENTED_EDGE('',*,*,#3639,.F.);
#3379=ORIENTED_EDGE('',*,*,#4689,.F.);
#3380=ORIENTED_EDGE('',*,*,#4690,.T.);
#3381=ORIENTED_EDGE('',*,*,#4687,.T.);
#3382=ORIENTED_EDGE('',*,*,#3638,.F.);
#3383=ORIENTED_EDGE('',*,*,#4691,.F.);
#3384=ORIENTED_EDGE('',*,*,#4692,.T.);
#3385=ORIENTED_EDGE('',*,*,#4689,.T.);
#3386=ORIENTED_EDGE('',*,*,#3637,.F.);
#3387=ORIENTED_EDGE('',*,*,#4693,.F.);
#3388=ORIENTED_EDGE('',*,*,#4694,.T.);
#3389=ORIENTED_EDGE('',*,*,#4691,.T.);
#3390=ORIENTED_EDGE('',*,*,#3636,.F.);
#3391=ORIENTED_EDGE('',*,*,#4695,.F.);
#3392=ORIENTED_EDGE('',*,*,#4696,.T.);
#3393=ORIENTED_EDGE('',*,*,#4693,.T.);
#3394=ORIENTED_EDGE('',*,*,#3635,.F.);
#3395=ORIENTED_EDGE('',*,*,#4697,.F.);
#3396=ORIENTED_EDGE('',*,*,#4698,.T.);
#3397=ORIENTED_EDGE('',*,*,#4695,.T.);
#3398=ORIENTED_EDGE('',*,*,#3634,.F.);
#3399=ORIENTED_EDGE('',*,*,#4699,.F.);
#3400=ORIENTED_EDGE('',*,*,#4700,.T.);
#3401=ORIENTED_EDGE('',*,*,#4697,.T.);
#3402=ORIENTED_EDGE('',*,*,#3633,.F.);
#3403=ORIENTED_EDGE('',*,*,#4701,.F.);
#3404=ORIENTED_EDGE('',*,*,#4702,.T.);
#3405=ORIENTED_EDGE('',*,*,#4699,.T.);
#3406=ORIENTED_EDGE('',*,*,#3632,.F.);
#3407=ORIENTED_EDGE('',*,*,#4703,.F.);
#3408=ORIENTED_EDGE('',*,*,#4704,.T.);
#3409=ORIENTED_EDGE('',*,*,#4701,.T.);
#3410=ORIENTED_EDGE('',*,*,#3631,.F.);
#3411=ORIENTED_EDGE('',*,*,#4705,.F.);
#3412=ORIENTED_EDGE('',*,*,#4706,.T.);
#3413=ORIENTED_EDGE('',*,*,#4703,.T.);
#3414=ORIENTED_EDGE('',*,*,#3630,.F.);
#3415=ORIENTED_EDGE('',*,*,#4707,.F.);
#3416=ORIENTED_EDGE('',*,*,#4708,.T.);
#3417=ORIENTED_EDGE('',*,*,#4705,.T.);
#3418=ORIENTED_EDGE('',*,*,#3629,.F.);
#3419=ORIENTED_EDGE('',*,*,#4709,.F.);
#3420=ORIENTED_EDGE('',*,*,#4710,.T.);
#3421=ORIENTED_EDGE('',*,*,#4707,.T.);
#3422=ORIENTED_EDGE('',*,*,#3628,.F.);
#3423=ORIENTED_EDGE('',*,*,#4711,.F.);
#3424=ORIENTED_EDGE('',*,*,#4712,.T.);
#3425=ORIENTED_EDGE('',*,*,#4709,.T.);
#3426=ORIENTED_EDGE('',*,*,#3627,.F.);
#3427=ORIENTED_EDGE('',*,*,#4713,.F.);
#3428=ORIENTED_EDGE('',*,*,#4714,.T.);
#3429=ORIENTED_EDGE('',*,*,#4711,.T.);
#3430=ORIENTED_EDGE('',*,*,#3626,.F.);
#3431=ORIENTED_EDGE('',*,*,#4715,.F.);
#3432=ORIENTED_EDGE('',*,*,#4716,.T.);
#3433=ORIENTED_EDGE('',*,*,#4713,.T.);
#3434=ORIENTED_EDGE('',*,*,#3625,.F.);
#3435=ORIENTED_EDGE('',*,*,#4717,.F.);
#3436=ORIENTED_EDGE('',*,*,#4718,.T.);
#3437=ORIENTED_EDGE('',*,*,#4715,.T.);
#3438=ORIENTED_EDGE('',*,*,#3624,.F.);
#3439=ORIENTED_EDGE('',*,*,#4719,.F.);
#3440=ORIENTED_EDGE('',*,*,#4720,.T.);
#3441=ORIENTED_EDGE('',*,*,#4717,.T.);
#3442=ORIENTED_EDGE('',*,*,#3623,.F.);
#3443=ORIENTED_EDGE('',*,*,#4721,.F.);
#3444=ORIENTED_EDGE('',*,*,#4722,.T.);
#3445=ORIENTED_EDGE('',*,*,#4719,.T.);
#3446=ORIENTED_EDGE('',*,*,#3622,.F.);
#3447=ORIENTED_EDGE('',*,*,#4723,.F.);
#3448=ORIENTED_EDGE('',*,*,#4724,.T.);
#3449=ORIENTED_EDGE('',*,*,#4721,.T.);
#3450=ORIENTED_EDGE('',*,*,#3621,.F.);
#3451=ORIENTED_EDGE('',*,*,#4670,.F.);
#3452=ORIENTED_EDGE('',*,*,#4725,.T.);
#3453=ORIENTED_EDGE('',*,*,#4723,.T.);
#3454=ORIENTED_EDGE('',*,*,#4726,.F.);
#3455=ORIENTED_EDGE('',*,*,#4640,.F.);
#3456=ORIENTED_EDGE('',*,*,#4727,.T.);
#3457=ORIENTED_EDGE('',*,*,#4666,.T.);
#3458=ORIENTED_EDGE('',*,*,#4669,.F.);
#3459=ORIENTED_EDGE('',*,*,#4672,.F.);
#3460=ORIENTED_EDGE('',*,*,#4674,.F.);
#3461=ORIENTED_EDGE('',*,*,#4676,.F.);
#3462=ORIENTED_EDGE('',*,*,#4678,.F.);
#3463=ORIENTED_EDGE('',*,*,#4680,.F.);
#3464=ORIENTED_EDGE('',*,*,#4682,.F.);
#3465=ORIENTED_EDGE('',*,*,#4684,.F.);
#3466=ORIENTED_EDGE('',*,*,#4686,.F.);
#3467=ORIENTED_EDGE('',*,*,#4688,.F.);
#3468=ORIENTED_EDGE('',*,*,#4690,.F.);
#3469=ORIENTED_EDGE('',*,*,#4692,.F.);
#3470=ORIENTED_EDGE('',*,*,#4694,.F.);
#3471=ORIENTED_EDGE('',*,*,#4696,.F.);
#3472=ORIENTED_EDGE('',*,*,#4698,.F.);
#3473=ORIENTED_EDGE('',*,*,#4700,.F.);
#3474=ORIENTED_EDGE('',*,*,#4702,.F.);
#3475=ORIENTED_EDGE('',*,*,#4704,.F.);
#3476=ORIENTED_EDGE('',*,*,#4706,.F.);
#3477=ORIENTED_EDGE('',*,*,#4708,.F.);
#3478=ORIENTED_EDGE('',*,*,#4710,.F.);
#3479=ORIENTED_EDGE('',*,*,#4712,.F.);
#3480=ORIENTED_EDGE('',*,*,#4714,.F.);
#3481=ORIENTED_EDGE('',*,*,#4716,.F.);
#3482=ORIENTED_EDGE('',*,*,#4718,.F.);
#3483=ORIENTED_EDGE('',*,*,#4720,.F.);
#3484=ORIENTED_EDGE('',*,*,#4722,.F.);
#3485=ORIENTED_EDGE('',*,*,#4724,.F.);
#3486=ORIENTED_EDGE('',*,*,#4725,.F.);
#3487=ORIENTED_EDGE('',*,*,#4639,.F.);
#3488=ORIENTED_EDGE('',*,*,#4643,.F.);
#3489=ORIENTED_EDGE('',*,*,#4646,.F.);
#3490=ORIENTED_EDGE('',*,*,#4649,.F.);
#3491=ORIENTED_EDGE('',*,*,#4652,.F.);
#3492=ORIENTED_EDGE('',*,*,#4655,.F.);
#3493=ORIENTED_EDGE('',*,*,#4658,.F.);
#3494=ORIENTED_EDGE('',*,*,#4661,.F.);
#3495=ORIENTED_EDGE('',*,*,#4664,.F.);
#3496=ORIENTED_EDGE('',*,*,#4667,.F.);
#3497=ORIENTED_EDGE('',*,*,#4727,.F.);
#3498=ORIENTED_EDGE('',*,*,#3905,.F.);
#3499=ORIENTED_EDGE('',*,*,#4728,.F.);
#3500=ORIENTED_EDGE('',*,*,#4729,.T.);
#3501=ORIENTED_EDGE('',*,*,#4730,.T.);
#3502=ORIENTED_EDGE('',*,*,#3916,.F.);
#3503=ORIENTED_EDGE('',*,*,#4731,.F.);
#3504=ORIENTED_EDGE('',*,*,#4732,.T.);
#3505=ORIENTED_EDGE('',*,*,#4728,.T.);
#3506=ORIENTED_EDGE('',*,*,#3915,.F.);
#3507=ORIENTED_EDGE('',*,*,#4733,.F.);
#3508=ORIENTED_EDGE('',*,*,#4734,.T.);
#3509=ORIENTED_EDGE('',*,*,#4731,.T.);
#3510=ORIENTED_EDGE('',*,*,#3914,.F.);
#3511=ORIENTED_EDGE('',*,*,#4735,.F.);
#3512=ORIENTED_EDGE('',*,*,#4736,.T.);
#3513=ORIENTED_EDGE('',*,*,#4733,.T.);
#3514=ORIENTED_EDGE('',*,*,#3913,.F.);
#3515=ORIENTED_EDGE('',*,*,#4737,.F.);
#3516=ORIENTED_EDGE('',*,*,#4738,.T.);
#3517=ORIENTED_EDGE('',*,*,#4735,.T.);
#3518=ORIENTED_EDGE('',*,*,#3912,.F.);
#3519=ORIENTED_EDGE('',*,*,#4739,.F.);
#3520=ORIENTED_EDGE('',*,*,#4740,.T.);
#3521=ORIENTED_EDGE('',*,*,#4737,.T.);
#3522=ORIENTED_EDGE('',*,*,#3911,.F.);
#3523=ORIENTED_EDGE('',*,*,#4741,.F.);
#3524=ORIENTED_EDGE('',*,*,#4742,.T.);
#3525=ORIENTED_EDGE('',*,*,#4739,.T.);
#3526=ORIENTED_EDGE('',*,*,#3910,.F.);
#3527=ORIENTED_EDGE('',*,*,#4743,.F.);
#3528=ORIENTED_EDGE('',*,*,#4744,.T.);
#3529=ORIENTED_EDGE('',*,*,#4741,.T.);
#3530=ORIENTED_EDGE('',*,*,#3909,.F.);
#3531=ORIENTED_EDGE('',*,*,#4745,.F.);
#3532=ORIENTED_EDGE('',*,*,#4746,.T.);
#3533=ORIENTED_EDGE('',*,*,#4743,.T.);
#3534=ORIENTED_EDGE('',*,*,#3908,.F.);
#3535=ORIENTED_EDGE('',*,*,#4747,.F.);
#3536=ORIENTED_EDGE('',*,*,#4748,.T.);
#3537=ORIENTED_EDGE('',*,*,#4745,.T.);
#3538=ORIENTED_EDGE('',*,*,#3907,.F.);
#3539=ORIENTED_EDGE('',*,*,#4749,.F.);
#3540=ORIENTED_EDGE('',*,*,#4750,.T.);
#3541=ORIENTED_EDGE('',*,*,#4747,.T.);
#3542=ORIENTED_EDGE('',*,*,#3906,.F.);
#3543=ORIENTED_EDGE('',*,*,#4730,.F.);
#3544=ORIENTED_EDGE('',*,*,#4751,.T.);
#3545=ORIENTED_EDGE('',*,*,#4749,.T.);
#3546=ORIENTED_EDGE('',*,*,#4729,.F.);
#3547=ORIENTED_EDGE('',*,*,#4732,.F.);
#3548=ORIENTED_EDGE('',*,*,#4734,.F.);
#3549=ORIENTED_EDGE('',*,*,#4736,.F.);
#3550=ORIENTED_EDGE('',*,*,#4738,.F.);
#3551=ORIENTED_EDGE('',*,*,#4740,.F.);
#3552=ORIENTED_EDGE('',*,*,#4742,.F.);
#3553=ORIENTED_EDGE('',*,*,#4744,.F.);
#3554=ORIENTED_EDGE('',*,*,#4746,.F.);
#3555=ORIENTED_EDGE('',*,*,#4748,.F.);
#3556=ORIENTED_EDGE('',*,*,#4750,.F.);
#3557=ORIENTED_EDGE('',*,*,#4751,.F.);
#3558=ORIENTED_EDGE('',*,*,#4104,.T.);
#3559=ORIENTED_EDGE('',*,*,#4193,.T.);
#3560=ORIENTED_EDGE('',*,*,#4132,.T.);
#3561=ORIENTED_EDGE('',*,*,#4129,.T.);
#3562=ORIENTED_EDGE('',*,*,#4126,.T.);
#3563=ORIENTED_EDGE('',*,*,#4123,.T.);
#3564=ORIENTED_EDGE('',*,*,#4120,.T.);
#3565=ORIENTED_EDGE('',*,*,#4117,.T.);
#3566=ORIENTED_EDGE('',*,*,#4114,.T.);
#3567=ORIENTED_EDGE('',*,*,#4111,.T.);
#3568=ORIENTED_EDGE('',*,*,#4108,.T.);
#3569=ORIENTED_EDGE('',*,*,#4195,.T.);
#3570=ORIENTED_EDGE('',*,*,#4321,.T.);
#3571=ORIENTED_EDGE('',*,*,#4238,.T.);
#3572=ORIENTED_EDGE('',*,*,#4235,.T.);
#3573=ORIENTED_EDGE('',*,*,#4232,.T.);
#3574=ORIENTED_EDGE('',*,*,#4229,.T.);
#3575=ORIENTED_EDGE('',*,*,#4226,.T.);
#3576=ORIENTED_EDGE('',*,*,#4223,.T.);
#3577=ORIENTED_EDGE('',*,*,#4220,.T.);
#3578=ORIENTED_EDGE('',*,*,#4217,.T.);
#3579=ORIENTED_EDGE('',*,*,#4214,.T.);
#3580=ORIENTED_EDGE('',*,*,#4211,.T.);
#3581=ORIENTED_EDGE('',*,*,#4208,.T.);
#3582=ORIENTED_EDGE('',*,*,#4205,.T.);
#3583=ORIENTED_EDGE('',*,*,#4202,.T.);
#3584=ORIENTED_EDGE('',*,*,#4199,.T.);
#3585=ORIENTED_EDGE('',*,*,#4323,.T.);
#3586=ORIENTED_EDGE('',*,*,#4435,.T.);
#3587=ORIENTED_EDGE('',*,*,#4390,.T.);
#3588=ORIENTED_EDGE('',*,*,#4387,.T.);
#3589=ORIENTED_EDGE('',*,*,#4384,.T.);
#3590=ORIENTED_EDGE('',*,*,#4381,.T.);
#3591=ORIENTED_EDGE('',*,*,#4378,.T.);
#3592=ORIENTED_EDGE('',*,*,#4375,.T.);
#3593=ORIENTED_EDGE('',*,*,#4372,.T.);
#3594=ORIENTED_EDGE('',*,*,#4369,.T.);
#3595=ORIENTED_EDGE('',*,*,#4366,.T.);
#3596=ORIENTED_EDGE('',*,*,#4363,.T.);
#3597=ORIENTED_EDGE('',*,*,#4360,.T.);
#3598=ORIENTED_EDGE('',*,*,#4357,.T.);
#3599=ORIENTED_EDGE('',*,*,#4354,.T.);
#3600=ORIENTED_EDGE('',*,*,#4351,.T.);
#3601=ORIENTED_EDGE('',*,*,#4348,.T.);
#3602=ORIENTED_EDGE('',*,*,#4345,.T.);
#3603=ORIENTED_EDGE('',*,*,#4342,.T.);
#3604=ORIENTED_EDGE('',*,*,#4339,.T.);
#3605=ORIENTED_EDGE('',*,*,#4336,.T.);
#3606=ORIENTED_EDGE('',*,*,#4333,.T.);
#3607=ORIENTED_EDGE('',*,*,#4330,.T.);
#3608=ORIENTED_EDGE('',*,*,#4327,.T.);
#3609=ORIENTED_EDGE('',*,*,#4637,.T.);
#3610=ORIENTED_EDGE('',*,*,#4726,.T.);
#3611=ORIENTED_EDGE('',*,*,#4665,.T.);
#3612=ORIENTED_EDGE('',*,*,#4662,.T.);
#3613=ORIENTED_EDGE('',*,*,#4659,.T.);
#3614=ORIENTED_EDGE('',*,*,#4656,.T.);
#3615=ORIENTED_EDGE('',*,*,#4653,.T.);
#3616=ORIENTED_EDGE('',*,*,#4650,.T.);
#3617=ORIENTED_EDGE('',*,*,#4647,.T.);
#3618=ORIENTED_EDGE('',*,*,#4644,.T.);
#3619=ORIENTED_EDGE('',*,*,#4641,.T.);
#3620=EDGE_CURVE('',#4752,#4753,#5509,.F.);
#3621=EDGE_CURVE('',#4753,#4754,#5510,.F.);
#3622=EDGE_CURVE('',#4754,#4755,#5511,.F.);
#3623=EDGE_CURVE('',#4755,#4756,#5512,.F.);
#3624=EDGE_CURVE('',#4756,#4757,#5513,.F.);
#3625=EDGE_CURVE('',#4757,#4758,#5514,.F.);
#3626=EDGE_CURVE('',#4758,#4759,#5515,.F.);
#3627=EDGE_CURVE('',#4759,#4760,#5516,.F.);
#3628=EDGE_CURVE('',#4760,#4761,#5517,.F.);
#3629=EDGE_CURVE('',#4761,#4762,#5518,.F.);
#3630=EDGE_CURVE('',#4762,#4763,#5519,.F.);
#3631=EDGE_CURVE('',#4763,#4764,#5520,.F.);
#3632=EDGE_CURVE('',#4764,#4765,#5521,.F.);
#3633=EDGE_CURVE('',#4765,#4766,#5522,.F.);
#3634=EDGE_CURVE('',#4766,#4767,#314,.T.);
#3635=EDGE_CURVE('',#4767,#4768,#315,.T.);
#3636=EDGE_CURVE('',#4768,#4769,#5523,.T.);
#3637=EDGE_CURVE('',#4769,#4770,#5524,.T.);
#3638=EDGE_CURVE('',#4770,#4771,#5525,.T.);
#3639=EDGE_CURVE('',#4771,#4772,#5526,.T.);
#3640=EDGE_CURVE('',#4772,#4773,#5527,.T.);
#3641=EDGE_CURVE('',#4773,#4774,#5528,.T.);
#3642=EDGE_CURVE('',#4774,#4775,#5529,.T.);
#3643=EDGE_CURVE('',#4775,#4776,#5530,.T.);
#3644=EDGE_CURVE('',#4776,#4777,#316,.T.);
#3645=EDGE_CURVE('',#4777,#4778,#5531,.F.);
#3646=EDGE_CURVE('',#4778,#4779,#5532,.F.);
#3647=EDGE_CURVE('',#4779,#4780,#5533,.F.);
#3648=EDGE_CURVE('',#4780,#4752,#5534,.F.);
#3649=EDGE_CURVE('',#4781,#4782,#5535,.F.);
#3650=EDGE_CURVE('',#4782,#4783,#5536,.F.);
#3651=EDGE_CURVE('',#4783,#4784,#5537,.F.);
#3652=EDGE_CURVE('',#4784,#4785,#5538,.F.);
#3653=EDGE_CURVE('',#4785,#4786,#5539,.F.);
#3654=EDGE_CURVE('',#4786,#4787,#5540,.F.);
#3655=EDGE_CURVE('',#4787,#4788,#5541,.F.);
#3656=EDGE_CURVE('',#4788,#4789,#5542,.F.);
#3657=EDGE_CURVE('',#4789,#4790,#5543,.F.);
#3658=EDGE_CURVE('',#4790,#4791,#5544,.F.);
#3659=EDGE_CURVE('',#4791,#4792,#317,.T.);
#3660=EDGE_CURVE('',#4792,#4793,#318,.T.);
#3661=EDGE_CURVE('',#4793,#4794,#5545,.T.);
#3662=EDGE_CURVE('',#4794,#4795,#5546,.T.);
#3663=EDGE_CURVE('',#4795,#4796,#5547,.T.);
#3664=EDGE_CURVE('',#4796,#4797,#5548,.T.);
#3665=EDGE_CURVE('',#4797,#4798,#5549,.T.);
#3666=EDGE_CURVE('',#4798,#4799,#5550,.T.);
#3667=EDGE_CURVE('',#4799,#4800,#5551,.T.);
#3668=EDGE_CURVE('',#4800,#4801,#5552,.T.);
#3669=EDGE_CURVE('',#4801,#4802,#5553,.T.);
#3670=EDGE_CURVE('',#4802,#4803,#5554,.T.);
#3671=EDGE_CURVE('',#4803,#4804,#319,.T.);
#3672=EDGE_CURVE('',#4804,#4805,#320,.T.);
#3673=EDGE_CURVE('',#4805,#4806,#5555,.T.);
#3674=EDGE_CURVE('',#4806,#4807,#5556,.T.);
#3675=EDGE_CURVE('',#4807,#4808,#5557,.T.);
#3676=EDGE_CURVE('',#4808,#4809,#5558,.T.);
#3677=EDGE_CURVE('',#4809,#4810,#5559,.T.);
#3678=EDGE_CURVE('',#4810,#4811,#5560,.T.);
#3679=EDGE_CURVE('',#4811,#4812,#5561,.T.);
#3680=EDGE_CURVE('',#4812,#4813,#5562,.T.);
#3681=EDGE_CURVE('',#4813,#4814,#5563,.T.);
#3682=EDGE_CURVE('',#4814,#4815,#5564,.T.);
#3683=EDGE_CURVE('',#4815,#4816,#321,.T.);
#3684=EDGE_CURVE('',#4816,#4817,#322,.T.);
#3685=EDGE_CURVE('',#4817,#4818,#5565,.F.);
#3686=EDGE_CURVE('',#4818,#4819,#5566,.F.);
#3687=EDGE_CURVE('',#4819,#4820,#5567,.F.);
#3688=EDGE_CURVE('',#4820,#4821,#5568,.F.);
#3689=EDGE_CURVE('',#4821,#4822,#5569,.F.);
#3690=EDGE_CURVE('',#4822,#4823,#5570,.F.);
#3691=EDGE_CURVE('',#4823,#4824,#5571,.F.);
#3692=EDGE_CURVE('',#4824,#4825,#5572,.F.);
#3693=EDGE_CURVE('',#4825,#4826,#5573,.F.);
#3694=EDGE_CURVE('',#4826,#4781,#5574,.F.);
#3695=EDGE_CURVE('',#4827,#4828,#323,.T.);
#3696=EDGE_CURVE('',#4828,#4829,#324,.T.);
#3697=EDGE_CURVE('',#4829,#4830,#325,.T.);
#3698=EDGE_CURVE('',#4830,#4827,#326,.T.);
#3699=EDGE_CURVE('',#4831,#4832,#5575,.F.);
#3700=EDGE_CURVE('',#4832,#4833,#5576,.F.);
#3701=EDGE_CURVE('',#4833,#4834,#5577,.F.);
#3702=EDGE_CURVE('',#4834,#4835,#5578,.F.);
#3703=EDGE_CURVE('',#4835,#4836,#5579,.F.);
#3704=EDGE_CURVE('',#4836,#4837,#5580,.F.);
#3705=EDGE_CURVE('',#4837,#4838,#5581,.F.);
#3706=EDGE_CURVE('',#4838,#4839,#5582,.F.);
#3707=EDGE_CURVE('',#4839,#4840,#5583,.F.);
#3708=EDGE_CURVE('',#4840,#4841,#5584,.F.);
#3709=EDGE_CURVE('',#4841,#4842,#5585,.F.);
#3710=EDGE_CURVE('',#4842,#4843,#5586,.F.);
#3711=EDGE_CURVE('',#4843,#4844,#5587,.F.);
#3712=EDGE_CURVE('',#4844,#4845,#327,.T.);
#3713=EDGE_CURVE('',#4845,#4846,#5588,.F.);
#3714=EDGE_CURVE('',#4846,#4847,#5589,.F.);
#3715=EDGE_CURVE('',#4847,#4848,#5590,.F.);
#3716=EDGE_CURVE('',#4848,#4849,#5591,.F.);
#3717=EDGE_CURVE('',#4849,#4850,#5592,.T.);
#3718=EDGE_CURVE('',#4850,#4851,#5593,.T.);
#3719=EDGE_CURVE('',#4851,#4852,#5594,.T.);
#3720=EDGE_CURVE('',#4852,#4853,#5595,.T.);
#3721=EDGE_CURVE('',#4853,#4854,#5596,.T.);
#3722=EDGE_CURVE('',#4854,#4855,#5597,.T.);
#3723=EDGE_CURVE('',#4855,#4856,#5598,.T.);
#3724=EDGE_CURVE('',#4856,#4857,#5599,.T.);
#3725=EDGE_CURVE('',#4857,#4858,#5600,.T.);
#3726=EDGE_CURVE('',#4858,#4859,#5601,.T.);
#3727=EDGE_CURVE('',#4859,#4860,#328,.T.);
#3728=EDGE_CURVE('',#4860,#4861,#5602,.F.);
#3729=EDGE_CURVE('',#4861,#4862,#5603,.F.);
#3730=EDGE_CURVE('',#4862,#4863,#5604,.F.);
#3731=EDGE_CURVE('',#4863,#4864,#5605,.F.);
#3732=EDGE_CURVE('',#4864,#4865,#5606,.F.);
#3733=EDGE_CURVE('',#4865,#4866,#5607,.F.);
#3734=EDGE_CURVE('',#4866,#4867,#5608,.F.);
#3735=EDGE_CURVE('',#4867,#4868,#5609,.F.);
#3736=EDGE_CURVE('',#4868,#4869,#329,.T.);
#3737=EDGE_CURVE('',#4869,#4870,#330,.T.);
#3738=EDGE_CURVE('',#4870,#4831,#331,.T.);
#3739=EDGE_CURVE('',#4871,#4872,#332,.T.);
#3740=EDGE_CURVE('',#4873,#4872,#333,.T.);
#3741=EDGE_CURVE('',#4874,#4873,#334,.T.);
#3742=EDGE_CURVE('',#4874,#4871,#335,.T.);
#3743=EDGE_CURVE('',#4875,#4876,#336,.F.);
#3744=EDGE_CURVE('',#4877,#4875,#337,.F.);
#3745=EDGE_CURVE('',#4878,#4877,#5610,.T.);
#3746=EDGE_CURVE('',#4879,#4878,#5611,.T.);
#3747=EDGE_CURVE('',#4880,#4879,#5612,.T.);
#3748=EDGE_CURVE('',#4881,#4880,#5613,.T.);
#3749=EDGE_CURVE('',#4882,#4881,#5614,.T.);
#3750=EDGE_CURVE('',#4883,#4882,#5615,.T.);
#3751=EDGE_CURVE('',#4884,#4883,#5616,.T.);
#3752=EDGE_CURVE('',#4885,#4884,#5617,.T.);
#3753=EDGE_CURVE('',#4886,#4885,#5618,.T.);
#3754=EDGE_CURVE('',#4887,#4886,#5619,.T.);
#3755=EDGE_CURVE('',#4888,#4887,#5620,.T.);
#3756=EDGE_CURVE('',#4889,#4888,#5621,.T.);
#3757=EDGE_CURVE('',#4890,#4889,#5622,.T.);
#3758=EDGE_CURVE('',#4891,#4890,#338,.T.);
#3759=EDGE_CURVE('',#4892,#4891,#5623,.F.);
#3760=EDGE_CURVE('',#4893,#4892,#5624,.F.);
#3761=EDGE_CURVE('',#4894,#4893,#5625,.F.);
#3762=EDGE_CURVE('',#4895,#4894,#5626,.F.);
#3763=EDGE_CURVE('',#4896,#4895,#339,.F.);
#3764=EDGE_CURVE('',#4897,#4896,#5627,.F.);
#3765=EDGE_CURVE('',#4898,#4897,#5628,.F.);
#3766=EDGE_CURVE('',#4899,#4898,#5629,.F.);
#3767=EDGE_CURVE('',#4900,#4899,#340,.F.);
#3768=EDGE_CURVE('',#4901,#4900,#5630,.F.);
#3769=EDGE_CURVE('',#4902,#4901,#5631,.F.);
#3770=EDGE_CURVE('',#4903,#4902,#5632,.F.);
#3771=EDGE_CURVE('',#4904,#4903,#5633,.F.);
#3772=EDGE_CURVE('',#4905,#4904,#341,.T.);
#3773=EDGE_CURVE('',#4906,#4905,#5634,.T.);
#3774=EDGE_CURVE('',#4907,#4906,#5635,.T.);
#3775=EDGE_CURVE('',#4908,#4907,#5636,.T.);
#3776=EDGE_CURVE('',#4909,#4908,#5637,.T.);
#3777=EDGE_CURVE('',#4910,#4909,#5638,.T.);
#3778=EDGE_CURVE('',#4911,#4910,#5639,.T.);
#3779=EDGE_CURVE('',#4912,#4911,#5640,.T.);
#3780=EDGE_CURVE('',#4913,#4912,#5641,.T.);
#3781=EDGE_CURVE('',#4914,#4913,#5642,.T.);
#3782=EDGE_CURVE('',#4915,#4914,#5643,.T.);
#3783=EDGE_CURVE('',#4916,#4915,#5644,.T.);
#3784=EDGE_CURVE('',#4917,#4916,#5645,.T.);
#3785=EDGE_CURVE('',#4918,#4917,#5646,.T.);
#3786=EDGE_CURVE('',#4919,#4918,#5647,.T.);
#3787=EDGE_CURVE('',#4920,#4919,#5648,.T.);
#3788=EDGE_CURVE('',#4921,#4920,#5649,.T.);
#3789=EDGE_CURVE('',#4922,#4921,#342,.T.);
#3790=EDGE_CURVE('',#4923,#4922,#5650,.F.);
#3791=EDGE_CURVE('',#4924,#4923,#5651,.F.);
#3792=EDGE_CURVE('',#4925,#4924,#5652,.F.);
#3793=EDGE_CURVE('',#4926,#4925,#5653,.F.);
#3794=EDGE_CURVE('',#4927,#4926,#5654,.F.);
#3795=EDGE_CURVE('',#4928,#4927,#5655,.F.);
#3796=EDGE_CURVE('',#4929,#4928,#5656,.F.);
#3797=EDGE_CURVE('',#4930,#4929,#5657,.F.);
#3798=EDGE_CURVE('',#4931,#4930,#5658,.T.);
#3799=EDGE_CURVE('',#4932,#4931,#5659,.F.);
#3800=EDGE_CURVE('',#4933,#4932,#5660,.F.);
#3801=EDGE_CURVE('',#4934,#4933,#5661,.F.);
#3802=EDGE_CURVE('',#4935,#4934,#5662,.F.);
#3803=EDGE_CURVE('',#4936,#4935,#5663,.F.);
#3804=EDGE_CURVE('',#4876,#4936,#5664,.F.);
#3805=EDGE_CURVE('',#4937,#4938,#5665,.F.);
#3806=EDGE_CURVE('',#4938,#4939,#5666,.F.);
#3807=EDGE_CURVE('',#4939,#4940,#5667,.F.);
#3808=EDGE_CURVE('',#4940,#4941,#5668,.F.);
#3809=EDGE_CURVE('',#4941,#4942,#5669,.F.);
#3810=EDGE_CURVE('',#4942,#4943,#5670,.F.);
#3811=EDGE_CURVE('',#4943,#4944,#5671,.F.);
#3812=EDGE_CURVE('',#4944,#4945,#5672,.F.);
#3813=EDGE_CURVE('',#4945,#4946,#5673,.F.);
#3814=EDGE_CURVE('',#4946,#4947,#5674,.F.);
#3815=EDGE_CURVE('',#4947,#4948,#5675,.F.);
#3816=EDGE_CURVE('',#4948,#4949,#5676,.F.);
#3817=EDGE_CURVE('',#4949,#4950,#5677,.F.);
#3818=EDGE_CURVE('',#4950,#4951,#5678,.F.);
#3819=EDGE_CURVE('',#4951,#4952,#343,.T.);
#3820=EDGE_CURVE('',#4952,#4953,#344,.T.);
#3821=EDGE_CURVE('',#4953,#4954,#5679,.T.);
#3822=EDGE_CURVE('',#4954,#4955,#5680,.T.);
#3823=EDGE_CURVE('',#4955,#4956,#5681,.T.);
#3824=EDGE_CURVE('',#4956,#4957,#5682,.T.);
#3825=EDGE_CURVE('',#4957,#4958,#5683,.T.);
#3826=EDGE_CURVE('',#4958,#4959,#5684,.T.);
#3827=EDGE_CURVE('',#4959,#4960,#5685,.T.);
#3828=EDGE_CURVE('',#4960,#4961,#5686,.T.);
#3829=EDGE_CURVE('',#4961,#4962,#345,.T.);
#3830=EDGE_CURVE('',#4962,#4963,#5687,.F.);
#3831=EDGE_CURVE('',#4963,#4964,#5688,.F.);
#3832=EDGE_CURVE('',#4964,#4965,#5689,.F.);
#3833=EDGE_CURVE('',#4965,#4937,#5690,.F.);
#3834=EDGE_CURVE('',#4966,#4967,#5691,.F.);
#3835=EDGE_CURVE('',#4967,#4968,#5692,.F.);
#3836=EDGE_CURVE('',#4968,#4969,#5693,.F.);
#3837=EDGE_CURVE('',#4969,#4970,#346,.T.);
#3838=EDGE_CURVE('',#4970,#4971,#347,.T.);
#3839=EDGE_CURVE('',#4971,#4972,#348,.T.);
#3840=EDGE_CURVE('',#4972,#4973,#349,.T.);
#3841=EDGE_CURVE('',#4973,#4974,#350,.T.);
#3842=EDGE_CURVE('',#4974,#4975,#351,.T.);
#3843=EDGE_CURVE('',#4975,#4976,#5694,.F.);
#3844=EDGE_CURVE('',#4976,#4977,#5695,.F.);
#3845=EDGE_CURVE('',#4977,#4978,#5696,.F.);
#3846=EDGE_CURVE('',#4978,#4979,#5697,.F.);
#3847=EDGE_CURVE('',#4979,#4980,#5698,.F.);
#3848=EDGE_CURVE('',#4980,#4981,#5699,.F.);
#3849=EDGE_CURVE('',#4981,#4982,#5700,.F.);
#3850=EDGE_CURVE('',#4982,#4983,#5701,.F.);
#3851=EDGE_CURVE('',#4983,#4984,#5702,.F.);
#3852=EDGE_CURVE('',#4984,#4985,#5703,.F.);
#3853=EDGE_CURVE('',#4985,#4986,#5704,.F.);
#3854=EDGE_CURVE('',#4986,#4966,#5705,.F.);
#3855=EDGE_CURVE('',#4987,#4988,#5706,.F.);
#3856=EDGE_CURVE('',#4988,#4989,#5707,.F.);
#3857=EDGE_CURVE('',#4989,#4990,#5708,.F.);
#3858=EDGE_CURVE('',#4990,#4991,#5709,.F.);
#3859=EDGE_CURVE('',#4991,#4992,#5710,.F.);
#3860=EDGE_CURVE('',#4992,#4993,#5711,.F.);
#3861=EDGE_CURVE('',#4993,#4994,#5712,.F.);
#3862=EDGE_CURVE('',#4994,#4995,#5713,.F.);
#3863=EDGE_CURVE('',#4995,#4996,#5714,.F.);
#3864=EDGE_CURVE('',#4996,#4997,#5715,.F.);
#3865=EDGE_CURVE('',#4997,#4998,#352,.T.);
#3866=EDGE_CURVE('',#4998,#4999,#353,.T.);
#3867=EDGE_CURVE('',#4999,#5000,#5716,.T.);
#3868=EDGE_CURVE('',#5000,#5001,#5717,.T.);
#3869=EDGE_CURVE('',#5001,#5002,#5718,.T.);
#3870=EDGE_CURVE('',#5002,#5003,#5719,.T.);
#3871=EDGE_CURVE('',#5003,#5004,#5720,.T.);
#3872=EDGE_CURVE('',#5004,#5005,#5721,.T.);
#3873=EDGE_CURVE('',#5005,#5006,#5722,.T.);
#3874=EDGE_CURVE('',#5006,#5007,#5723,.T.);
#3875=EDGE_CURVE('',#5007,#5008,#5724,.T.);
#3876=EDGE_CURVE('',#5008,#5009,#5725,.T.);
#3877=EDGE_CURVE('',#5009,#5010,#354,.T.);
#3878=EDGE_CURVE('',#5010,#5011,#355,.T.);
#3879=EDGE_CURVE('',#5011,#5012,#5726,.T.);
#3880=EDGE_CURVE('',#5012,#5013,#5727,.T.);
#3881=EDGE_CURVE('',#5013,#5014,#5728,.T.);
#3882=EDGE_CURVE('',#5014,#5015,#5729,.T.);
#3883=EDGE_CURVE('',#5015,#5016,#5730,.T.);
#3884=EDGE_CURVE('',#5016,#5017,#5731,.T.);
#3885=EDGE_CURVE('',#5017,#5018,#5732,.T.);
#3886=EDGE_CURVE('',#5018,#5019,#5733,.T.);
#3887=EDGE_CURVE('',#5019,#5020,#5734,.T.);
#3888=EDGE_CURVE('',#5020,#5021,#5735,.T.);
#3889=EDGE_CURVE('',#5021,#5022,#356,.T.);
#3890=EDGE_CURVE('',#5022,#5023,#357,.T.);
#3891=EDGE_CURVE('',#5023,#5024,#5736,.F.);
#3892=EDGE_CURVE('',#5024,#5025,#5737,.F.);
#3893=EDGE_CURVE('',#5025,#5026,#5738,.F.);
#3894=EDGE_CURVE('',#5026,#5027,#5739,.F.);
#3895=EDGE_CURVE('',#5027,#5028,#5740,.F.);
#3896=EDGE_CURVE('',#5028,#5029,#5741,.F.);
#3897=EDGE_CURVE('',#5029,#5030,#5742,.F.);
#3898=EDGE_CURVE('',#5030,#5031,#5743,.F.);
#3899=EDGE_CURVE('',#5031,#5032,#5744,.F.);
#3900=EDGE_CURVE('',#5032,#4987,#5745,.F.);
#3901=EDGE_CURVE('',#5033,#5034,#358,.T.);
#3902=EDGE_CURVE('',#5034,#5035,#359,.T.);
#3903=EDGE_CURVE('',#5035,#5036,#360,.T.);
#3904=EDGE_CURVE('',#5036,#5033,#361,.T.);
#3905=EDGE_CURVE('',#5037,#5038,#362,.T.);
#3906=EDGE_CURVE('',#5038,#5039,#363,.T.);
#3907=EDGE_CURVE('',#5039,#5040,#364,.T.);
#3908=EDGE_CURVE('',#5040,#5041,#365,.T.);
#3909=EDGE_CURVE('',#5041,#5042,#366,.T.);
#3910=EDGE_CURVE('',#5042,#5043,#367,.T.);
#3911=EDGE_CURVE('',#5043,#5044,#368,.T.);
#3912=EDGE_CURVE('',#5044,#5045,#369,.T.);
#3913=EDGE_CURVE('',#5045,#5046,#370,.T.);
#3914=EDGE_CURVE('',#5046,#5047,#371,.T.);
#3915=EDGE_CURVE('',#5047,#5048,#372,.T.);
#3916=EDGE_CURVE('',#5048,#5037,#373,.T.);
#3917=EDGE_CURVE('',#5049,#5050,#374,.T.);
#3918=EDGE_CURVE('',#5051,#5049,#375,.T.);
#3919=EDGE_CURVE('',#5051,#5052,#376,.T.);
#3920=EDGE_CURVE('',#5052,#5050,#377,.T.);
#3921=EDGE_CURVE('',#4871,#5053,#378,.T.);
#3922=EDGE_CURVE('',#5053,#5054,#379,.T.);
#3923=EDGE_CURVE('',#4872,#5054,#380,.T.);
#3924=EDGE_CURVE('',#5055,#5056,#381,.T.);
#3925=EDGE_CURVE('',#5055,#5057,#5746,.T.);
#3926=EDGE_CURVE('',#5057,#5058,#382,.T.);
#3927=EDGE_CURVE('',#5058,#5056,#5747,.T.);
#3928=EDGE_CURVE('',#5059,#5060,#383,.T.);
#3929=EDGE_CURVE('',#5061,#5059,#5748,.T.);
#3930=EDGE_CURVE('',#5061,#5062,#384,.T.);
#3931=EDGE_CURVE('',#5063,#5062,#5749,.T.);
#3932=EDGE_CURVE('',#5063,#5064,#385,.T.);
#3933=EDGE_CURVE('',#5064,#5065,#5750,.T.);
#3934=EDGE_CURVE('',#5066,#5065,#386,.T.);
#3935=EDGE_CURVE('',#5067,#5066,#5751,.T.);
#3936=EDGE_CURVE('',#5068,#5067,#387,.T.);
#3937=EDGE_CURVE('',#5068,#5069,#5752,.T.);
#3938=EDGE_CURVE('',#5069,#5070,#388,.T.);
#3939=EDGE_CURVE('',#5060,#5070,#5753,.T.);
#3940=EDGE_CURVE('',#5064,#5049,#389,.T.);
#3941=EDGE_CURVE('',#5063,#5051,#390,.T.);
#3942=EDGE_CURVE('',#5065,#5050,#391,.T.);
#3943=EDGE_CURVE('',#5066,#5052,#392,.T.);
#3944=EDGE_CURVE('',#5071,#5071,#5754,.T.);
#3945=EDGE_CURVE('',#5072,#5062,#393,.T.);
#3946=EDGE_CURVE('',#5072,#5073,#5755,.T.);
#3947=EDGE_CURVE('',#5073,#5060,#394,.T.);
#3948=EDGE_CURVE('',#5074,#5070,#395,.T.);
#3949=EDGE_CURVE('',#5075,#5074,#5756,.T.);
#3950=EDGE_CURVE('',#5075,#5067,#396,.T.);
#3951=EDGE_CURVE('',#5076,#5076,#5757,.T.);
#3952=EDGE_CURVE('',#5077,#5077,#5758,.T.);
#3953=EDGE_CURVE('',#5078,#5074,#397,.T.);
#3954=EDGE_CURVE('',#5079,#5078,#5759,.T.);
#3955=EDGE_CURVE('',#5079,#5075,#398,.T.);
#3956=EDGE_CURVE('',#5078,#5069,#399,.T.);
#3957=EDGE_CURVE('',#5080,#5080,#5760,.T.);
#3958=EDGE_CURVE('',#5079,#5068,#400,.T.);
#3959=EDGE_CURVE('',#5081,#5072,#401,.T.);
#3960=EDGE_CURVE('',#5081,#5082,#5761,.T.);
#3961=EDGE_CURVE('',#5082,#5073,#402,.T.);
#3962=EDGE_CURVE('',#5082,#5059,#403,.T.);
#3963=EDGE_CURVE('',#5083,#5083,#5762,.T.);
#3964=EDGE_CURVE('',#5081,#5061,#404,.T.);
#3965=EDGE_CURVE('',#5084,#5084,#5763,.T.);
#3966=EDGE_CURVE('',#5085,#5085,#5764,.T.);
#3967=EDGE_CURVE('',#5086,#5087,#5765,.T.);
#3968=EDGE_CURVE('',#5086,#5056,#405,.T.);
#3969=EDGE_CURVE('',#5088,#5058,#406,.T.);
#3970=EDGE_CURVE('',#5089,#5088,#5766,.T.);
#3971=EDGE_CURVE('',#5089,#5057,#407,.T.);
#3972=EDGE_CURVE('',#5087,#5055,#408,.T.);
#3973=EDGE_CURVE('',#5089,#5088,#409,.T.);
#3974=EDGE_CURVE('',#5087,#5086,#410,.T.);
#3975=EDGE_CURVE('',#4874,#5090,#411,.T.);
#3976=EDGE_CURVE('',#5090,#5053,#412,.T.);
#3977=EDGE_CURVE('',#5091,#5054,#413,.T.);
#3978=EDGE_CURVE('',#4873,#5091,#414,.T.);
#3979=EDGE_CURVE('',#5090,#5091,#415,.T.);
#3980=EDGE_CURVE('',#5092,#4875,#416,.T.);
#3981=EDGE_CURVE('',#5093,#5092,#417,.T.);
#3982=EDGE_CURVE('',#5093,#4877,#418,.T.);
#3983=EDGE_CURVE('',#5094,#4876,#419,.T.);
#3984=EDGE_CURVE('',#5092,#5094,#420,.T.);
#3985=EDGE_CURVE('',#5095,#4936,#421,.T.);
#3986=EDGE_CURVE('',#5094,#5095,#5767,.F.);
#3987=EDGE_CURVE('',#5096,#4935,#422,.T.);
#3988=EDGE_CURVE('',#5095,#5096,#5768,.F.);
#3989=EDGE_CURVE('',#5097,#4934,#423,.T.);
#3990=EDGE_CURVE('',#5096,#5097,#5769,.F.);
#3991=EDGE_CURVE('',#5098,#4933,#424,.T.);
#3992=EDGE_CURVE('',#5097,#5098,#5770,.F.);
#3993=EDGE_CURVE('',#5099,#4932,#425,.T.);
#3994=EDGE_CURVE('',#5098,#5099,#5771,.F.);
#3995=EDGE_CURVE('',#5100,#4931,#426,.T.);
#3996=EDGE_CURVE('',#5099,#5100,#5772,.F.);
#3997=EDGE_CURVE('',#5101,#4930,#427,.T.);
#3998=EDGE_CURVE('',#5100,#5101,#5773,.T.);
#3999=EDGE_CURVE('',#5102,#4929,#428,.T.);
#4000=EDGE_CURVE('',#5101,#5102,#5774,.F.);
#4001=EDGE_CURVE('',#5103,#4928,#429,.T.);
#4002=EDGE_CURVE('',#5102,#5103,#5775,.F.);
#4003=EDGE_CURVE('',#5104,#4927,#430,.T.);
#4004=EDGE_CURVE('',#5103,#5104,#5776,.F.);
#4005=EDGE_CURVE('',#5105,#4926,#431,.T.);
#4006=EDGE_CURVE('',#5104,#5105,#5777,.F.);
#4007=EDGE_CURVE('',#5106,#4925,#432,.T.);
#4008=EDGE_CURVE('',#5105,#5106,#5778,.F.);
#4009=EDGE_CURVE('',#5107,#4924,#433,.T.);
#4010=EDGE_CURVE('',#5106,#5107,#5779,.F.);
#4011=EDGE_CURVE('',#5108,#4923,#434,.T.);
#4012=EDGE_CURVE('',#5107,#5108,#5780,.F.);
#4013=EDGE_CURVE('',#5109,#4922,#435,.T.);
#4014=EDGE_CURVE('',#5108,#5109,#5781,.F.);
#4015=EDGE_CURVE('',#5110,#4921,#436,.T.);
#4016=EDGE_CURVE('',#5109,#5110,#437,.T.);
#4017=EDGE_CURVE('',#5111,#4920,#438,.T.);
#4018=EDGE_CURVE('',#5110,#5111,#5782,.T.);
#4019=EDGE_CURVE('',#5112,#4919,#439,.T.);
#4020=EDGE_CURVE('',#5111,#5112,#5783,.T.);
#4021=EDGE_CURVE('',#5113,#4918,#440,.T.);
#4022=EDGE_CURVE('',#5112,#5113,#5784,.T.);
#4023=EDGE_CURVE('',#5114,#4917,#441,.T.);
#4024=EDGE_CURVE('',#5113,#5114,#5785,.T.);
#4025=EDGE_CURVE('',#5115,#4916,#442,.T.);
#4026=EDGE_CURVE('',#5114,#5115,#5786,.T.);
#4027=EDGE_CURVE('',#5116,#4915,#443,.T.);
#4028=EDGE_CURVE('',#5115,#5116,#5787,.T.);
#4029=EDGE_CURVE('',#5117,#4914,#444,.T.);
#4030=EDGE_CURVE('',#5116,#5117,#5788,.T.);
#4031=EDGE_CURVE('',#5118,#4913,#445,.T.);
#4032=EDGE_CURVE('',#5117,#5118,#5789,.T.);
#4033=EDGE_CURVE('',#5119,#4912,#446,.T.);
#4034=EDGE_CURVE('',#5118,#5119,#5790,.T.);
#4035=EDGE_CURVE('',#5120,#4911,#447,.T.);
#4036=EDGE_CURVE('',#5119,#5120,#5791,.T.);
#4037=EDGE_CURVE('',#5121,#4910,#448,.T.);
#4038=EDGE_CURVE('',#5120,#5121,#5792,.T.);
#4039=EDGE_CURVE('',#5122,#4909,#449,.T.);
#4040=EDGE_CURVE('',#5121,#5122,#5793,.T.);
#4041=EDGE_CURVE('',#5123,#4908,#450,.T.);
#4042=EDGE_CURVE('',#5122,#5123,#5794,.T.);
#4043=EDGE_CURVE('',#5124,#4907,#451,.T.);
#4044=EDGE_CURVE('',#5123,#5124,#5795,.T.);
#4045=EDGE_CURVE('',#5125,#4906,#452,.T.);
#4046=EDGE_CURVE('',#5124,#5125,#5796,.T.);
#4047=EDGE_CURVE('',#5126,#4905,#453,.T.);
#4048=EDGE_CURVE('',#5125,#5126,#5797,.T.);
#4049=EDGE_CURVE('',#5127,#4904,#454,.T.);
#4050=EDGE_CURVE('',#5126,#5127,#455,.T.);
#4051=EDGE_CURVE('',#5128,#4903,#456,.T.);
#4052=EDGE_CURVE('',#5127,#5128,#5798,.F.);
#4053=EDGE_CURVE('',#5129,#4902,#457,.T.);
#4054=EDGE_CURVE('',#5128,#5129,#5799,.F.);
#4055=EDGE_CURVE('',#5130,#4901,#458,.T.);
#4056=EDGE_CURVE('',#5129,#5130,#5800,.F.);
#4057=EDGE_CURVE('',#5131,#4900,#459,.T.);
#4058=EDGE_CURVE('',#5130,#5131,#5801,.F.);
#4059=EDGE_CURVE('',#5132,#4899,#460,.T.);
#4060=EDGE_CURVE('',#5131,#5132,#461,.T.);
#4061=EDGE_CURVE('',#5133,#4898,#462,.T.);
#4062=EDGE_CURVE('',#5132,#5133,#5802,.F.);
#4063=EDGE_CURVE('',#5134,#4897,#463,.T.);
#4064=EDGE_CURVE('',#5133,#5134,#5803,.F.);
#4065=EDGE_CURVE('',#5135,#4896,#464,.T.);
#4066=EDGE_CURVE('',#5134,#5135,#5804,.F.);
#4067=EDGE_CURVE('',#5136,#4895,#465,.T.);
#4068=EDGE_CURVE('',#5135,#5136,#466,.T.);
#4069=EDGE_CURVE('',#5137,#4894,#467,.T.);
#4070=EDGE_CURVE('',#5136,#5137,#5805,.F.);
#4071=EDGE_CURVE('',#5138,#4893,#468,.T.);
#4072=EDGE_CURVE('',#5137,#5138,#5806,.F.);
#4073=EDGE_CURVE('',#5139,#4892,#469,.T.);
#4074=EDGE_CURVE('',#5138,#5139,#5807,.F.);
#4075=EDGE_CURVE('',#5140,#4891,#470,.T.);
#4076=EDGE_CURVE('',#5139,#5140,#5808,.F.);
#4077=EDGE_CURVE('',#5141,#4890,#471,.T.);
#4078=EDGE_CURVE('',#5140,#5141,#472,.T.);
#4079=EDGE_CURVE('',#5142,#4889,#473,.T.);
#4080=EDGE_CURVE('',#5141,#5142,#5809,.T.);
#4081=EDGE_CURVE('',#5143,#4888,#474,.T.);
#4082=EDGE_CURVE('',#5142,#5143,#5810,.T.);
#4083=EDGE_CURVE('',#5144,#4887,#475,.T.);
#4084=EDGE_CURVE('',#5143,#5144,#5811,.T.);
#4085=EDGE_CURVE('',#5145,#4886,#476,.T.);
#4086=EDGE_CURVE('',#5144,#5145,#5812,.T.);
#4087=EDGE_CURVE('',#5146,#4885,#477,.T.);
#4088=EDGE_CURVE('',#5145,#5146,#5813,.T.);
#4089=EDGE_CURVE('',#5147,#4884,#478,.T.);
#4090=EDGE_CURVE('',#5146,#5147,#5814,.T.);
#4091=EDGE_CURVE('',#5148,#4883,#479,.T.);
#4092=EDGE_CURVE('',#5147,#5148,#5815,.T.);
#4093=EDGE_CURVE('',#5149,#4882,#480,.T.);
#4094=EDGE_CURVE('',#5148,#5149,#5816,.T.);
#4095=EDGE_CURVE('',#5150,#4881,#481,.T.);
#4096=EDGE_CURVE('',#5149,#5150,#5817,.T.);
#4097=EDGE_CURVE('',#5151,#4880,#482,.T.);
#4098=EDGE_CURVE('',#5150,#5151,#5818,.T.);
#4099=EDGE_CURVE('',#5152,#4879,#483,.T.);
#4100=EDGE_CURVE('',#5151,#5152,#5819,.T.);
#4101=EDGE_CURVE('',#5153,#4878,#484,.T.);
#4102=EDGE_CURVE('',#5152,#5153,#5820,.T.);
#4103=EDGE_CURVE('',#5153,#5093,#5821,.T.);
#4104=EDGE_CURVE('',#5154,#5155,#485,.T.);
#4105=EDGE_CURVE('',#5156,#5154,#486,.T.);
#4106=EDGE_CURVE('',#5156,#5157,#487,.T.);
#4107=EDGE_CURVE('',#5157,#5155,#488,.T.);
#4108=EDGE_CURVE('',#5158,#5154,#5822,.T.);
#4109=EDGE_CURVE('',#5159,#5158,#489,.T.);
#4110=EDGE_CURVE('',#5159,#5156,#5823,.T.);
#4111=EDGE_CURVE('',#5160,#5158,#5824,.T.);
#4112=EDGE_CURVE('',#5161,#5160,#490,.T.);
#4113=EDGE_CURVE('',#5161,#5159,#5825,.T.);
#4114=EDGE_CURVE('',#5162,#5160,#5826,.T.);
#4115=EDGE_CURVE('',#5163,#5162,#491,.T.);
#4116=EDGE_CURVE('',#5163,#5161,#5827,.T.);
#4117=EDGE_CURVE('',#5164,#5162,#5828,.T.);
#4118=EDGE_CURVE('',#5165,#5164,#492,.T.);
#4119=EDGE_CURVE('',#5165,#5163,#5829,.T.);
#4120=EDGE_CURVE('',#5166,#5164,#493,.T.);
#4121=EDGE_CURVE('',#5167,#5166,#494,.T.);
#4122=EDGE_CURVE('',#5167,#5165,#495,.T.);
#4123=EDGE_CURVE('',#5168,#5166,#5830,.T.);
#4124=EDGE_CURVE('',#5169,#5168,#496,.T.);
#4125=EDGE_CURVE('',#5169,#5167,#5831,.T.);
#4126=EDGE_CURVE('',#5170,#5168,#5832,.T.);
#4127=EDGE_CURVE('',#5171,#5170,#497,.T.);
#4128=EDGE_CURVE('',#5171,#5169,#5833,.T.);
#4129=EDGE_CURVE('',#5172,#5170,#5834,.T.);
#4130=EDGE_CURVE('',#5173,#5172,#498,.T.);
#4131=EDGE_CURVE('',#5173,#5171,#5835,.T.);
#4132=EDGE_CURVE('',#5174,#5172,#5836,.T.);
#4133=EDGE_CURVE('',#5175,#5174,#499,.T.);
#4134=EDGE_CURVE('',#5175,#5173,#5837,.T.);
#4135=EDGE_CURVE('',#5176,#4937,#500,.T.);
#4136=EDGE_CURVE('',#5176,#5177,#5838,.F.);
#4137=EDGE_CURVE('',#5177,#4938,#501,.T.);
#4138=EDGE_CURVE('',#5178,#4965,#502,.T.);
#4139=EDGE_CURVE('',#5178,#5176,#5839,.F.);
#4140=EDGE_CURVE('',#5179,#4964,#503,.T.);
#4141=EDGE_CURVE('',#5179,#5178,#5840,.F.);
#4142=EDGE_CURVE('',#5180,#4963,#504,.T.);
#4143=EDGE_CURVE('',#5180,#5179,#5841,.F.);
#4144=EDGE_CURVE('',#5181,#4962,#505,.T.);
#4145=EDGE_CURVE('',#5181,#5180,#5842,.F.);
#4146=EDGE_CURVE('',#5182,#4961,#506,.T.);
#4147=EDGE_CURVE('',#5182,#5181,#507,.T.);
#4148=EDGE_CURVE('',#5183,#4960,#508,.T.);
#4149=EDGE_CURVE('',#5183,#5182,#5843,.T.);
#4150=EDGE_CURVE('',#5184,#4959,#509,.T.);
#4151=EDGE_CURVE('',#5184,#5183,#5844,.T.);
#4152=EDGE_CURVE('',#5185,#4958,#510,.T.);
#4153=EDGE_CURVE('',#5185,#5184,#5845,.T.);
#4154=EDGE_CURVE('',#5186,#4957,#511,.T.);
#4155=EDGE_CURVE('',#5186,#5185,#5846,.T.);
#4156=EDGE_CURVE('',#5187,#4956,#512,.T.);
#4157=EDGE_CURVE('',#5187,#5186,#5847,.T.);
#4158=EDGE_CURVE('',#5188,#4955,#513,.T.);
#4159=EDGE_CURVE('',#5188,#5187,#5848,.T.);
#4160=EDGE_CURVE('',#5189,#4954,#514,.T.);
#4161=EDGE_CURVE('',#5189,#5188,#5849,.T.);
#4162=EDGE_CURVE('',#5190,#4953,#515,.T.);
#4163=EDGE_CURVE('',#5190,#5189,#5850,.T.);
#4164=EDGE_CURVE('',#5191,#4952,#516,.T.);
#4165=EDGE_CURVE('',#5191,#5190,#517,.T.);
#4166=EDGE_CURVE('',#5192,#4951,#518,.T.);
#4167=EDGE_CURVE('',#5192,#5191,#519,.T.);
#4168=EDGE_CURVE('',#5193,#4950,#520,.T.);
#4169=EDGE_CURVE('',#5193,#5192,#5851,.F.);
#4170=EDGE_CURVE('',#5194,#4949,#521,.T.);
#4171=EDGE_CURVE('',#5194,#5193,#5852,.F.);
#4172=EDGE_CURVE('',#5195,#4948,#522,.T.);
#4173=EDGE_CURVE('',#5195,#5194,#5853,.F.);
#4174=EDGE_CURVE('',#5196,#4947,#523,.T.);
#4175=EDGE_CURVE('',#5196,#5195,#5854,.F.);
#4176=EDGE_CURVE('',#5197,#4946,#524,.T.);
#4177=EDGE_CURVE('',#5197,#5196,#5855,.F.);
#4178=EDGE_CURVE('',#5198,#4945,#525,.T.);
#4179=EDGE_CURVE('',#5198,#5197,#5856,.F.);
#4180=EDGE_CURVE('',#5199,#4944,#526,.T.);
#4181=EDGE_CURVE('',#5199,#5198,#5857,.F.);
#4182=EDGE_CURVE('',#5200,#4943,#527,.T.);
#4183=EDGE_CURVE('',#5200,#5199,#5858,.F.);
#4184=EDGE_CURVE('',#5201,#4942,#528,.T.);
#4185=EDGE_CURVE('',#5201,#5200,#5859,.F.);
#4186=EDGE_CURVE('',#5202,#4941,#529,.T.);
#4187=EDGE_CURVE('',#5202,#5201,#5860,.F.);
#4188=EDGE_CURVE('',#5203,#4940,#530,.T.);
#4189=EDGE_CURVE('',#5203,#5202,#5861,.F.);
#4190=EDGE_CURVE('',#5204,#4939,#531,.T.);
#4191=EDGE_CURVE('',#5204,#5203,#5862,.F.);
#4192=EDGE_CURVE('',#5177,#5204,#5863,.F.);
#4193=EDGE_CURVE('',#5155,#5174,#5864,.T.);
#4194=EDGE_CURVE('',#5157,#5175,#5865,.T.);
#4195=EDGE_CURVE('',#5205,#5206,#5866,.T.);
#4196=EDGE_CURVE('',#5207,#5205,#532,.T.);
#4197=EDGE_CURVE('',#5207,#5208,#5867,.T.);
#4198=EDGE_CURVE('',#5208,#5206,#533,.T.);
#4199=EDGE_CURVE('',#5209,#5205,#5868,.T.);
#4200=EDGE_CURVE('',#5210,#5209,#534,.T.);
#4201=EDGE_CURVE('',#5210,#5207,#5869,.T.);
#4202=EDGE_CURVE('',#5211,#5209,#5870,.T.);
#4203=EDGE_CURVE('',#5212,#5211,#535,.T.);
#4204=EDGE_CURVE('',#5212,#5210,#5871,.T.);
#4205=EDGE_CURVE('',#5213,#5211,#5872,.T.);
#4206=EDGE_CURVE('',#5214,#5213,#536,.T.);
#4207=EDGE_CURVE('',#5214,#5212,#5873,.T.);
#4208=EDGE_CURVE('',#5215,#5213,#5874,.T.);
#4209=EDGE_CURVE('',#5216,#5215,#537,.T.);
#4210=EDGE_CURVE('',#5216,#5214,#5875,.T.);
#4211=EDGE_CURVE('',#5217,#5215,#5876,.T.);
#4212=EDGE_CURVE('',#5218,#5217,#538,.T.);
#4213=EDGE_CURVE('',#5218,#5216,#5877,.T.);
#4214=EDGE_CURVE('',#5219,#5217,#5878,.T.);
#4215=EDGE_CURVE('',#5220,#5219,#539,.T.);
#4216=EDGE_CURVE('',#5220,#5218,#5879,.T.);
#4217=EDGE_CURVE('',#5221,#5219,#5880,.T.);
#4218=EDGE_CURVE('',#5222,#5221,#540,.T.);
#4219=EDGE_CURVE('',#5222,#5220,#5881,.T.);
#4220=EDGE_CURVE('',#5223,#5221,#5882,.T.);
#4221=EDGE_CURVE('',#5224,#5223,#541,.T.);
#4222=EDGE_CURVE('',#5224,#5222,#5883,.T.);
#4223=EDGE_CURVE('',#5225,#5223,#5884,.T.);
#4224=EDGE_CURVE('',#5226,#5225,#542,.T.);
#4225=EDGE_CURVE('',#5226,#5224,#5885,.T.);
#4226=EDGE_CURVE('',#5227,#5225,#5886,.T.);
#4227=EDGE_CURVE('',#5228,#5227,#543,.T.);
#4228=EDGE_CURVE('',#5228,#5226,#5887,.T.);
#4229=EDGE_CURVE('',#5229,#5227,#5888,.T.);
#4230=EDGE_CURVE('',#5230,#5229,#544,.T.);
#4231=EDGE_CURVE('',#5230,#5228,#5889,.T.);
#4232=EDGE_CURVE('',#5231,#5229,#5890,.T.);
#4233=EDGE_CURVE('',#5232,#5231,#545,.T.);
#4234=EDGE_CURVE('',#5232,#5230,#5891,.T.);
#4235=EDGE_CURVE('',#5233,#5231,#5892,.T.);
#4236=EDGE_CURVE('',#5234,#5233,#546,.T.);
#4237=EDGE_CURVE('',#5234,#5232,#5893,.T.);
#4238=EDGE_CURVE('',#5235,#5233,#5894,.T.);
#4239=EDGE_CURVE('',#5236,#5235,#547,.T.);
#4240=EDGE_CURVE('',#5236,#5234,#5895,.T.);
#4241=EDGE_CURVE('',#5237,#4831,#548,.T.);
#4242=EDGE_CURVE('',#5237,#5238,#5896,.F.);
#4243=EDGE_CURVE('',#5238,#4832,#549,.T.);
#4244=EDGE_CURVE('',#5239,#4870,#550,.T.);
#4245=EDGE_CURVE('',#5239,#5237,#551,.T.);
#4246=EDGE_CURVE('',#5240,#4869,#552,.T.);
#4247=EDGE_CURVE('',#5240,#5239,#553,.T.);
#4248=EDGE_CURVE('',#5241,#4868,#554,.T.);
#4249=EDGE_CURVE('',#5241,#5240,#555,.T.);
#4250=EDGE_CURVE('',#5242,#4867,#556,.T.);
#4251=EDGE_CURVE('',#5242,#5241,#5897,.F.);
#4252=EDGE_CURVE('',#5243,#4866,#557,.T.);
#4253=EDGE_CURVE('',#5243,#5242,#5898,.F.);
#4254=EDGE_CURVE('',#5244,#4865,#558,.T.);
#4255=EDGE_CURVE('',#5244,#5243,#5899,.F.);
#4256=EDGE_CURVE('',#5245,#4864,#559,.T.);
#4257=EDGE_CURVE('',#5245,#5244,#5900,.F.);
#4258=EDGE_CURVE('',#5246,#4863,#560,.T.);
#4259=EDGE_CURVE('',#5246,#5245,#5901,.F.);
#4260=EDGE_CURVE('',#5247,#4862,#561,.T.);
#4261=EDGE_CURVE('',#5247,#5246,#5902,.F.);
#4262=EDGE_CURVE('',#5248,#4861,#562,.T.);
#4263=EDGE_CURVE('',#5248,#5247,#5903,.F.);
#4264=EDGE_CURVE('',#5249,#4860,#563,.T.);
#4265=EDGE_CURVE('',#5249,#5248,#5904,.F.);
#4266=EDGE_CURVE('',#5250,#4859,#564,.T.);
#4267=EDGE_CURVE('',#5250,#5249,#565,.T.);
#4268=EDGE_CURVE('',#5251,#4858,#566,.T.);
#4269=EDGE_CURVE('',#5251,#5250,#5905,.T.);
#4270=EDGE_CURVE('',#5252,#4857,#567,.T.);
#4271=EDGE_CURVE('',#5252,#5251,#5906,.T.);
#4272=EDGE_CURVE('',#5253,#4856,#568,.T.);
#4273=EDGE_CURVE('',#5253,#5252,#5907,.T.);
#4274=EDGE_CURVE('',#5254,#4855,#569,.T.);
#4275=EDGE_CURVE('',#5254,#5253,#5908,.T.);
#4276=EDGE_CURVE('',#5255,#4854,#570,.T.);
#4277=EDGE_CURVE('',#5255,#5254,#5909,.T.);
#4278=EDGE_CURVE('',#5256,#4853,#571,.T.);
#4279=EDGE_CURVE('',#5256,#5255,#5910,.T.);
#4280=EDGE_CURVE('',#5257,#4852,#572,.T.);
#4281=EDGE_CURVE('',#5257,#5256,#5911,.T.);
#4282=EDGE_CURVE('',#5258,#4851,#573,.T.);
#4283=EDGE_CURVE('',#5258,#5257,#5912,.T.);
#4284=EDGE_CURVE('',#5259,#4850,#574,.T.);
#4285=EDGE_CURVE('',#5259,#5258,#5913,.T.);
#4286=EDGE_CURVE('',#5260,#4849,#575,.T.);
#4287=EDGE_CURVE('',#5260,#5259,#5914,.T.);
#4288=EDGE_CURVE('',#5261,#4848,#576,.T.);
#4289=EDGE_CURVE('',#5261,#5260,#5915,.F.);
#4290=EDGE_CURVE('',#5262,#4847,#577,.T.);
#4291=EDGE_CURVE('',#5262,#5261,#5916,.F.);
#4292=EDGE_CURVE('',#5263,#4846,#578,.T.);
#4293=EDGE_CURVE('',#5263,#5262,#5917,.F.);
#4294=EDGE_CURVE('',#5264,#4845,#579,.T.);
#4295=EDGE_CURVE('',#5264,#5263,#5918,.F.);
#4296=EDGE_CURVE('',#5265,#4844,#580,.T.);
#4297=EDGE_CURVE('',#5265,#5264,#581,.F.);
#4298=EDGE_CURVE('',#5266,#4843,#582,.T.);
#4299=EDGE_CURVE('',#5266,#5265,#5919,.F.);
#4300=EDGE_CURVE('',#5267,#4842,#583,.T.);
#4301=EDGE_CURVE('',#5267,#5266,#5920,.F.);
#4302=EDGE_CURVE('',#5268,#4841,#584,.T.);
#4303=EDGE_CURVE('',#5268,#5267,#5921,.F.);
#4304=EDGE_CURVE('',#5269,#4840,#585,.T.);
#4305=EDGE_CURVE('',#5269,#5268,#5922,.F.);
#4306=EDGE_CURVE('',#5270,#4839,#586,.T.);
#4307=EDGE_CURVE('',#5270,#5269,#5923,.F.);
#4308=EDGE_CURVE('',#5271,#4838,#587,.T.);
#4309=EDGE_CURVE('',#5271,#5270,#5924,.F.);
#4310=EDGE_CURVE('',#5272,#4837,#588,.T.);
#4311=EDGE_CURVE('',#5272,#5271,#5925,.F.);
#4312=EDGE_CURVE('',#5273,#4836,#589,.T.);
#4313=EDGE_CURVE('',#5273,#5272,#5926,.F.);
#4314=EDGE_CURVE('',#5274,#4835,#590,.T.);
#4315=EDGE_CURVE('',#5274,#5273,#5927,.F.);
#4316=EDGE_CURVE('',#5275,#4834,#591,.T.);
#4317=EDGE_CURVE('',#5275,#5274,#5928,.F.);
#4318=EDGE_CURVE('',#5276,#4833,#592,.T.);
#4319=EDGE_CURVE('',#5276,#5275,#5929,.F.);
#4320=EDGE_CURVE('',#5238,#5276,#5930,.F.);
#4321=EDGE_CURVE('',#5206,#5235,#5931,.T.);
#4322=EDGE_CURVE('',#5208,#5236,#5932,.T.);
#4323=EDGE_CURVE('',#5277,#5278,#5933,.T.);
#4324=EDGE_CURVE('',#5279,#5277,#593,.T.);
#4325=EDGE_CURVE('',#5279,#5280,#5934,.T.);
#4326=EDGE_CURVE('',#5280,#5278,#594,.T.);
#4327=EDGE_CURVE('',#5281,#5277,#5935,.T.);
#4328=EDGE_CURVE('',#5282,#5281,#595,.T.);
#4329=EDGE_CURVE('',#5282,#5279,#5936,.T.);
#4330=EDGE_CURVE('',#5283,#5281,#5937,.T.);
#4331=EDGE_CURVE('',#5284,#5283,#596,.T.);
#4332=EDGE_CURVE('',#5284,#5282,#5938,.T.);
#4333=EDGE_CURVE('',#5285,#5283,#5939,.T.);
#4334=EDGE_CURVE('',#5286,#5285,#597,.T.);
#4335=EDGE_CURVE('',#5286,#5284,#5940,.T.);
#4336=EDGE_CURVE('',#5287,#5285,#5941,.T.);
#4337=EDGE_CURVE('',#5288,#5287,#598,.T.);
#4338=EDGE_CURVE('',#5288,#5286,#5942,.T.);
#4339=EDGE_CURVE('',#5289,#5287,#5943,.T.);
#4340=EDGE_CURVE('',#5290,#5289,#599,.T.);
#4341=EDGE_CURVE('',#5290,#5288,#5944,.T.);
#4342=EDGE_CURVE('',#5291,#5289,#5945,.T.);
#4343=EDGE_CURVE('',#5292,#5291,#600,.T.);
#4344=EDGE_CURVE('',#5292,#5290,#5946,.T.);
#4345=EDGE_CURVE('',#5293,#5291,#5947,.T.);
#4346=EDGE_CURVE('',#5294,#5293,#601,.T.);
#4347=EDGE_CURVE('',#5294,#5292,#5948,.T.);
#4348=EDGE_CURVE('',#5295,#5293,#5949,.T.);
#4349=EDGE_CURVE('',#5296,#5295,#602,.T.);
#4350=EDGE_CURVE('',#5296,#5294,#5950,.T.);
#4351=EDGE_CURVE('',#5297,#5295,#5951,.T.);
#4352=EDGE_CURVE('',#5298,#5297,#603,.T.);
#4353=EDGE_CURVE('',#5298,#5296,#5952,.T.);
#4354=EDGE_CURVE('',#5299,#5297,#5953,.T.);
#4355=EDGE_CURVE('',#5300,#5299,#604,.T.);
#4356=EDGE_CURVE('',#5300,#5298,#5954,.T.);
#4357=EDGE_CURVE('',#5301,#5299,#5955,.T.);
#4358=EDGE_CURVE('',#5302,#5301,#605,.T.);
#4359=EDGE_CURVE('',#5302,#5300,#5956,.T.);
#4360=EDGE_CURVE('',#5303,#5301,#5957,.T.);
#4361=EDGE_CURVE('',#5304,#5303,#606,.T.);
#4362=EDGE_CURVE('',#5304,#5302,#5958,.T.);
#4363=EDGE_CURVE('',#5305,#5303,#5959,.T.);
#4364=EDGE_CURVE('',#5306,#5305,#607,.T.);
#4365=EDGE_CURVE('',#5306,#5304,#5960,.T.);
#4366=EDGE_CURVE('',#5307,#5305,#5961,.T.);
#4367=EDGE_CURVE('',#5308,#5307,#608,.T.);
#4368=EDGE_CURVE('',#5308,#5306,#5962,.T.);
#4369=EDGE_CURVE('',#5309,#5307,#5963,.T.);
#4370=EDGE_CURVE('',#5310,#5309,#609,.T.);
#4371=EDGE_CURVE('',#5310,#5308,#5964,.T.);
#4372=EDGE_CURVE('',#5311,#5309,#5965,.T.);
#4373=EDGE_CURVE('',#5312,#5311,#610,.T.);
#4374=EDGE_CURVE('',#5312,#5310,#5966,.T.);
#4375=EDGE_CURVE('',#5313,#5311,#5967,.T.);
#4376=EDGE_CURVE('',#5314,#5313,#611,.T.);
#4377=EDGE_CURVE('',#5314,#5312,#5968,.T.);
#4378=EDGE_CURVE('',#5315,#5313,#5969,.T.);
#4379=EDGE_CURVE('',#5316,#5315,#612,.T.);
#4380=EDGE_CURVE('',#5316,#5314,#5970,.T.);
#4381=EDGE_CURVE('',#5317,#5315,#5971,.T.);
#4382=EDGE_CURVE('',#5318,#5317,#613,.T.);
#4383=EDGE_CURVE('',#5318,#5316,#5972,.T.);
#4384=EDGE_CURVE('',#5319,#5317,#5973,.T.);
#4385=EDGE_CURVE('',#5320,#5319,#614,.T.);
#4386=EDGE_CURVE('',#5320,#5318,#5974,.T.);
#4387=EDGE_CURVE('',#5321,#5319,#5975,.T.);
#4388=EDGE_CURVE('',#5322,#5321,#615,.T.);
#4389=EDGE_CURVE('',#5322,#5320,#5976,.T.);
#4390=EDGE_CURVE('',#5323,#5321,#5977,.T.);
#4391=EDGE_CURVE('',#5324,#5323,#616,.T.);
#4392=EDGE_CURVE('',#5324,#5322,#5978,.T.);
#4393=EDGE_CURVE('',#5325,#4966,#617,.T.);
#4394=EDGE_CURVE('',#5325,#5326,#5979,.F.);
#4395=EDGE_CURVE('',#5326,#4967,#618,.T.);
#4396=EDGE_CURVE('',#5327,#4986,#619,.T.);
#4397=EDGE_CURVE('',#5327,#5325,#5980,.F.);
#4398=EDGE_CURVE('',#5328,#4985,#620,.T.);
#4399=EDGE_CURVE('',#5328,#5327,#5981,.F.);
#4400=EDGE_CURVE('',#5329,#4984,#621,.T.);
#4401=EDGE_CURVE('',#5329,#5328,#5982,.F.);
#4402=EDGE_CURVE('',#5330,#4983,#622,.T.);
#4403=EDGE_CURVE('',#5330,#5329,#5983,.F.);
#4404=EDGE_CURVE('',#5331,#4982,#623,.T.);
#4405=EDGE_CURVE('',#5331,#5330,#5984,.F.);
#4406=EDGE_CURVE('',#5332,#4981,#624,.T.);
#4407=EDGE_CURVE('',#5332,#5331,#5985,.F.);
#4408=EDGE_CURVE('',#5333,#4980,#625,.T.);
#4409=EDGE_CURVE('',#5333,#5332,#5986,.F.);
#4410=EDGE_CURVE('',#5334,#4979,#626,.T.);
#4411=EDGE_CURVE('',#5334,#5333,#5987,.F.);
#4412=EDGE_CURVE('',#5335,#4978,#627,.T.);
#4413=EDGE_CURVE('',#5335,#5334,#5988,.F.);
#4414=EDGE_CURVE('',#5336,#4977,#628,.T.);
#4415=EDGE_CURVE('',#5336,#5335,#5989,.F.);
#4416=EDGE_CURVE('',#5337,#4976,#629,.T.);
#4417=EDGE_CURVE('',#5337,#5336,#5990,.F.);
#4418=EDGE_CURVE('',#5338,#4975,#630,.T.);
#4419=EDGE_CURVE('',#5338,#5337,#5991,.F.);
#4420=EDGE_CURVE('',#5339,#4974,#631,.T.);
#4421=EDGE_CURVE('',#5339,#5338,#632,.T.);
#4422=EDGE_CURVE('',#5340,#4973,#633,.T.);
#4423=EDGE_CURVE('',#5340,#5339,#634,.T.);
#4424=EDGE_CURVE('',#5341,#4972,#635,.T.);
#4425=EDGE_CURVE('',#5341,#5340,#636,.T.);
#4426=EDGE_CURVE('',#5342,#4971,#637,.T.);
#4427=EDGE_CURVE('',#5342,#5341,#638,.T.);
#4428=EDGE_CURVE('',#5343,#4970,#639,.T.);
#4429=EDGE_CURVE('',#5343,#5342,#640,.T.);
#4430=EDGE_CURVE('',#5344,#4969,#641,.T.);
#4431=EDGE_CURVE('',#5344,#5343,#642,.F.);
#4432=EDGE_CURVE('',#5345,#4968,#643,.T.);
#4433=EDGE_CURVE('',#5345,#5344,#5992,.F.);
#4434=EDGE_CURVE('',#5326,#5345,#5993,.F.);
#4435=EDGE_CURVE('',#5278,#5323,#5994,.T.);
#4436=EDGE_CURVE('',#5280,#5324,#5995,.T.);
#4437=EDGE_CURVE('',#5346,#4827,#644,.T.);
#4438=EDGE_CURVE('',#5346,#5347,#645,.T.);
#4439=EDGE_CURVE('',#5347,#4828,#646,.T.);
#4440=EDGE_CURVE('',#5348,#4830,#647,.T.);
#4441=EDGE_CURVE('',#5348,#5346,#648,.T.);
#4442=EDGE_CURVE('',#5349,#4829,#649,.T.);
#4443=EDGE_CURVE('',#5349,#5348,#650,.T.);
#4444=EDGE_CURVE('',#5347,#5349,#651,.T.);
#4445=EDGE_CURVE('',#5350,#4987,#652,.T.);
#4446=EDGE_CURVE('',#5350,#5351,#5996,.F.);
#4447=EDGE_CURVE('',#5351,#4988,#653,.T.);
#4448=EDGE_CURVE('',#5352,#5032,#654,.T.);
#4449=EDGE_CURVE('',#5352,#5350,#5997,.F.);
#4450=EDGE_CURVE('',#5353,#5031,#655,.T.);
#4451=EDGE_CURVE('',#5353,#5352,#5998,.F.);
#4452=EDGE_CURVE('',#5354,#5030,#656,.T.);
#4453=EDGE_CURVE('',#5354,#5353,#5999,.F.);
#4454=EDGE_CURVE('',#5355,#5029,#657,.T.);
#4455=EDGE_CURVE('',#5355,#5354,#6000,.F.);
#4456=EDGE_CURVE('',#5356,#5028,#658,.T.);
#4457=EDGE_CURVE('',#5356,#5355,#6001,.F.);
#4458=EDGE_CURVE('',#5357,#5027,#659,.T.);
#4459=EDGE_CURVE('',#5357,#5356,#6002,.F.);
#4460=EDGE_CURVE('',#5358,#5026,#660,.T.);
#4461=EDGE_CURVE('',#5358,#5357,#6003,.F.);
#4462=EDGE_CURVE('',#5359,#5025,#661,.T.);
#4463=EDGE_CURVE('',#5359,#5358,#6004,.F.);
#4464=EDGE_CURVE('',#5360,#5024,#662,.T.);
#4465=EDGE_CURVE('',#5360,#5359,#6005,.F.);
#4466=EDGE_CURVE('',#5361,#5023,#663,.T.);
#4467=EDGE_CURVE('',#5361,#5360,#6006,.F.);
#4468=EDGE_CURVE('',#5362,#5022,#664,.T.);
#4469=EDGE_CURVE('',#5362,#5361,#665,.T.);
#4470=EDGE_CURVE('',#5363,#5021,#666,.T.);
#4471=EDGE_CURVE('',#5363,#5362,#667,.F.);
#4472=EDGE_CURVE('',#5364,#5020,#668,.T.);
#4473=EDGE_CURVE('',#5364,#5363,#6007,.T.);
#4474=EDGE_CURVE('',#5365,#5019,#669,.T.);
#4475=EDGE_CURVE('',#5365,#5364,#6008,.T.);
#4476=EDGE_CURVE('',#5366,#5018,#670,.T.);
#4477=EDGE_CURVE('',#5366,#5365,#6009,.T.);
#4478=EDGE_CURVE('',#5367,#5017,#671,.T.);
#4479=EDGE_CURVE('',#5367,#5366,#6010,.T.);
#4480=EDGE_CURVE('',#5368,#5016,#672,.T.);
#4481=EDGE_CURVE('',#5368,#5367,#6011,.T.);
#4482=EDGE_CURVE('',#5369,#5015,#673,.T.);
#4483=EDGE_CURVE('',#5369,#5368,#6012,.T.);
#4484=EDGE_CURVE('',#5370,#5014,#674,.T.);
#4485=EDGE_CURVE('',#5370,#5369,#6013,.T.);
#4486=EDGE_CURVE('',#5371,#5013,#675,.T.);
#4487=EDGE_CURVE('',#5371,#5370,#6014,.T.);
#4488=EDGE_CURVE('',#5372,#5012,#676,.T.);
#4489=EDGE_CURVE('',#5372,#5371,#6015,.T.);
#4490=EDGE_CURVE('',#5373,#5011,#677,.T.);
#4491=EDGE_CURVE('',#5373,#5372,#6016,.T.);
#4492=EDGE_CURVE('',#5374,#5010,#678,.T.);
#4493=EDGE_CURVE('',#5374,#5373,#679,.T.);
#4494=EDGE_CURVE('',#5375,#5009,#680,.T.);
#4495=EDGE_CURVE('',#5375,#5374,#681,.T.);
#4496=EDGE_CURVE('',#5376,#5008,#682,.T.);
#4497=EDGE_CURVE('',#5376,#5375,#6017,.T.);
#4498=EDGE_CURVE('',#5377,#5007,#683,.T.);
#4499=EDGE_CURVE('',#5377,#5376,#6018,.T.);
#4500=EDGE_CURVE('',#5378,#5006,#684,.T.);
#4501=EDGE_CURVE('',#5378,#5377,#6019,.T.);
#4502=EDGE_CURVE('',#5379,#5005,#685,.T.);
#4503=EDGE_CURVE('',#5379,#5378,#6020,.T.);
#4504=EDGE_CURVE('',#5380,#5004,#686,.T.);
#4505=EDGE_CURVE('',#5380,#5379,#6021,.T.);
#4506=EDGE_CURVE('',#5381,#5003,#687,.T.);
#4507=EDGE_CURVE('',#5381,#5380,#6022,.T.);
#4508=EDGE_CURVE('',#5382,#5002,#688,.T.);
#4509=EDGE_CURVE('',#5382,#5381,#6023,.T.);
#4510=EDGE_CURVE('',#5383,#5001,#689,.T.);
#4511=EDGE_CURVE('',#5383,#5382,#6024,.T.);
#4512=EDGE_CURVE('',#5384,#5000,#690,.T.);
#4513=EDGE_CURVE('',#5384,#5383,#6025,.T.);
#4514=EDGE_CURVE('',#5385,#4999,#691,.T.);
#4515=EDGE_CURVE('',#5385,#5384,#6026,.T.);
#4516=EDGE_CURVE('',#5386,#4998,#692,.T.);
#4517=EDGE_CURVE('',#5386,#5385,#693,.F.);
#4518=EDGE_CURVE('',#5387,#4997,#694,.T.);
#4519=EDGE_CURVE('',#5387,#5386,#695,.T.);
#4520=EDGE_CURVE('',#5388,#4996,#696,.T.);
#4521=EDGE_CURVE('',#5388,#5387,#6027,.F.);
#4522=EDGE_CURVE('',#5389,#4995,#697,.T.);
#4523=EDGE_CURVE('',#5389,#5388,#6028,.F.);
#4524=EDGE_CURVE('',#5390,#4994,#698,.T.);
#4525=EDGE_CURVE('',#5390,#5389,#6029,.F.);
#4526=EDGE_CURVE('',#5391,#4993,#699,.T.);
#4527=EDGE_CURVE('',#5391,#5390,#6030,.F.);
#4528=EDGE_CURVE('',#5392,#4992,#700,.T.);
#4529=EDGE_CURVE('',#5392,#5391,#6031,.F.);
#4530=EDGE_CURVE('',#5393,#4991,#701,.T.);
#4531=EDGE_CURVE('',#5393,#5392,#6032,.F.);
#4532=EDGE_CURVE('',#5394,#4990,#702,.T.);
#4533=EDGE_CURVE('',#5394,#5393,#6033,.F.);
#4534=EDGE_CURVE('',#5395,#4989,#703,.T.);
#4535=EDGE_CURVE('',#5395,#5394,#6034,.F.);
#4536=EDGE_CURVE('',#5351,#5395,#6035,.F.);
#4537=EDGE_CURVE('',#5396,#4781,#704,.T.);
#4538=EDGE_CURVE('',#5396,#5397,#6036,.F.);
#4539=EDGE_CURVE('',#5397,#4782,#705,.T.);
#4540=EDGE_CURVE('',#5398,#4826,#706,.T.);
#4541=EDGE_CURVE('',#5398,#5396,#6037,.F.);
#4542=EDGE_CURVE('',#5399,#4825,#707,.T.);
#4543=EDGE_CURVE('',#5399,#5398,#6038,.F.);
#4544=EDGE_CURVE('',#5400,#4824,#708,.T.);
#4545=EDGE_CURVE('',#5400,#5399,#6039,.F.);
#4546=EDGE_CURVE('',#5401,#4823,#709,.T.);
#4547=EDGE_CURVE('',#5401,#5400,#6040,.F.);
#4548=EDGE_CURVE('',#5402,#4822,#710,.T.);
#4549=EDGE_CURVE('',#5402,#5401,#6041,.F.);
#4550=EDGE_CURVE('',#5403,#4821,#711,.T.);
#4551=EDGE_CURVE('',#5403,#5402,#6042,.F.);
#4552=EDGE_CURVE('',#5404,#4820,#712,.T.);
#4553=EDGE_CURVE('',#5404,#5403,#6043,.F.);
#4554=EDGE_CURVE('',#5405,#4819,#713,.T.);
#4555=EDGE_CURVE('',#5405,#5404,#6044,.F.);
#4556=EDGE_CURVE('',#5406,#4818,#714,.T.);
#4557=EDGE_CURVE('',#5406,#5405,#6045,.F.);
#4558=EDGE_CURVE('',#5407,#4817,#715,.T.);
#4559=EDGE_CURVE('',#5407,#5406,#6046,.F.);
#4560=EDGE_CURVE('',#5408,#4816,#716,.T.);
#4561=EDGE_CURVE('',#5408,#5407,#717,.T.);
#4562=EDGE_CURVE('',#5409,#4815,#718,.T.);
#4563=EDGE_CURVE('',#5409,#5408,#719,.F.);
#4564=EDGE_CURVE('',#5410,#4814,#720,.T.);
#4565=EDGE_CURVE('',#5410,#5409,#6047,.T.);
#4566=EDGE_CURVE('',#5411,#4813,#721,.T.);
#4567=EDGE_CURVE('',#5411,#5410,#6048,.T.);
#4568=EDGE_CURVE('',#5412,#4812,#722,.T.);
#4569=EDGE_CURVE('',#5412,#5411,#6049,.T.);
#4570=EDGE_CURVE('',#5413,#4811,#723,.T.);
#4571=EDGE_CURVE('',#5413,#5412,#6050,.T.);
#4572=EDGE_CURVE('',#5414,#4810,#724,.T.);
#4573=EDGE_CURVE('',#5414,#5413,#6051,.T.);
#4574=EDGE_CURVE('',#5415,#4809,#725,.T.);
#4575=EDGE_CURVE('',#5415,#5414,#6052,.T.);
#4576=EDGE_CURVE('',#5416,#4808,#726,.T.);
#4577=EDGE_CURVE('',#5416,#5415,#6053,.T.);
#4578=EDGE_CURVE('',#5417,#4807,#727,.T.);
#4579=EDGE_CURVE('',#5417,#5416,#6054,.T.);
#4580=EDGE_CURVE('',#5418,#4806,#728,.T.);
#4581=EDGE_CURVE('',#5418,#5417,#6055,.T.);
#4582=EDGE_CURVE('',#5419,#4805,#729,.T.);
#4583=EDGE_CURVE('',#5419,#5418,#6056,.T.);
#4584=EDGE_CURVE('',#5420,#4804,#730,.T.);
#4585=EDGE_CURVE('',#5420,#5419,#731,.T.);
#4586=EDGE_CURVE('',#5421,#4803,#732,.T.);
#4587=EDGE_CURVE('',#5421,#5420,#733,.T.);
#4588=EDGE_CURVE('',#5422,#4802,#734,.T.);
#4589=EDGE_CURVE('',#5422,#5421,#6057,.T.);
#4590=EDGE_CURVE('',#5423,#4801,#735,.T.);
#4591=EDGE_CURVE('',#5423,#5422,#6058,.T.);
#4592=EDGE_CURVE('',#5424,#4800,#736,.T.);
#4593=EDGE_CURVE('',#5424,#5423,#6059,.T.);
#4594=EDGE_CURVE('',#5425,#4799,#737,.T.);
#4595=EDGE_CURVE('',#5425,#5424,#6060,.T.);
#4596=EDGE_CURVE('',#5426,#4798,#738,.T.);
#4597=EDGE_CURVE('',#5426,#5425,#6061,.T.);
#4598=EDGE_CURVE('',#5427,#4797,#739,.T.);
#4599=EDGE_CURVE('',#5427,#5426,#6062,.T.);
#4600=EDGE_CURVE('',#5428,#4796,#740,.T.);
#4601=EDGE_CURVE('',#5428,#5427,#6063,.T.);
#4602=EDGE_CURVE('',#5429,#4795,#741,.T.);
#4603=EDGE_CURVE('',#5429,#5428,#6064,.T.);
#4604=EDGE_CURVE('',#5430,#4794,#742,.T.);
#4605=EDGE_CURVE('',#5430,#5429,#6065,.T.);
#4606=EDGE_CURVE('',#5431,#4793,#743,.T.);
#4607=EDGE_CURVE('',#5431,#5430,#6066,.T.);
#4608=EDGE_CURVE('',#5432,#4792,#744,.T.);
#4609=EDGE_CURVE('',#5432,#5431,#745,.F.);
#4610=EDGE_CURVE('',#5433,#4791,#746,.T.);
#4611=EDGE_CURVE('',#5433,#5432,#747,.T.);
#4612=EDGE_CURVE('',#5434,#4790,#748,.T.);
#4613=EDGE_CURVE('',#5434,#5433,#6067,.F.);
#4614=EDGE_CURVE('',#5435,#4789,#749,.T.);
#4615=EDGE_CURVE('',#5435,#5434,#6068,.F.);
#4616=EDGE_CURVE('',#5436,#4788,#750,.T.);
#4617=EDGE_CURVE('',#5436,#5435,#6069,.F.);
#4618=EDGE_CURVE('',#5437,#4787,#751,.T.);
#4619=EDGE_CURVE('',#5437,#5436,#6070,.F.);
#4620=EDGE_CURVE('',#5438,#4786,#752,.T.);
#4621=EDGE_CURVE('',#5438,#5437,#6071,.F.);
#4622=EDGE_CURVE('',#5439,#4785,#753,.T.);
#4623=EDGE_CURVE('',#5439,#5438,#6072,.F.);
#4624=EDGE_CURVE('',#5440,#4784,#754,.T.);
#4625=EDGE_CURVE('',#5440,#5439,#6073,.F.);
#4626=EDGE_CURVE('',#5441,#4783,#755,.T.);
#4627=EDGE_CURVE('',#5441,#5440,#6074,.F.);
#4628=EDGE_CURVE('',#5397,#5441,#6075,.F.);
#4629=EDGE_CURVE('',#5442,#5033,#756,.T.);
#4630=EDGE_CURVE('',#5442,#5443,#757,.T.);
#4631=EDGE_CURVE('',#5443,#5034,#758,.T.);
#4632=EDGE_CURVE('',#5444,#5036,#759,.T.);
#4633=EDGE_CURVE('',#5444,#5442,#760,.T.);
#4634=EDGE_CURVE('',#5445,#5035,#761,.T.);
#4635=EDGE_CURVE('',#5445,#5444,#762,.T.);
#4636=EDGE_CURVE('',#5443,#5445,#763,.T.);
#4637=EDGE_CURVE('',#5446,#5447,#764,.T.);
#4638=EDGE_CURVE('',#5448,#5446,#765,.T.);
#4639=EDGE_CURVE('',#5448,#5449,#766,.T.);
#4640=EDGE_CURVE('',#5449,#5447,#767,.T.);
#4641=EDGE_CURVE('',#5450,#5446,#6076,.T.);
#4642=EDGE_CURVE('',#5451,#5450,#768,.T.);
#4643=EDGE_CURVE('',#5451,#5448,#6077,.T.);
#4644=EDGE_CURVE('',#5452,#5450,#6078,.T.);
#4645=EDGE_CURVE('',#5453,#5452,#769,.T.);
#4646=EDGE_CURVE('',#5453,#5451,#6079,.T.);
#4647=EDGE_CURVE('',#5454,#5452,#6080,.T.);
#4648=EDGE_CURVE('',#5455,#5454,#770,.T.);
#4649=EDGE_CURVE('',#5455,#5453,#6081,.T.);
#4650=EDGE_CURVE('',#5456,#5454,#6082,.T.);
#4651=EDGE_CURVE('',#5457,#5456,#771,.T.);
#4652=EDGE_CURVE('',#5457,#5455,#6083,.T.);
#4653=EDGE_CURVE('',#5458,#5456,#772,.T.);
#4654=EDGE_CURVE('',#5459,#5458,#773,.T.);
#4655=EDGE_CURVE('',#5459,#5457,#774,.T.);
#4656=EDGE_CURVE('',#5460,#5458,#6084,.T.);
#4657=EDGE_CURVE('',#5461,#5460,#775,.T.);
#4658=EDGE_CURVE('',#5461,#5459,#6085,.T.);
#4659=EDGE_CURVE('',#5462,#5460,#6086,.T.);
#4660=EDGE_CURVE('',#5463,#5462,#776,.T.);
#4661=EDGE_CURVE('',#5463,#5461,#6087,.T.);
#4662=EDGE_CURVE('',#5464,#5462,#6088,.T.);
#4663=EDGE_CURVE('',#5465,#5464,#777,.T.);
#4664=EDGE_CURVE('',#5465,#5463,#6089,.T.);
#4665=EDGE_CURVE('',#5466,#5464,#6090,.T.);
#4666=EDGE_CURVE('',#5467,#5466,#778,.T.);
#4667=EDGE_CURVE('',#5467,#5465,#6091,.T.);
#4668=EDGE_CURVE('',#5468,#4752,#779,.T.);
#4669=EDGE_CURVE('',#5468,#5469,#6092,.F.);
#4670=EDGE_CURVE('',#5469,#4753,#780,.T.);
#4671=EDGE_CURVE('',#5470,#4780,#781,.T.);
#4672=EDGE_CURVE('',#5470,#5468,#6093,.F.);
#4673=EDGE_CURVE('',#5471,#4779,#782,.T.);
#4674=EDGE_CURVE('',#5471,#5470,#6094,.F.);
#4675=EDGE_CURVE('',#5472,#4778,#783,.T.);
#4676=EDGE_CURVE('',#5472,#5471,#6095,.F.);
#4677=EDGE_CURVE('',#5473,#4777,#784,.T.);
#4678=EDGE_CURVE('',#5473,#5472,#6096,.F.);
#4679=EDGE_CURVE('',#5474,#4776,#785,.T.);
#4680=EDGE_CURVE('',#5474,#5473,#786,.T.);
#4681=EDGE_CURVE('',#5475,#4775,#787,.T.);
#4682=EDGE_CURVE('',#5475,#5474,#6097,.T.);
#4683=EDGE_CURVE('',#5476,#4774,#788,.T.);
#4684=EDGE_CURVE('',#5476,#5475,#6098,.T.);
#4685=EDGE_CURVE('',#5477,#4773,#789,.T.);
#4686=EDGE_CURVE('',#5477,#5476,#6099,.T.);
#4687=EDGE_CURVE('',#5478,#4772,#790,.T.);
#4688=EDGE_CURVE('',#5478,#5477,#6100,.T.);
#4689=EDGE_CURVE('',#5479,#4771,#791,.T.);
#4690=EDGE_CURVE('',#5479,#5478,#6101,.T.);
#4691=EDGE_CURVE('',#5480,#4770,#792,.T.);
#4692=EDGE_CURVE('',#5480,#5479,#6102,.T.);
#4693=EDGE_CURVE('',#5481,#4769,#793,.T.);
#4694=EDGE_CURVE('',#5481,#5480,#6103,.T.);
#4695=EDGE_CURVE('',#5482,#4768,#794,.T.);
#4696=EDGE_CURVE('',#5482,#5481,#6104,.T.);
#4697=EDGE_CURVE('',#5483,#4767,#795,.T.);
#4698=EDGE_CURVE('',#5483,#5482,#796,.T.);
#4699=EDGE_CURVE('',#5484,#4766,#797,.T.);
#4700=EDGE_CURVE('',#5484,#5483,#798,.T.);
#4701=EDGE_CURVE('',#5485,#4765,#799,.T.);
#4702=EDGE_CURVE('',#5485,#5484,#6105,.F.);
#4703=EDGE_CURVE('',#5486,#4764,#800,.T.);
#4704=EDGE_CURVE('',#5486,#5485,#6106,.F.);
#4705=EDGE_CURVE('',#5487,#4763,#801,.T.);
#4706=EDGE_CURVE('',#5487,#5486,#6107,.F.);
#4707=EDGE_CURVE('',#5488,#4762,#802,.T.);
#4708=EDGE_CURVE('',#5488,#5487,#6108,.F.);
#4709=EDGE_CURVE('',#5489,#4761,#803,.T.);
#4710=EDGE_CURVE('',#5489,#5488,#6109,.F.);
#4711=EDGE_CURVE('',#5490,#4760,#804,.T.);
#4712=EDGE_CURVE('',#5490,#5489,#6110,.F.);
#4713=EDGE_CURVE('',#5491,#4759,#805,.T.);
#4714=EDGE_CURVE('',#5491,#5490,#6111,.F.);
#4715=EDGE_CURVE('',#5492,#4758,#806,.T.);
#4716=EDGE_CURVE('',#5492,#5491,#6112,.F.);
#4717=EDGE_CURVE('',#5493,#4757,#807,.T.);
#4718=EDGE_CURVE('',#5493,#5492,#6113,.F.);
#4719=EDGE_CURVE('',#5494,#4756,#808,.T.);
#4720=EDGE_CURVE('',#5494,#5493,#6114,.F.);
#4721=EDGE_CURVE('',#5495,#4755,#809,.T.);
#4722=EDGE_CURVE('',#5495,#5494,#6115,.F.);
#4723=EDGE_CURVE('',#5496,#4754,#810,.T.);
#4724=EDGE_CURVE('',#5496,#5495,#6116,.F.);
#4725=EDGE_CURVE('',#5469,#5496,#6117,.F.);
#4726=EDGE_CURVE('',#5447,#5466,#6118,.T.);
#4727=EDGE_CURVE('',#5449,#5467,#6119,.T.);
#4728=EDGE_CURVE('',#5497,#5037,#811,.T.);
#4729=EDGE_CURVE('',#5497,#5498,#812,.T.);
#4730=EDGE_CURVE('',#5498,#5038,#813,.T.);
#4731=EDGE_CURVE('',#5499,#5048,#814,.T.);
#4732=EDGE_CURVE('',#5499,#5497,#815,.T.);
#4733=EDGE_CURVE('',#5500,#5047,#816,.T.);
#4734=EDGE_CURVE('',#5500,#5499,#817,.T.);
#4735=EDGE_CURVE('',#5501,#5046,#818,.T.);
#4736=EDGE_CURVE('',#5501,#5500,#819,.T.);
#4737=EDGE_CURVE('',#5502,#5045,#820,.T.);
#4738=EDGE_CURVE('',#5502,#5501,#821,.T.);
#4739=EDGE_CURVE('',#5503,#5044,#822,.T.);
#4740=EDGE_CURVE('',#5503,#5502,#823,.T.);
#4741=EDGE_CURVE('',#5504,#5043,#824,.T.);
#4742=EDGE_CURVE('',#5504,#5503,#825,.T.);
#4743=EDGE_CURVE('',#5505,#5042,#826,.T.);
#4744=EDGE_CURVE('',#5505,#5504,#827,.T.);
#4745=EDGE_CURVE('',#5506,#5041,#828,.T.);
#4746=EDGE_CURVE('',#5506,#5505,#829,.T.);
#4747=EDGE_CURVE('',#5507,#5040,#830,.T.);
#4748=EDGE_CURVE('',#5507,#5506,#831,.T.);
#4749=EDGE_CURVE('',#5508,#5039,#832,.T.);
#4750=EDGE_CURVE('',#5508,#5507,#833,.T.);
#4751=EDGE_CURVE('',#5498,#5508,#834,.T.);
#4752=VERTEX_POINT('',#11026);
#4753=VERTEX_POINT('',#11027);
#4754=VERTEX_POINT('',#11029);
#4755=VERTEX_POINT('',#11031);
#4756=VERTEX_POINT('',#11033);
#4757=VERTEX_POINT('',#11035);
#4758=VERTEX_POINT('',#11037);
#4759=VERTEX_POINT('',#11039);
#4760=VERTEX_POINT('',#11041);
#4761=VERTEX_POINT('',#11043);
#4762=VERTEX_POINT('',#11045);
#4763=VERTEX_POINT('',#11047);
#4764=VERTEX_POINT('',#11049);
#4765=VERTEX_POINT('',#11051);
#4766=VERTEX_POINT('',#11053);
#4767=VERTEX_POINT('',#11055);
#4768=VERTEX_POINT('',#11057);
#4769=VERTEX_POINT('',#11059);
#4770=VERTEX_POINT('',#11061);
#4771=VERTEX_POINT('',#11063);
#4772=VERTEX_POINT('',#11065);
#4773=VERTEX_POINT('',#11067);
#4774=VERTEX_POINT('',#11069);
#4775=VERTEX_POINT('',#11071);
#4776=VERTEX_POINT('',#11073);
#4777=VERTEX_POINT('',#11075);
#4778=VERTEX_POINT('',#11077);
#4779=VERTEX_POINT('',#11079);
#4780=VERTEX_POINT('',#11081);
#4781=VERTEX_POINT('',#11084);
#4782=VERTEX_POINT('',#11085);
#4783=VERTEX_POINT('',#11087);
#4784=VERTEX_POINT('',#11089);
#4785=VERTEX_POINT('',#11091);
#4786=VERTEX_POINT('',#11093);
#4787=VERTEX_POINT('',#11095);
#4788=VERTEX_POINT('',#11097);
#4789=VERTEX_POINT('',#11099);
#4790=VERTEX_POINT('',#11101);
#4791=VERTEX_POINT('',#11103);
#4792=VERTEX_POINT('',#11105);
#4793=VERTEX_POINT('',#11107);
#4794=VERTEX_POINT('',#11109);
#4795=VERTEX_POINT('',#11111);
#4796=VERTEX_POINT('',#11113);
#4797=VERTEX_POINT('',#11115);
#4798=VERTEX_POINT('',#11117);
#4799=VERTEX_POINT('',#11119);
#4800=VERTEX_POINT('',#11121);
#4801=VERTEX_POINT('',#11123);
#4802=VERTEX_POINT('',#11125);
#4803=VERTEX_POINT('',#11127);
#4804=VERTEX_POINT('',#11129);
#4805=VERTEX_POINT('',#11131);
#4806=VERTEX_POINT('',#11133);
#4807=VERTEX_POINT('',#11135);
#4808=VERTEX_POINT('',#11137);
#4809=VERTEX_POINT('',#11139);
#4810=VERTEX_POINT('',#11141);
#4811=VERTEX_POINT('',#11143);
#4812=VERTEX_POINT('',#11145);
#4813=VERTEX_POINT('',#11147);
#4814=VERTEX_POINT('',#11149);
#4815=VERTEX_POINT('',#11151);
#4816=VERTEX_POINT('',#11153);
#4817=VERTEX_POINT('',#11155);
#4818=VERTEX_POINT('',#11157);
#4819=VERTEX_POINT('',#11159);
#4820=VERTEX_POINT('',#11161);
#4821=VERTEX_POINT('',#11163);
#4822=VERTEX_POINT('',#11165);
#4823=VERTEX_POINT('',#11167);
#4824=VERTEX_POINT('',#11169);
#4825=VERTEX_POINT('',#11171);
#4826=VERTEX_POINT('',#11173);
#4827=VERTEX_POINT('',#11176);
#4828=VERTEX_POINT('',#11177);
#4829=VERTEX_POINT('',#11179);
#4830=VERTEX_POINT('',#11181);
#4831=VERTEX_POINT('',#11184);
#4832=VERTEX_POINT('',#11185);
#4833=VERTEX_POINT('',#11187);
#4834=VERTEX_POINT('',#11189);
#4835=VERTEX_POINT('',#11191);
#4836=VERTEX_POINT('',#11193);
#4837=VERTEX_POINT('',#11195);
#4838=VERTEX_POINT('',#11197);
#4839=VERTEX_POINT('',#11199);
#4840=VERTEX_POINT('',#11201);
#4841=VERTEX_POINT('',#11203);
#4842=VERTEX_POINT('',#11205);
#4843=VERTEX_POINT('',#11207);
#4844=VERTEX_POINT('',#11209);
#4845=VERTEX_POINT('',#11211);
#4846=VERTEX_POINT('',#11213);
#4847=VERTEX_POINT('',#11215);
#4848=VERTEX_POINT('',#11217);
#4849=VERTEX_POINT('',#11219);
#4850=VERTEX_POINT('',#11221);
#4851=VERTEX_POINT('',#11223);
#4852=VERTEX_POINT('',#11225);
#4853=VERTEX_POINT('',#11227);
#4854=VERTEX_POINT('',#11229);
#4855=VERTEX_POINT('',#11231);
#4856=VERTEX_POINT('',#11233);
#4857=VERTEX_POINT('',#11235);
#4858=VERTEX_POINT('',#11237);
#4859=VERTEX_POINT('',#11239);
#4860=VERTEX_POINT('',#11241);
#4861=VERTEX_POINT('',#11243);
#4862=VERTEX_POINT('',#11245);
#4863=VERTEX_POINT('',#11247);
#4864=VERTEX_POINT('',#11249);
#4865=VERTEX_POINT('',#11251);
#4866=VERTEX_POINT('',#11253);
#4867=VERTEX_POINT('',#11255);
#4868=VERTEX_POINT('',#11257);
#4869=VERTEX_POINT('',#11259);
#4870=VERTEX_POINT('',#11261);
#4871=VERTEX_POINT('',#11264);
#4872=VERTEX_POINT('',#11265);
#4873=VERTEX_POINT('',#11267);
#4874=VERTEX_POINT('',#11269);
#4875=VERTEX_POINT('',#11272);
#4876=VERTEX_POINT('',#11273);
#4877=VERTEX_POINT('',#11275);
#4878=VERTEX_POINT('',#11277);
#4879=VERTEX_POINT('',#11279);
#4880=VERTEX_POINT('',#11281);
#4881=VERTEX_POINT('',#11283);
#4882=VERTEX_POINT('',#11285);
#4883=VERTEX_POINT('',#11287);
#4884=VERTEX_POINT('',#11289);
#4885=VERTEX_POINT('',#11291);
#4886=VERTEX_POINT('',#11293);
#4887=VERTEX_POINT('',#11295);
#4888=VERTEX_POINT('',#11297);
#4889=VERTEX_POINT('',#11299);
#4890=VERTEX_POINT('',#11301);
#4891=VERTEX_POINT('',#11303);
#4892=VERTEX_POINT('',#11305);
#4893=VERTEX_POINT('',#11307);
#4894=VERTEX_POINT('',#11309);
#4895=VERTEX_POINT('',#11311);
#4896=VERTEX_POINT('',#11313);
#4897=VERTEX_POINT('',#11315);
#4898=VERTEX_POINT('',#11317);
#4899=VERTEX_POINT('',#11319);
#4900=VERTEX_POINT('',#11321);
#4901=VERTEX_POINT('',#11323);
#4902=VERTEX_POINT('',#11325);
#4903=VERTEX_POINT('',#11327);
#4904=VERTEX_POINT('',#11329);
#4905=VERTEX_POINT('',#11331);
#4906=VERTEX_POINT('',#11333);
#4907=VERTEX_POINT('',#11335);
#4908=VERTEX_POINT('',#11337);
#4909=VERTEX_POINT('',#11339);
#4910=VERTEX_POINT('',#11341);
#4911=VERTEX_POINT('',#11343);
#4912=VERTEX_POINT('',#11345);
#4913=VERTEX_POINT('',#11347);
#4914=VERTEX_POINT('',#11349);
#4915=VERTEX_POINT('',#11351);
#4916=VERTEX_POINT('',#11353);
#4917=VERTEX_POINT('',#11355);
#4918=VERTEX_POINT('',#11357);
#4919=VERTEX_POINT('',#11359);
#4920=VERTEX_POINT('',#11361);
#4921=VERTEX_POINT('',#11363);
#4922=VERTEX_POINT('',#11365);
#4923=VERTEX_POINT('',#11367);
#4924=VERTEX_POINT('',#11369);
#4925=VERTEX_POINT('',#11371);
#4926=VERTEX_POINT('',#11373);
#4927=VERTEX_POINT('',#11375);
#4928=VERTEX_POINT('',#11377);
#4929=VERTEX_POINT('',#11379);
#4930=VERTEX_POINT('',#11381);
#4931=VERTEX_POINT('',#11383);
#4932=VERTEX_POINT('',#11385);
#4933=VERTEX_POINT('',#11387);
#4934=VERTEX_POINT('',#11389);
#4935=VERTEX_POINT('',#11391);
#4936=VERTEX_POINT('',#11393);
#4937=VERTEX_POINT('',#11396);
#4938=VERTEX_POINT('',#11397);
#4939=VERTEX_POINT('',#11399);
#4940=VERTEX_POINT('',#11401);
#4941=VERTEX_POINT('',#11403);
#4942=VERTEX_POINT('',#11405);
#4943=VERTEX_POINT('',#11407);
#4944=VERTEX_POINT('',#11409);
#4945=VERTEX_POINT('',#11411);
#4946=VERTEX_POINT('',#11413);
#4947=VERTEX_POINT('',#11415);
#4948=VERTEX_POINT('',#11417);
#4949=VERTEX_POINT('',#11419);
#4950=VERTEX_POINT('',#11421);
#4951=VERTEX_POINT('',#11423);
#4952=VERTEX_POINT('',#11425);
#4953=VERTEX_POINT('',#11427);
#4954=VERTEX_POINT('',#11429);
#4955=VERTEX_POINT('',#11431);
#4956=VERTEX_POINT('',#11433);
#4957=VERTEX_POINT('',#11435);
#4958=VERTEX_POINT('',#11437);
#4959=VERTEX_POINT('',#11439);
#4960=VERTEX_POINT('',#11441);
#4961=VERTEX_POINT('',#11443);
#4962=VERTEX_POINT('',#11445);
#4963=VERTEX_POINT('',#11447);
#4964=VERTEX_POINT('',#11449);
#4965=VERTEX_POINT('',#11451);
#4966=VERTEX_POINT('',#11454);
#4967=VERTEX_POINT('',#11455);
#4968=VERTEX_POINT('',#11457);
#4969=VERTEX_POINT('',#11459);
#4970=VERTEX_POINT('',#11461);
#4971=VERTEX_POINT('',#11463);
#4972=VERTEX_POINT('',#11465);
#4973=VERTEX_POINT('',#11467);
#4974=VERTEX_POINT('',#11469);
#4975=VERTEX_POINT('',#11471);
#4976=VERTEX_POINT('',#11473);
#4977=VERTEX_POINT('',#11475);
#4978=VERTEX_POINT('',#11477);
#4979=VERTEX_POINT('',#11479);
#4980=VERTEX_POINT('',#11481);
#4981=VERTEX_POINT('',#11483);
#4982=VERTEX_POINT('',#11485);
#4983=VERTEX_POINT('',#11487);
#4984=VERTEX_POINT('',#11489);
#4985=VERTEX_POINT('',#11491);
#4986=VERTEX_POINT('',#11493);
#4987=VERTEX_POINT('',#11496);
#4988=VERTEX_POINT('',#11497);
#4989=VERTEX_POINT('',#11499);
#4990=VERTEX_POINT('',#11501);
#4991=VERTEX_POINT('',#11503);
#4992=VERTEX_POINT('',#11505);
#4993=VERTEX_POINT('',#11507);
#4994=VERTEX_POINT('',#11509);
#4995=VERTEX_POINT('',#11511);
#4996=VERTEX_POINT('',#11513);
#4997=VERTEX_POINT('',#11515);
#4998=VERTEX_POINT('',#11517);
#4999=VERTEX_POINT('',#11519);
#5000=VERTEX_POINT('',#11521);
#5001=VERTEX_POINT('',#11523);
#5002=VERTEX_POINT('',#11525);
#5003=VERTEX_POINT('',#11527);
#5004=VERTEX_POINT('',#11529);
#5005=VERTEX_POINT('',#11531);
#5006=VERTEX_POINT('',#11533);
#5007=VERTEX_POINT('',#11535);
#5008=VERTEX_POINT('',#11537);
#5009=VERTEX_POINT('',#11539);
#5010=VERTEX_POINT('',#11541);
#5011=VERTEX_POINT('',#11543);
#5012=VERTEX_POINT('',#11545);
#5013=VERTEX_POINT('',#11547);
#5014=VERTEX_POINT('',#11549);
#5015=VERTEX_POINT('',#11551);
#5016=VERTEX_POINT('',#11553);
#5017=VERTEX_POINT('',#11555);
#5018=VERTEX_POINT('',#11557);
#5019=VERTEX_POINT('',#11559);
#5020=VERTEX_POINT('',#11561);
#5021=VERTEX_POINT('',#11563);
#5022=VERTEX_POINT('',#11565);
#5023=VERTEX_POINT('',#11567);
#5024=VERTEX_POINT('',#11569);
#5025=VERTEX_POINT('',#11571);
#5026=VERTEX_POINT('',#11573);
#5027=VERTEX_POINT('',#11575);
#5028=VERTEX_POINT('',#11577);
#5029=VERTEX_POINT('',#11579);
#5030=VERTEX_POINT('',#11581);
#5031=VERTEX_POINT('',#11583);
#5032=VERTEX_POINT('',#11585);
#5033=VERTEX_POINT('',#11588);
#5034=VERTEX_POINT('',#11589);
#5035=VERTEX_POINT('',#11591);
#5036=VERTEX_POINT('',#11593);
#5037=VERTEX_POINT('',#11596);
#5038=VERTEX_POINT('',#11597);
#5039=VERTEX_POINT('',#11599);
#5040=VERTEX_POINT('',#11601);
#5041=VERTEX_POINT('',#11603);
#5042=VERTEX_POINT('',#11605);
#5043=VERTEX_POINT('',#11607);
#5044=VERTEX_POINT('',#11609);
#5045=VERTEX_POINT('',#11611);
#5046=VERTEX_POINT('',#11613);
#5047=VERTEX_POINT('',#11615);
#5048=VERTEX_POINT('',#11617);
#5049=VERTEX_POINT('',#11621);
#5050=VERTEX_POINT('',#11622);
#5051=VERTEX_POINT('',#11624);
#5052=VERTEX_POINT('',#11626);
#5053=VERTEX_POINT('',#11629);
#5054=VERTEX_POINT('',#11631);
#5055=VERTEX_POINT('',#11635);
#5056=VERTEX_POINT('',#11636);
#5057=VERTEX_POINT('',#11638);
#5058=VERTEX_POINT('',#11640);
#5059=VERTEX_POINT('',#11644);
#5060=VERTEX_POINT('',#11645);
#5061=VERTEX_POINT('',#11647);
#5062=VERTEX_POINT('',#11649);
#5063=VERTEX_POINT('',#11651);
#5064=VERTEX_POINT('',#11653);
#5065=VERTEX_POINT('',#11655);
#5066=VERTEX_POINT('',#11657);
#5067=VERTEX_POINT('',#11659);
#5068=VERTEX_POINT('',#11661);
#5069=VERTEX_POINT('',#11663);
#5070=VERTEX_POINT('',#11665);
#5071=VERTEX_POINT('',#11675);
#5072=VERTEX_POINT('',#11677);
#5073=VERTEX_POINT('',#11679);
#5074=VERTEX_POINT('',#11682);
#5075=VERTEX_POINT('',#11684);
#5076=VERTEX_POINT('',#11687);
#5077=VERTEX_POINT('',#11689);
#5078=VERTEX_POINT('',#11693);
#5079=VERTEX_POINT('',#11695);
#5080=VERTEX_POINT('',#11701);
#5081=VERTEX_POINT('',#11707);
#5082=VERTEX_POINT('',#11709);
#5083=VERTEX_POINT('',#11715);
#5084=VERTEX_POINT('',#11721);
#5085=VERTEX_POINT('',#11724);
#5086=VERTEX_POINT('',#11727);
#5087=VERTEX_POINT('',#11728);
#5088=VERTEX_POINT('',#11731);
#5089=VERTEX_POINT('',#11733);
#5090=VERTEX_POINT('',#11744);
#5091=VERTEX_POINT('',#11748);
#5092=VERTEX_POINT('',#11755);
#5093=VERTEX_POINT('',#11757);
#5094=VERTEX_POINT('',#11761);
#5095=VERTEX_POINT('',#11765);
#5096=VERTEX_POINT('',#11769);
#5097=VERTEX_POINT('',#11773);
#5098=VERTEX_POINT('',#11777);
#5099=VERTEX_POINT('',#11781);
#5100=VERTEX_POINT('',#11785);
#5101=VERTEX_POINT('',#11789);
#5102=VERTEX_POINT('',#11793);
#5103=VERTEX_POINT('',#11797);
#5104=VERTEX_POINT('',#11801);
#5105=VERTEX_POINT('',#11805);
#5106=VERTEX_POINT('',#11809);
#5107=VERTEX_POINT('',#11813);
#5108=VERTEX_POINT('',#11817);
#5109=VERTEX_POINT('',#11821);
#5110=VERTEX_POINT('',#11825);
#5111=VERTEX_POINT('',#11829);
#5112=VERTEX_POINT('',#11833);
#5113=VERTEX_POINT('',#11837);
#5114=VERTEX_POINT('',#11841);
#5115=VERTEX_POINT('',#11845);
#5116=VERTEX_POINT('',#11849);
#5117=VERTEX_POINT('',#11853);
#5118=VERTEX_POINT('',#11857);
#5119=VERTEX_POINT('',#11861);
#5120=VERTEX_POINT('',#11865);
#5121=VERTEX_POINT('',#11869);
#5122=VERTEX_POINT('',#11873);
#5123=VERTEX_POINT('',#11877);
#5124=VERTEX_POINT('',#11881);
#5125=VERTEX_POINT('',#11885);
#5126=VERTEX_POINT('',#11889);
#5127=VERTEX_POINT('',#11893);
#5128=VERTEX_POINT('',#11897);
#5129=VERTEX_POINT('',#11901);
#5130=VERTEX_POINT('',#11905);
#5131=VERTEX_POINT('',#11909);
#5132=VERTEX_POINT('',#11913);
#5133=VERTEX_POINT('',#11917);
#5134=VERTEX_POINT('',#11921);
#5135=VERTEX_POINT('',#11925);
#5136=VERTEX_POINT('',#11929);
#5137=VERTEX_POINT('',#11933);
#5138=VERTEX_POINT('',#11937);
#5139=VERTEX_POINT('',#11941);
#5140=VERTEX_POINT('',#11945);
#5141=VERTEX_POINT('',#11949);
#5142=VERTEX_POINT('',#11953);
#5143=VERTEX_POINT('',#11957);
#5144=VERTEX_POINT('',#11961);
#5145=VERTEX_POINT('',#11965);
#5146=VERTEX_POINT('',#11969);
#5147=VERTEX_POINT('',#11973);
#5148=VERTEX_POINT('',#11977);
#5149=VERTEX_POINT('',#11981);
#5150=VERTEX_POINT('',#11985);
#5151=VERTEX_POINT('',#11989);
#5152=VERTEX_POINT('',#11993);
#5153=VERTEX_POINT('',#11997);
#5154=VERTEX_POINT('',#12004);
#5155=VERTEX_POINT('',#12005);
#5156=VERTEX_POINT('',#12007);
#5157=VERTEX_POINT('',#12009);
#5158=VERTEX_POINT('',#12013);
#5159=VERTEX_POINT('',#12015);
#5160=VERTEX_POINT('',#12019);
#5161=VERTEX_POINT('',#12021);
#5162=VERTEX_POINT('',#12025);
#5163=VERTEX_POINT('',#12027);
#5164=VERTEX_POINT('',#12031);
#5165=VERTEX_POINT('',#12033);
#5166=VERTEX_POINT('',#12037);
#5167=VERTEX_POINT('',#12039);
#5168=VERTEX_POINT('',#12043);
#5169=VERTEX_POINT('',#12045);
#5170=VERTEX_POINT('',#12049);
#5171=VERTEX_POINT('',#12051);
#5172=VERTEX_POINT('',#12055);
#5173=VERTEX_POINT('',#12057);
#5174=VERTEX_POINT('',#12061);
#5175=VERTEX_POINT('',#12063);
#5176=VERTEX_POINT('',#12067);
#5177=VERTEX_POINT('',#12069);
#5178=VERTEX_POINT('',#12073);
#5179=VERTEX_POINT('',#12077);
#5180=VERTEX_POINT('',#12081);
#5181=VERTEX_POINT('',#12085);
#5182=VERTEX_POINT('',#12089);
#5183=VERTEX_POINT('',#12093);
#5184=VERTEX_POINT('',#12097);
#5185=VERTEX_POINT('',#12101);
#5186=VERTEX_POINT('',#12105);
#5187=VERTEX_POINT('',#12109);
#5188=VERTEX_POINT('',#12113);
#5189=VERTEX_POINT('',#12117);
#5190=VERTEX_POINT('',#12121);
#5191=VERTEX_POINT('',#12125);
#5192=VERTEX_POINT('',#12129);
#5193=VERTEX_POINT('',#12133);
#5194=VERTEX_POINT('',#12137);
#5195=VERTEX_POINT('',#12141);
#5196=VERTEX_POINT('',#12145);
#5197=VERTEX_POINT('',#12149);
#5198=VERTEX_POINT('',#12153);
#5199=VERTEX_POINT('',#12157);
#5200=VERTEX_POINT('',#12161);
#5201=VERTEX_POINT('',#12165);
#5202=VERTEX_POINT('',#12169);
#5203=VERTEX_POINT('',#12173);
#5204=VERTEX_POINT('',#12177);
#5205=VERTEX_POINT('',#12187);
#5206=VERTEX_POINT('',#12188);
#5207=VERTEX_POINT('',#12190);
#5208=VERTEX_POINT('',#12192);
#5209=VERTEX_POINT('',#12196);
#5210=VERTEX_POINT('',#12198);
#5211=VERTEX_POINT('',#12202);
#5212=VERTEX_POINT('',#12204);
#5213=VERTEX_POINT('',#12208);
#5214=VERTEX_POINT('',#12210);
#5215=VERTEX_POINT('',#12214);
#5216=VERTEX_POINT('',#12216);
#5217=VERTEX_POINT('',#12220);
#5218=VERTEX_POINT('',#12222);
#5219=VERTEX_POINT('',#12226);
#5220=VERTEX_POINT('',#12228);
#5221=VERTEX_POINT('',#12232);
#5222=VERTEX_POINT('',#12234);
#5223=VERTEX_POINT('',#12238);
#5224=VERTEX_POINT('',#12240);
#5225=VERTEX_POINT('',#12244);
#5226=VERTEX_POINT('',#12246);
#5227=VERTEX_POINT('',#12250);
#5228=VERTEX_POINT('',#12252);
#5229=VERTEX_POINT('',#12256);
#5230=VERTEX_POINT('',#12258);
#5231=VERTEX_POINT('',#12262);
#5232=VERTEX_POINT('',#12264);
#5233=VERTEX_POINT('',#12268);
#5234=VERTEX_POINT('',#12270);
#5235=VERTEX_POINT('',#12274);
#5236=VERTEX_POINT('',#12276);
#5237=VERTEX_POINT('',#12280);
#5238=VERTEX_POINT('',#12282);
#5239=VERTEX_POINT('',#12286);
#5240=VERTEX_POINT('',#12290);
#5241=VERTEX_POINT('',#12294);
#5242=VERTEX_POINT('',#12298);
#5243=VERTEX_POINT('',#12302);
#5244=VERTEX_POINT('',#12306);
#5245=VERTEX_POINT('',#12310);
#5246=VERTEX_POINT('',#12314);
#5247=VERTEX_POINT('',#12318);
#5248=VERTEX_POINT('',#12322);
#5249=VERTEX_POINT('',#12326);
#5250=VERTEX_POINT('',#12330);
#5251=VERTEX_POINT('',#12334);
#5252=VERTEX_POINT('',#12338);
#5253=VERTEX_POINT('',#12342);
#5254=VERTEX_POINT('',#12346);
#5255=VERTEX_POINT('',#12350);
#5256=VERTEX_POINT('',#12354);
#5257=VERTEX_POINT('',#12358);
#5258=VERTEX_POINT('',#12362);
#5259=VERTEX_POINT('',#12366);
#5260=VERTEX_POINT('',#12370);
#5261=VERTEX_POINT('',#12374);
#5262=VERTEX_POINT('',#12378);
#5263=VERTEX_POINT('',#12382);
#5264=VERTEX_POINT('',#12386);
#5265=VERTEX_POINT('',#12390);
#5266=VERTEX_POINT('',#12394);
#5267=VERTEX_POINT('',#12398);
#5268=VERTEX_POINT('',#12402);
#5269=VERTEX_POINT('',#12406);
#5270=VERTEX_POINT('',#12410);
#5271=VERTEX_POINT('',#12414);
#5272=VERTEX_POINT('',#12418);
#5273=VERTEX_POINT('',#12422);
#5274=VERTEX_POINT('',#12426);
#5275=VERTEX_POINT('',#12430);
#5276=VERTEX_POINT('',#12434);
#5277=VERTEX_POINT('',#12444);
#5278=VERTEX_POINT('',#12445);
#5279=VERTEX_POINT('',#12447);
#5280=VERTEX_POINT('',#12449);
#5281=VERTEX_POINT('',#12453);
#5282=VERTEX_POINT('',#12455);
#5283=VERTEX_POINT('',#12459);
#5284=VERTEX_POINT('',#12461);
#5285=VERTEX_POINT('',#12465);
#5286=VERTEX_POINT('',#12467);
#5287=VERTEX_POINT('',#12471);
#5288=VERTEX_POINT('',#12473);
#5289=VERTEX_POINT('',#12477);
#5290=VERTEX_POINT('',#12479);
#5291=VERTEX_POINT('',#12483);
#5292=VERTEX_POINT('',#12485);
#5293=VERTEX_POINT('',#12489);
#5294=VERTEX_POINT('',#12491);
#5295=VERTEX_POINT('',#12495);
#5296=VERTEX_POINT('',#12497);
#5297=VERTEX_POINT('',#12501);
#5298=VERTEX_POINT('',#12503);
#5299=VERTEX_POINT('',#12507);
#5300=VERTEX_POINT('',#12509);
#5301=VERTEX_POINT('',#12513);
#5302=VERTEX_POINT('',#12515);
#5303=VERTEX_POINT('',#12519);
#5304=VERTEX_POINT('',#12521);
#5305=VERTEX_POINT('',#12525);
#5306=VERTEX_POINT('',#12527);
#5307=VERTEX_POINT('',#12531);
#5308=VERTEX_POINT('',#12533);
#5309=VERTEX_POINT('',#12537);
#5310=VERTEX_POINT('',#12539);
#5311=VERTEX_POINT('',#12543);
#5312=VERTEX_POINT('',#12545);
#5313=VERTEX_POINT('',#12549);
#5314=VERTEX_POINT('',#12551);
#5315=VERTEX_POINT('',#12555);
#5316=VERTEX_POINT('',#12557);
#5317=VERTEX_POINT('',#12561);
#5318=VERTEX_POINT('',#12563);
#5319=VERTEX_POINT('',#12567);
#5320=VERTEX_POINT('',#12569);
#5321=VERTEX_POINT('',#12573);
#5322=VERTEX_POINT('',#12575);
#5323=VERTEX_POINT('',#12579);
#5324=VERTEX_POINT('',#12581);
#5325=VERTEX_POINT('',#12585);
#5326=VERTEX_POINT('',#12587);
#5327=VERTEX_POINT('',#12591);
#5328=VERTEX_POINT('',#12595);
#5329=VERTEX_POINT('',#12599);
#5330=VERTEX_POINT('',#12603);
#5331=VERTEX_POINT('',#12607);
#5332=VERTEX_POINT('',#12611);
#5333=VERTEX_POINT('',#12615);
#5334=VERTEX_POINT('',#12619);
#5335=VERTEX_POINT('',#12623);
#5336=VERTEX_POINT('',#12627);
#5337=VERTEX_POINT('',#12631);
#5338=VERTEX_POINT('',#12635);
#5339=VERTEX_POINT('',#12639);
#5340=VERTEX_POINT('',#12643);
#5341=VERTEX_POINT('',#12647);
#5342=VERTEX_POINT('',#12651);
#5343=VERTEX_POINT('',#12655);
#5344=VERTEX_POINT('',#12659);
#5345=VERTEX_POINT('',#12663);
#5346=VERTEX_POINT('',#12673);
#5347=VERTEX_POINT('',#12675);
#5348=VERTEX_POINT('',#12679);
#5349=VERTEX_POINT('',#12683);
#5350=VERTEX_POINT('',#12690);
#5351=VERTEX_POINT('',#12692);
#5352=VERTEX_POINT('',#12696);
#5353=VERTEX_POINT('',#12700);
#5354=VERTEX_POINT('',#12704);
#5355=VERTEX_POINT('',#12708);
#5356=VERTEX_POINT('',#12712);
#5357=VERTEX_POINT('',#12716);
#5358=VERTEX_POINT('',#12720);
#5359=VERTEX_POINT('',#12724);
#5360=VERTEX_POINT('',#12728);
#5361=VERTEX_POINT('',#12732);
#5362=VERTEX_POINT('',#12736);
#5363=VERTEX_POINT('',#12740);
#5364=VERTEX_POINT('',#12744);
#5365=VERTEX_POINT('',#12748);
#5366=VERTEX_POINT('',#12752);
#5367=VERTEX_POINT('',#12756);
#5368=VERTEX_POINT('',#12760);
#5369=VERTEX_POINT('',#12764);
#5370=VERTEX_POINT('',#12768);
#5371=VERTEX_POINT('',#12772);
#5372=VERTEX_POINT('',#12776);
#5373=VERTEX_POINT('',#12780);
#5374=VERTEX_POINT('',#12784);
#5375=VERTEX_POINT('',#12788);
#5376=VERTEX_POINT('',#12792);
#5377=VERTEX_POINT('',#12796);
#5378=VERTEX_POINT('',#12800);
#5379=VERTEX_POINT('',#12804);
#5380=VERTEX_POINT('',#12808);
#5381=VERTEX_POINT('',#12812);
#5382=VERTEX_POINT('',#12816);
#5383=VERTEX_POINT('',#12820);
#5384=VERTEX_POINT('',#12824);
#5385=VERTEX_POINT('',#12828);
#5386=VERTEX_POINT('',#12832);
#5387=VERTEX_POINT('',#12836);
#5388=VERTEX_POINT('',#12840);
#5389=VERTEX_POINT('',#12844);
#5390=VERTEX_POINT('',#12848);
#5391=VERTEX_POINT('',#12852);
#5392=VERTEX_POINT('',#12856);
#5393=VERTEX_POINT('',#12860);
#5394=VERTEX_POINT('',#12864);
#5395=VERTEX_POINT('',#12868);
#5396=VERTEX_POINT('',#12875);
#5397=VERTEX_POINT('',#12877);
#5398=VERTEX_POINT('',#12881);
#5399=VERTEX_POINT('',#12885);
#5400=VERTEX_POINT('',#12889);
#5401=VERTEX_POINT('',#12893);
#5402=VERTEX_POINT('',#12897);
#5403=VERTEX_POINT('',#12901);
#5404=VERTEX_POINT('',#12905);
#5405=VERTEX_POINT('',#12909);
#5406=VERTEX_POINT('',#12913);
#5407=VERTEX_POINT('',#12917);
#5408=VERTEX_POINT('',#12921);
#5409=VERTEX_POINT('',#12925);
#5410=VERTEX_POINT('',#12929);
#5411=VERTEX_POINT('',#12933);
#5412=VERTEX_POINT('',#12937);
#5413=VERTEX_POINT('',#12941);
#5414=VERTEX_POINT('',#12945);
#5415=VERTEX_POINT('',#12949);
#5416=VERTEX_POINT('',#12953);
#5417=VERTEX_POINT('',#12957);
#5418=VERTEX_POINT('',#12961);
#5419=VERTEX_POINT('',#12965);
#5420=VERTEX_POINT('',#12969);
#5421=VERTEX_POINT('',#12973);
#5422=VERTEX_POINT('',#12977);
#5423=VERTEX_POINT('',#12981);
#5424=VERTEX_POINT('',#12985);
#5425=VERTEX_POINT('',#12989);
#5426=VERTEX_POINT('',#12993);
#5427=VERTEX_POINT('',#12997);
#5428=VERTEX_POINT('',#13001);
#5429=VERTEX_POINT('',#13005);
#5430=VERTEX_POINT('',#13009);
#5431=VERTEX_POINT('',#13013);
#5432=VERTEX_POINT('',#13017);
#5433=VERTEX_POINT('',#13021);
#5434=VERTEX_POINT('',#13025);
#5435=VERTEX_POINT('',#13029);
#5436=VERTEX_POINT('',#13033);
#5437=VERTEX_POINT('',#13037);
#5438=VERTEX_POINT('',#13041);
#5439=VERTEX_POINT('',#13045);
#5440=VERTEX_POINT('',#13049);
#5441=VERTEX_POINT('',#13053);
#5442=VERTEX_POINT('',#13060);
#5443=VERTEX_POINT('',#13062);
#5444=VERTEX_POINT('',#13066);
#5445=VERTEX_POINT('',#13070);
#5446=VERTEX_POINT('',#13077);
#5447=VERTEX_POINT('',#13078);
#5448=VERTEX_POINT('',#13080);
#5449=VERTEX_POINT('',#13082);
#5450=VERTEX_POINT('',#13086);
#5451=VERTEX_POINT('',#13088);
#5452=VERTEX_POINT('',#13092);
#5453=VERTEX_POINT('',#13094);
#5454=VERTEX_POINT('',#13098);
#5455=VERTEX_POINT('',#13100);
#5456=VERTEX_POINT('',#13104);
#5457=VERTEX_POINT('',#13106);
#5458=VERTEX_POINT('',#13110);
#5459=VERTEX_POINT('',#13112);
#5460=VERTEX_POINT('',#13116);
#5461=VERTEX_POINT('',#13118);
#5462=VERTEX_POINT('',#13122);
#5463=VERTEX_POINT('',#13124);
#5464=VERTEX_POINT('',#13128);
#5465=VERTEX_POINT('',#13130);
#5466=VERTEX_POINT('',#13134);
#5467=VERTEX_POINT('',#13136);
#5468=VERTEX_POINT('',#13140);
#5469=VERTEX_POINT('',#13142);
#5470=VERTEX_POINT('',#13146);
#5471=VERTEX_POINT('',#13150);
#5472=VERTEX_POINT('',#13154);
#5473=VERTEX_POINT('',#13158);
#5474=VERTEX_POINT('',#13162);
#5475=VERTEX_POINT('',#13166);
#5476=VERTEX_POINT('',#13170);
#5477=VERTEX_POINT('',#13174);
#5478=VERTEX_POINT('',#13178);
#5479=VERTEX_POINT('',#13182);
#5480=VERTEX_POINT('',#13186);
#5481=VERTEX_POINT('',#13190);
#5482=VERTEX_POINT('',#13194);
#5483=VERTEX_POINT('',#13198);
#5484=VERTEX_POINT('',#13202);
#5485=VERTEX_POINT('',#13206);
#5486=VERTEX_POINT('',#13210);
#5487=VERTEX_POINT('',#13214);
#5488=VERTEX_POINT('',#13218);
#5489=VERTEX_POINT('',#13222);
#5490=VERTEX_POINT('',#13226);
#5491=VERTEX_POINT('',#13230);
#5492=VERTEX_POINT('',#13234);
#5493=VERTEX_POINT('',#13238);
#5494=VERTEX_POINT('',#13242);
#5495=VERTEX_POINT('',#13246);
#5496=VERTEX_POINT('',#13250);
#5497=VERTEX_POINT('',#13260);
#5498=VERTEX_POINT('',#13262);
#5499=VERTEX_POINT('',#13266);
#5500=VERTEX_POINT('',#13270);
#5501=VERTEX_POINT('',#13274);
#5502=VERTEX_POINT('',#13278);
#5503=VERTEX_POINT('',#13282);
#5504=VERTEX_POINT('',#13286);
#5505=VERTEX_POINT('',#13290);
#5506=VERTEX_POINT('',#13294);
#5507=VERTEX_POINT('',#13298);
#5508=VERTEX_POINT('',#13302);
#5509=CIRCLE('',#7474,0.000596454472820126);
#5510=CIRCLE('',#7475,0.000179012736462261);
#5511=CIRCLE('',#7476,0.000126618916597331);
#5512=CIRCLE('',#7477,0.000294539236220761);
#5513=CIRCLE('',#7478,0.000378931915017399);
#5514=CIRCLE('',#7479,0.000143484477892805);
#5515=CIRCLE('',#7480,0.000166651685051328);
#5516=CIRCLE('',#7481,0.000548209670414897);
#5517=CIRCLE('',#7482,0.00042904335344087);
#5518=CIRCLE('',#7483,0.000218522466659289);
#5519=CIRCLE('',#7484,0.000129797384074838);
#5520=CIRCLE('',#7485,0.000163388274606763);
#5521=CIRCLE('',#7486,0.000174175739092957);
#5522=CIRCLE('',#7487,0.000498883828137164);
#5523=CIRCLE('',#7488,0.000263511770599425);
#5524=CIRCLE('',#7489,7.48526662350189E-5);
#5525=CIRCLE('',#7490,0.000125449871130015);
#5526=CIRCLE('',#7491,0.000812017549893886);
#5527=CIRCLE('',#7492,0.000916294538628486);
#5528=CIRCLE('',#7493,0.000169702746036497);
#5529=CIRCLE('',#7494,4.72287988947884E-5);
#5530=CIRCLE('',#7495,7.09237963831871E-5);
#5531=CIRCLE('',#7496,0.000122899674145472);
#5532=CIRCLE('',#7497,8.4583836790132E-5);
#5533=CIRCLE('',#7498,0.000214926704959481);
#5534=CIRCLE('',#7499,0.000724746150098695);
#5535=CIRCLE('',#7500,0.000576356903939484);
#5536=CIRCLE('',#7501,0.000197786222072902);
#5537=CIRCLE('',#7502,0.000113347826710508);
#5538=CIRCLE('',#7503,0.000136773808570485);
#5539=CIRCLE('',#7504,0.000289018625800448);
#5540=CIRCLE('',#7505,0.000805814913099357);
#5541=CIRCLE('',#7506,0.000614376950029056);
#5542=CIRCLE('',#7507,0.000184926302726256);
#5543=CIRCLE('',#7508,8.79251505682668E-5);
#5544=CIRCLE('',#7509,0.000175332683547571);
#5545=CIRCLE('',#7510,5.34658953710846E-5);
#5546=CIRCLE('',#7511,4.43928246224764E-5);
#5547=CIRCLE('',#7512,8.1389697225455E-5);
#5548=CIRCLE('',#7513,0.000258231051784269);
#5549=CIRCLE('',#7514,0.000739836091472056);
#5550=CIRCLE('',#7515,0.000760864448535035);
#5551=CIRCLE('',#7516,0.000217993218884953);
#5552=CIRCLE('',#7517,7.37285809398403E-5);
#5553=CIRCLE('',#7518,7.17734204987418E-5);
#5554=CIRCLE('',#7519,0.000178463577244103);
#5555=CIRCLE('',#7520,0.00017470194416579);
#5556=CIRCLE('',#7521,6.99953017411981E-5);
#5557=CIRCLE('',#7522,7.69179514314867E-5);
#5558=CIRCLE('',#7523,0.000209451360527736);
#5559=CIRCLE('',#7524,0.00076086444853598);
#5560=CIRCLE('',#7525,0.000651515189770205);
#5561=CIRCLE('',#7526,0.000247336487939732);
#5562=CIRCLE('',#7527,7.94090190623032E-5);
#5563=CIRCLE('',#7528,4.63413456088535E-5);
#5564=CIRCLE('',#7529,6.24938291389386E-5);
#5565=CIRCLE('',#7530,0.000185035034914042);
#5566=CIRCLE('',#7531,8.93654982345042E-5);
#5567=CIRCLE('',#7532,0.000182036741020699);
#5568=CIRCLE('',#7533,0.000602326734328198);
#5569=CIRCLE('',#7534,0.000805814913099476);
#5570=CIRCLE('',#7535,0.000295897965749809);
#5571=CIRCLE('',#7536,0.000136322263688825);
#5572=CIRCLE('',#7537,0.00011317288927672);
#5573=CIRCLE('',#7538,0.00018791555975147);
#5574=CIRCLE('',#7539,0.000543233122410029);
#5575=CIRCLE('',#7540,0.000108227768428042);
#5576=CIRCLE('',#7541,9.63995221268096E-5);
#5577=CIRCLE('',#7542,0.000158228699475012);
#5578=CIRCLE('',#7543,0.000441132872552374);
#5579=CIRCLE('',#7544,0.000767629849409371);
#5580=CIRCLE('',#7545,0.00025994135104111);
#5581=CIRCLE('',#7546,9.45603080679093E-5);
#5582=CIRCLE('',#7547,9.14004780515447E-5);
#5583=CIRCLE('',#7548,0.000160537699228104);
#5584=CIRCLE('',#7549,9.31960161744519E-5);
#5585=CIRCLE('',#7550,9.53015373560177E-5);
#5586=CIRCLE('',#7551,0.000205560163140394);
#5587=CIRCLE('',#7552,0.000413380473510258);
#5588=CIRCLE('',#7553,0.000673729094363606);
#5589=CIRCLE('',#7554,0.000327679015802661);
#5590=CIRCLE('',#7555,0.000122186585961663);
#5591=CIRCLE('',#7556,6.27967756605086E-5);
#5592=CIRCLE('',#7557,0.000574964167153751);
#5593=CIRCLE('',#7558,0.000181689979202363);
#5594=CIRCLE('',#7559,8.00715784163026E-5);
#5595=CIRCLE('',#7560,7.65250869717362E-5);
#5596=CIRCLE('',#7561,0.000167861073876506);
#5597=CIRCLE('',#7562,0.000784063966540144);
#5598=CIRCLE('',#7563,0.00105882297613579);
#5599=CIRCLE('',#7564,0.000184521599342337);
#5600=CIRCLE('',#7565,4.80106458329613E-5);
#5601=CIRCLE('',#7566,5.64854682584832E-5);
#5602=CIRCLE('',#7567,0.000115248069292486);
#5603=CIRCLE('',#7568,8.44454103609053E-5);
#5604=CIRCLE('',#7569,0.000219467574714052);
#5605=CIRCLE('',#7570,0.000754917644647919);
#5606=CIRCLE('',#7571,0.000458098403058035);
#5607=CIRCLE('',#7572,0.000143858911086076);
#5608=CIRCLE('',#7573,0.000144907625077234);
#5609=CIRCLE('',#7574,0.000429010705982571);
#5610=CIRCLE('',#7575,0.000497050976693857);
#5611=CIRCLE('',#7576,0.000170695681284334);
#5612=CIRCLE('',#7577,7.02807605798368E-5);
#5613=CIRCLE('',#7578,8.2166638730531E-5);
#5614=CIRCLE('',#7579,0.000204348709933914);
#5615=CIRCLE('',#7580,9.78755005919505E-5);
#5616=CIRCLE('',#7581,9.40670663903405E-5);
#5617=CIRCLE('',#7582,0.000265699714642957);
#5618=CIRCLE('',#7583,0.000927734820890633);
#5619=CIRCLE('',#7584,0.000711325654222507);
#5620=CIRCLE('',#7585,0.0002069508602024);
#5621=CIRCLE('',#7586,8.11534748637337E-5);
#5622=CIRCLE('',#7587,0.000123959671587361);
#5623=CIRCLE('',#7588,5.87679006294045E-5);
#5624=CIRCLE('',#7589,4.75987367956678E-5);
#5625=CIRCLE('',#7590,0.000184701583990668);
#5626=CIRCLE('',#7591,0.000916294538609746);
#5627=CIRCLE('',#7592,0.000265663586185543);
#5628=CIRCLE('',#7593,5.54316683684246E-5);
#5629=CIRCLE('',#7594,4.98593548145524E-5);
#5630=CIRCLE('',#7595,3.87028822297313E-5);
#5631=CIRCLE('',#7596,3.43048019690637E-5);
#5632=CIRCLE('',#7597,0.000132561207987282);
#5633=CIRCLE('',#7598,0.000501635668100713);
#5634=CIRCLE('',#7599,0.00142444448258347);
#5635=CIRCLE('',#7600,0.000455452177109712);
#5636=CIRCLE('',#7601,0.000128283000780454);
#5637=CIRCLE('',#7602,0.000109317104620666);
#5638=CIRCLE('',#7603,7.45273005628029E-5);
#5639=CIRCLE('',#7604,0.000170289242190876);
#5640=CIRCLE('',#7605,0.000178731740284996);
#5641=CIRCLE('',#7606,8.23377091325252E-5);
#5642=CIRCLE('',#7607,8.81252544368081E-5);
#5643=CIRCLE('',#7608,0.000170880959925411);
#5644=CIRCLE('',#7609,0.000476713458539591);
#5645=CIRCLE('',#7610,0.00112332461097201);
#5646=CIRCLE('',#7611,0.000743808989121396);
#5647=CIRCLE('',#7612,0.000218738298418083);
#5648=CIRCLE('',#7613,8.41913549895971E-5);
#5649=CIRCLE('',#7614,0.000115731632429486);
#5650=CIRCLE('',#7615,7.0923796406276E-5);
#5651=CIRCLE('',#7616,4.72287988595858E-5);
#5652=CIRCLE('',#7617,0.00016988529990844);
#5653=CIRCLE('',#7618,0.000916360641200254);
#5654=CIRCLE('',#7619,0.00113855789341825);
#5655=CIRCLE('',#7620,0.000357698328950375);
#5656=CIRCLE('',#7621,0.000128459524618156);
#5657=CIRCLE('',#7622,4.73226255053767E-5);
#5658=CIRCLE('',#7623,4.27435308196761E-5);
#5659=CIRCLE('',#7624,0.000151983069682363);
#5660=CIRCLE('',#7625,0.000118023241626309);
#5661=CIRCLE('',#7626,4.90963093244639E-5);
#5662=CIRCLE('',#7627,3.43082321001844E-5);
#5663=CIRCLE('',#7628,0.00013246795173269);
#5664=CIRCLE('',#7629,0.000424578745178037);
#5665=CIRCLE('',#7630,0.00059645447281625);
#5666=CIRCLE('',#7631,0.000179012736462238);
#5667=CIRCLE('',#7632,0.000126618916597324);
#5668=CIRCLE('',#7633,0.000294539236220736);
#5669=CIRCLE('',#7634,0.000378931914998228);
#5670=CIRCLE('',#7635,0.000143484477883813);
#5671=CIRCLE('',#7636,0.000166651685051272);
#5672=CIRCLE('',#7637,0.000548209670414838);
#5673=CIRCLE('',#7638,0.000429043353440927);
#5674=CIRCLE('',#7639,0.00021852246665788);
#5675=CIRCLE('',#7640,0.000129797384074842);
#5676=CIRCLE('',#7641,0.00016338827460674);
#5677=CIRCLE('',#7642,0.000174175739091411);
#5678=CIRCLE('',#7643,0.000498883829698702);
#5679=CIRCLE('',#7644,0.00026351177059943);
#5680=CIRCLE('',#7645,7.48526662350732E-5);
#5681=CIRCLE('',#7646,0.000125449871156205);
#5682=CIRCLE('',#7647,0.000812017549893852);
#5683=CIRCLE('',#7648,0.000916294538627823);
#5684=CIRCLE('',#7649,0.000169702746052145);
#5685=CIRCLE('',#7650,4.72287988947712E-5);
#5686=CIRCLE('',#7651,7.09237964062697E-5);
#5687=CIRCLE('',#7652,0.000122899674145472);
#5688=CIRCLE('',#7653,8.45838367892673E-5);
#5689=CIRCLE('',#7654,0.000214926704959496);
#5690=CIRCLE('',#7655,0.000724746150098715);
#5691=CIRCLE('',#7656,0.000415177016951603);
#5692=CIRCLE('',#7657,0.000365859167526414);
#5693=CIRCLE('',#7658,5.9112627452876E-5);
#5694=CIRCLE('',#7659,6.84451707196388E-5);
#5695=CIRCLE('',#7660,0.000113526305230352);
#5696=CIRCLE('',#7661,0.000275309350261074);
#5697=CIRCLE('',#7662,0.000551001827710285);
#5698=CIRCLE('',#7663,0.000548989367444962);
#5699=CIRCLE('',#7664,0.000173151027289878);
#5700=CIRCLE('',#7665,0.000136756043244833);
#5701=CIRCLE('',#7666,0.000340395171412624);
#5702=CIRCLE('',#7667,0.000328132087478086);
#5703=CIRCLE('',#7668,0.000132332830626979);
#5704=CIRCLE('',#7669,0.000175422881315875);
#5705=CIRCLE('',#7670,0.000567308495282193);
#5706=CIRCLE('',#7671,0.000576356903939702);
#5707=CIRCLE('',#7672,0.000197786222072943);
#5708=CIRCLE('',#7673,0.000113347826710923);
#5709=CIRCLE('',#7674,0.000136773808570481);
#5710=CIRCLE('',#7675,0.000289018625801917);
#5711=CIRCLE('',#7676,0.000805814913099083);
#5712=CIRCLE('',#7677,0.000614376950029048);
#5713=CIRCLE('',#7678,0.000184926302697267);
#5714=CIRCLE('',#7679,8.79251505713171E-5);
#5715=CIRCLE('',#7680,0.000175332683552781);
#5716=CIRCLE('',#7681,5.34658953708792E-5);
#5717=CIRCLE('',#7682,4.43928246224872E-5);
#5718=CIRCLE('',#7683,8.13896972254554E-5);
#5719=CIRCLE('',#7684,0.000258231051784266);
#5720=CIRCLE('',#7685,0.000739836091472053);
#5721=CIRCLE('',#7686,0.00076086444853503);
#5722=CIRCLE('',#7687,0.000217993218880598);
#5723=CIRCLE('',#7688,7.37285809512478E-5);
#5724=CIRCLE('',#7689,7.17734204979945E-5);
#5725=CIRCLE('',#7690,0.000178463577244014);
#5726=CIRCLE('',#7691,0.000174701944164736);
#5727=CIRCLE('',#7692,6.99953017420308E-5);
#5728=CIRCLE('',#7693,7.69179514234193E-5);
#5729=CIRCLE('',#7694,0.00020945136052283);
#5730=CIRCLE('',#7695,0.000760864448535995);
#5731=CIRCLE('',#7696,0.000651515189770218);
#5732=CIRCLE('',#7697,0.000247336487939734);
#5733=CIRCLE('',#7698,7.94090190470285E-5);
#5734=CIRCLE('',#7699,4.63413456094982E-5);
#5735=CIRCLE('',#7700,6.24938291389179E-5);
#5736=CIRCLE('',#7701,0.000185035034914037);
#5737=CIRCLE('',#7702,8.93654982343401E-5);
#5738=CIRCLE('',#7703,0.000182036741026351);
#5739=CIRCLE('',#7704,0.000602326734334499);
#5740=CIRCLE('',#7705,0.000805814913099476);
#5741=CIRCLE('',#7706,0.000295897965749823);
#5742=CIRCLE('',#7707,0.000136322263688821);
#5743=CIRCLE('',#7708,0.0001131728892767);
#5744=CIRCLE('',#7709,0.000187915559751509);
#5745=CIRCLE('',#7710,0.000543233122409852);
#5746=CIRCLE('',#7713,0.0025);
#5747=CIRCLE('',#7714,0.0025);
#5748=CIRCLE('',#7716,0.014);
#5749=CIRCLE('',#7717,0.014);
#5750=CIRCLE('',#7718,0.014);
#5751=CIRCLE('',#7719,0.014);
#5752=CIRCLE('',#7720,0.014);
#5753=CIRCLE('',#7721,0.014);
#5754=CIRCLE('',#7725,0.0045);
#5755=CIRCLE('',#7726,0.0035);
#5756=CIRCLE('',#7727,0.0035);
#5757=CIRCLE('',#7728,0.002);
#5758=CIRCLE('',#7729,0.002);
#5759=CIRCLE('',#7732,0.0035);
#5760=CIRCLE('',#7735,0.002);
#5761=CIRCLE('',#7739,0.0035);
#5762=CIRCLE('',#7742,0.002);
#5763=CIRCLE('',#7746,0.0045);
#5764=CIRCLE('',#7748,0.0025);
#5765=CIRCLE('',#7750,0.0025);
#5766=CIRCLE('',#7751,0.0025);
#5767=CIRCLE('',#7763,0.000424578745178037);
#5768=CIRCLE('',#7765,0.00013246795173269);
#5769=CIRCLE('',#7767,3.43082321001844E-5);
#5770=CIRCLE('',#7769,4.90963093244639E-5);
#5771=CIRCLE('',#7771,0.000118023241626309);
#5772=CIRCLE('',#7773,0.000151983069682363);
#5773=CIRCLE('',#7775,4.27435308196761E-5);
#5774=CIRCLE('',#7777,4.73226255053767E-5);
#5775=CIRCLE('',#7779,0.000128459524618156);
#5776=CIRCLE('',#7781,0.000357698328950375);
#5777=CIRCLE('',#7783,0.00113855789341825);
#5778=CIRCLE('',#7785,0.000916360641200254);
#5779=CIRCLE('',#7787,0.00016988529990844);
#5780=CIRCLE('',#7789,4.72287988595858E-5);
#5781=CIRCLE('',#7791,7.0923796406276E-5);
#5782=CIRCLE('',#7794,0.000115731632429486);
#5783=CIRCLE('',#7796,8.41913549895971E-5);
#5784=CIRCLE('',#7798,0.000218738298418083);
#5785=CIRCLE('',#7800,0.000743808989121396);
#5786=CIRCLE('',#7802,0.00112332461097201);
#5787=CIRCLE('',#7804,0.000476713458539591);
#5788=CIRCLE('',#7806,0.000170880959925411);
#5789=CIRCLE('',#7808,8.81252544368081E-5);
#5790=CIRCLE('',#7810,8.23377091325252E-5);
#5791=CIRCLE('',#7812,0.000178731740284996);
#5792=CIRCLE('',#7814,0.000170289242190876);
#5793=CIRCLE('',#7816,7.45273005628029E-5);
#5794=CIRCLE('',#7818,0.000109317104620666);
#5795=CIRCLE('',#7820,0.000128283000780454);
#5796=CIRCLE('',#7822,0.000455452177109712);
#5797=CIRCLE('',#7824,0.00142444448258347);
#5798=CIRCLE('',#7827,0.000501635668100713);
#5799=CIRCLE('',#7829,0.000132561207987282);
#5800=CIRCLE('',#7831,3.43048019690637E-5);
#5801=CIRCLE('',#7833,3.87028822297313E-5);
#5802=CIRCLE('',#7836,4.98593548145524E-5);
#5803=CIRCLE('',#7838,5.54316683684246E-5);
#5804=CIRCLE('',#7840,0.000265663586185543);
#5805=CIRCLE('',#7843,0.000916294538609746);
#5806=CIRCLE('',#7845,0.000184701583990668);
#5807=CIRCLE('',#7847,4.75987367956678E-5);
#5808=CIRCLE('',#7849,5.87679006294045E-5);
#5809=CIRCLE('',#7852,0.000123959671587361);
#5810=CIRCLE('',#7854,8.11534748637337E-5);
#5811=CIRCLE('',#7856,0.0002069508602024);
#5812=CIRCLE('',#7858,0.000711325654222507);
#5813=CIRCLE('',#7860,0.000927734820890633);
#5814=CIRCLE('',#7862,0.000265699714642957);
#5815=CIRCLE('',#7864,9.40670663903405E-5);
#5816=CIRCLE('',#7866,9.78755005919505E-5);
#5817=CIRCLE('',#7868,0.000204348709933914);
#5818=CIRCLE('',#7870,8.2166638730531E-5);
#5819=CIRCLE('',#7872,7.02807605798368E-5);
#5820=CIRCLE('',#7874,0.000170695681284334);
#5821=CIRCLE('',#7876,0.000497050976693857);
#5822=CIRCLE('',#7880,0.000393429879583927);
#5823=CIRCLE('',#7881,0.000393429879583927);
#5824=CIRCLE('',#7883,0.000108373315746094);
#5825=CIRCLE('',#7884,0.000108373315746094);
#5826=CIRCLE('',#7886,8.59219266281341E-5);
#5827=CIRCLE('',#7887,8.59219266281341E-5);
#5828=CIRCLE('',#7889,0.00019111711427302);
#5829=CIRCLE('',#7890,0.00019111711427302);
#5830=CIRCLE('',#7893,0.000295203183963843);
#5831=CIRCLE('',#7894,0.000295203183963843);
#5832=CIRCLE('',#7896,8.57162595076188E-5);
#5833=CIRCLE('',#7897,8.57162595076188E-5);
#5834=CIRCLE('',#7899,7.94767937944728E-5);
#5835=CIRCLE('',#7900,7.94767937944728E-5);
#5836=CIRCLE('',#7902,0.000108089247315292);
#5837=CIRCLE('',#7903,0.000108089247315292);
#5838=CIRCLE('',#7905,0.00059645447281625);
#5839=CIRCLE('',#7907,0.000724746150098715);
#5840=CIRCLE('',#7909,0.000214926704959496);
#5841=CIRCLE('',#7911,8.45838367892673E-5);
#5842=CIRCLE('',#7913,0.000122899674145472);
#5843=CIRCLE('',#7916,7.09237964062697E-5);
#5844=CIRCLE('',#7918,4.72287988947712E-5);
#5845=CIRCLE('',#7920,0.000169702746052145);
#5846=CIRCLE('',#7922,0.000916294538627823);
#5847=CIRCLE('',#7924,0.000812017549893852);
#5848=CIRCLE('',#7926,0.000125449871156205);
#5849=CIRCLE('',#7928,7.48526662350732E-5);
#5850=CIRCLE('',#7930,0.00026351177059943);
#5851=CIRCLE('',#7934,0.000498883829698702);
#5852=CIRCLE('',#7936,0.000174175739091411);
#5853=CIRCLE('',#7938,0.00016338827460674);
#5854=CIRCLE('',#7940,0.000129797384074842);
#5855=CIRCLE('',#7942,0.00021852246665788);
#5856=CIRCLE('',#7944,0.000429043353440927);
#5857=CIRCLE('',#7946,0.000548209670414838);
#5858=CIRCLE('',#7948,0.000166651685051272);
#5859=CIRCLE('',#7950,0.000143484477883813);
#5860=CIRCLE('',#7952,0.000378931914998228);
#5861=CIRCLE('',#7954,0.000294539236220736);
#5862=CIRCLE('',#7956,0.000126618916597324);
#5863=CIRCLE('',#7958,0.000179012736462238);
#5864=CIRCLE('',#7960,0.000259604435748502);
#5865=CIRCLE('',#7961,0.000259604435748502);
#5866=CIRCLE('',#7964,0.000550224924504675);
#5867=CIRCLE('',#7965,0.000550224924504675);
#5868=CIRCLE('',#7967,0.00135621588218376);
#5869=CIRCLE('',#7968,0.00135621588218376);
#5870=CIRCLE('',#7970,0.000201707055371461);
#5871=CIRCLE('',#7971,0.000201707055371461);
#5872=CIRCLE('',#7973,4.28091414754729E-5);
#5873=CIRCLE('',#7974,4.28091414754729E-5);
#5874=CIRCLE('',#7976,8.09592350082274E-5);
#5875=CIRCLE('',#7977,8.09592350082274E-5);
#5876=CIRCLE('',#7979,7.9037236806677E-5);
#5877=CIRCLE('',#7980,7.9037236806677E-5);
#5878=CIRCLE('',#7982,3.81711823760204E-5);
#5879=CIRCLE('',#7983,3.81711823760204E-5);
#5880=CIRCLE('',#7985,0.000171238754998168);
#5881=CIRCLE('',#7986,0.000171238754998168);
#5882=CIRCLE('',#7988,0.00153628611544276);
#5883=CIRCLE('',#7989,0.00153628611544276);
#5884=CIRCLE('',#7991,0.00090775553177772);
#5885=CIRCLE('',#7992,0.00090775553177772);
#5886=CIRCLE('',#7994,0.000239361176789829);
#5887=CIRCLE('',#7995,0.000239361176789829);
#5888=CIRCLE('',#7997,6.28376535853504E-5);
#5889=CIRCLE('',#7998,6.28376535853504E-5);
#5890=CIRCLE('',#8000,4.51149179340712E-5);
#5891=CIRCLE('',#8001,4.51149179340712E-5);
#5892=CIRCLE('',#8003,5.47175489037281E-5);
#5893=CIRCLE('',#8004,5.47175489037281E-5);
#5894=CIRCLE('',#8006,5.67659334185684E-5);
#5895=CIRCLE('',#8007,5.67659334185684E-5);
#5896=CIRCLE('',#8009,0.000108227768428042);
#5897=CIRCLE('',#8014,0.000429010705982571);
#5898=CIRCLE('',#8016,0.000144907625077234);
#5899=CIRCLE('',#8018,0.000143858911086076);
#5900=CIRCLE('',#8020,0.000458098403058035);
#5901=CIRCLE('',#8022,0.000754917644647919);
#5902=CIRCLE('',#8024,0.000219467574714052);
#5903=CIRCLE('',#8026,8.44454103609053E-5);
#5904=CIRCLE('',#8028,0.000115248069292486);
#5905=CIRCLE('',#8031,5.64854682584832E-5);
#5906=CIRCLE('',#8033,4.80106458329613E-5);
#5907=CIRCLE('',#8035,0.000184521599342337);
#5908=CIRCLE('',#8037,0.00105882297613579);
#5909=CIRCLE('',#8039,0.000784063966540144);
#5910=CIRCLE('',#8041,0.000167861073876506);
#5911=CIRCLE('',#8043,7.65250869717362E-5);
#5912=CIRCLE('',#8045,8.00715784163026E-5);
#5913=CIRCLE('',#8047,0.000181689979202363);
#5914=CIRCLE('',#8049,0.000574964167153751);
#5915=CIRCLE('',#8051,6.27967756605086E-5);
#5916=CIRCLE('',#8053,0.000122186585961663);
#5917=CIRCLE('',#8055,0.000327679015802661);
#5918=CIRCLE('',#8057,0.000673729094363606);
#5919=CIRCLE('',#8060,0.000413380473510258);
#5920=CIRCLE('',#8062,0.000205560163140394);
#5921=CIRCLE('',#8064,9.53015373560177E-5);
#5922=CIRCLE('',#8066,9.31960161744519E-5);
#5923=CIRCLE('',#8068,0.000160537699228104);
#5924=CIRCLE('',#8070,9.14004780515447E-5);
#5925=CIRCLE('',#8072,9.45603080679093E-5);
#5926=CIRCLE('',#8074,0.00025994135104111);
#5927=CIRCLE('',#8076,0.000767629849409371);
#5928=CIRCLE('',#8078,0.000441132872552374);
#5929=CIRCLE('',#8080,0.000158228699475012);
#5930=CIRCLE('',#8082,9.63995221268096E-5);
#5931=CIRCLE('',#8084,0.000175744578022793);
#5932=CIRCLE('',#8085,0.000175744578022793);
#5933=CIRCLE('',#8088,0.000798138308885461);
#5934=CIRCLE('',#8089,0.000798138308885461);
#5935=CIRCLE('',#8091,0.0010085472661863);
#5936=CIRCLE('',#8092,0.0010085472661863);
#5937=CIRCLE('',#8094,0.000236042777945148);
#5938=CIRCLE('',#8095,0.000236042777945148);
#5939=CIRCLE('',#8097,9.66150624371538E-5);
#5940=CIRCLE('',#8098,9.66150624371538E-5);
#5941=CIRCLE('',#8100,7.61437050115172E-5);
#5942=CIRCLE('',#8101,7.61437050115172E-5);
#5943=CIRCLE('',#8103,0.000143448367375768);
#5944=CIRCLE('',#8104,0.000143448367375768);
#5945=CIRCLE('',#8106,0.000394640908491069);
#5946=CIRCLE('',#8107,0.000394640908491069);
#5947=CIRCLE('',#8109,0.000409172246312128);
#5948=CIRCLE('',#8110,0.000409172246312128);
#5949=CIRCLE('',#8112,0.000147752835905578);
#5950=CIRCLE('',#8113,0.000147752835905578);
#5951=CIRCLE('',#8115,7.76620548820176E-5);
#5952=CIRCLE('',#8116,7.76620548820176E-5);
#5953=CIRCLE('',#8118,9.85873880997535E-5);
#5954=CIRCLE('',#8119,9.85873880997535E-5);
#5955=CIRCLE('',#8121,0.000218826016560039);
#5956=CIRCLE('',#8122,0.000218826016560039);
#5957=CIRCLE('',#8124,0.00100854726618536);
#5958=CIRCLE('',#8125,0.00100854726618536);
#5959=CIRCLE('',#8127,0.000798138308884707);
#5960=CIRCLE('',#8128,0.000798138308884707);
#5961=CIRCLE('',#8130,0.000221785062869792);
#5962=CIRCLE('',#8131,0.000221785062869792);
#5963=CIRCLE('',#8133,8.55003714218971E-5);
#5964=CIRCLE('',#8134,8.55003714218971E-5);
#5965=CIRCLE('',#8136,7.48865466689048E-5);
#5966=CIRCLE('',#8137,7.48865466689048E-5);
#5967=CIRCLE('',#8139,0.000154093032104637);
#5968=CIRCLE('',#8140,0.000154093032104637);
#5969=CIRCLE('',#8142,0.00062130900742478);
#5970=CIRCLE('',#8143,0.00062130900742478);
#5971=CIRCLE('',#8145,0.000615993546009805);
#5972=CIRCLE('',#8146,0.000615993546009805);
#5973=CIRCLE('',#8148,0.00015442030159252);
#5974=CIRCLE('',#8149,0.00015442030159252);
#5975=CIRCLE('',#8151,7.28650384630092E-5);
#5976=CIRCLE('',#8152,7.28650384630092E-5);
#5977=CIRCLE('',#8154,8.55865986028248E-5);
#5978=CIRCLE('',#8155,8.55865986028248E-5);
#5979=CIRCLE('',#8157,0.000415177016951603);
#5980=CIRCLE('',#8159,0.000567308495282193);
#5981=CIRCLE('',#8161,0.000175422881315875);
#5982=CIRCLE('',#8163,0.000132332830626979);
#5983=CIRCLE('',#8165,0.000328132087478086);
#5984=CIRCLE('',#8167,0.000340395171412624);
#5985=CIRCLE('',#8169,0.000136756043244833);
#5986=CIRCLE('',#8171,0.000173151027289878);
#5987=CIRCLE('',#8173,0.000548989367444962);
#5988=CIRCLE('',#8175,0.000551001827710285);
#5989=CIRCLE('',#8177,0.000275309350261074);
#5990=CIRCLE('',#8179,0.000113526305230352);
#5991=CIRCLE('',#8181,6.84451707196388E-5);
#5992=CIRCLE('',#8189,5.9112627452876E-5);
#5993=CIRCLE('',#8191,0.000365859167526414);
#5994=CIRCLE('',#8193,0.000229535199350537);
#5995=CIRCLE('',#8194,0.000229535199350537);
#5996=CIRCLE('',#8202,0.000576356903939702);
#5997=CIRCLE('',#8204,0.000543233122409852);
#5998=CIRCLE('',#8206,0.000187915559751509);
#5999=CIRCLE('',#8208,0.0001131728892767);
#6000=CIRCLE('',#8210,0.000136322263688821);
#6001=CIRCLE('',#8212,0.000295897965749823);
#6002=CIRCLE('',#8214,0.000805814913099476);
#6003=CIRCLE('',#8216,0.000602326734334499);
#6004=CIRCLE('',#8218,0.000182036741026351);
#6005=CIRCLE('',#8220,8.93654982343401E-5);
#6006=CIRCLE('',#8222,0.000185035034914037);
#6007=CIRCLE('',#8226,6.24938291389179E-5);
#6008=CIRCLE('',#8228,4.63413456094982E-5);
#6009=CIRCLE('',#8230,7.94090190470285E-5);
#6010=CIRCLE('',#8232,0.000247336487939734);
#6011=CIRCLE('',#8234,0.000651515189770218);
#6012=CIRCLE('',#8236,0.000760864448535995);
#6013=CIRCLE('',#8238,0.00020945136052283);
#6014=CIRCLE('',#8240,7.69179514234193E-5);
#6015=CIRCLE('',#8242,6.99953017420308E-5);
#6016=CIRCLE('',#8244,0.000174701944164736);
#6017=CIRCLE('',#8248,0.000178463577244014);
#6018=CIRCLE('',#8250,7.17734204979945E-5);
#6019=CIRCLE('',#8252,7.37285809512478E-5);
#6020=CIRCLE('',#8254,0.000217993218880598);
#6021=CIRCLE('',#8256,0.00076086444853503);
#6022=CIRCLE('',#8258,0.000739836091472053);
#6023=CIRCLE('',#8260,0.000258231051784266);
#6024=CIRCLE('',#8262,8.13896972254554E-5);
#6025=CIRCLE('',#8264,4.43928246224872E-5);
#6026=CIRCLE('',#8266,5.34658953708792E-5);
#6027=CIRCLE('',#8270,0.000175332683552781);
#6028=CIRCLE('',#8272,8.79251505713171E-5);
#6029=CIRCLE('',#8274,0.000184926302697267);
#6030=CIRCLE('',#8276,0.000614376950029048);
#6031=CIRCLE('',#8278,0.000805814913099083);
#6032=CIRCLE('',#8280,0.000289018625801917);
#6033=CIRCLE('',#8282,0.000136773808570481);
#6034=CIRCLE('',#8284,0.000113347826710923);
#6035=CIRCLE('',#8286,0.000197786222072943);
#6036=CIRCLE('',#8289,0.000576356903939484);
#6037=CIRCLE('',#8291,0.000543233122410029);
#6038=CIRCLE('',#8293,0.00018791555975147);
#6039=CIRCLE('',#8295,0.00011317288927672);
#6040=CIRCLE('',#8297,0.000136322263688825);
#6041=CIRCLE('',#8299,0.000295897965749809);
#6042=CIRCLE('',#8301,0.000805814913099476);
#6043=CIRCLE('',#8303,0.000602326734328198);
#6044=CIRCLE('',#8305,0.000182036741020699);
#6045=CIRCLE('',#8307,8.93654982345042E-5);
#6046=CIRCLE('',#8309,0.000185035034914042);
#6047=CIRCLE('',#8313,6.24938291389386E-5);
#6048=CIRCLE('',#8315,4.63413456088535E-5);
#6049=CIRCLE('',#8317,7.94090190623032E-5);
#6050=CIRCLE('',#8319,0.000247336487939732);
#6051=CIRCLE('',#8321,0.000651515189770205);
#6052=CIRCLE('',#8323,0.00076086444853598);
#6053=CIRCLE('',#8325,0.000209451360527736);
#6054=CIRCLE('',#8327,7.69179514314867E-5);
#6055=CIRCLE('',#8329,6.99953017411981E-5);
#6056=CIRCLE('',#8331,0.00017470194416579);
#6057=CIRCLE('',#8335,0.000178463577244103);
#6058=CIRCLE('',#8337,7.17734204987418E-5);
#6059=CIRCLE('',#8339,7.37285809398403E-5);
#6060=CIRCLE('',#8341,0.000217993218884953);
#6061=CIRCLE('',#8343,0.000760864448535035);
#6062=CIRCLE('',#8345,0.000739836091472056);
#6063=CIRCLE('',#8347,0.000258231051784269);
#6064=CIRCLE('',#8349,8.1389697225455E-5);
#6065=CIRCLE('',#8351,4.43928246224764E-5);
#6066=CIRCLE('',#8353,5.34658953710846E-5);
#6067=CIRCLE('',#8357,0.000175332683547571);
#6068=CIRCLE('',#8359,8.79251505682668E-5);
#6069=CIRCLE('',#8361,0.000184926302726256);
#6070=CIRCLE('',#8363,0.000614376950029056);
#6071=CIRCLE('',#8365,0.000805814913099357);
#6072=CIRCLE('',#8367,0.000289018625800448);
#6073=CIRCLE('',#8369,0.000136773808570485);
#6074=CIRCLE('',#8371,0.000113347826710508);
#6075=CIRCLE('',#8373,0.000197786222072902);
#6076=CIRCLE('',#8382,0.000393429879583941);
#6077=CIRCLE('',#8383,0.000393429879583941);
#6078=CIRCLE('',#8385,0.000108373315746104);
#6079=CIRCLE('',#8386,0.000108373315746104);
#6080=CIRCLE('',#8388,8.59219266280878E-5);
#6081=CIRCLE('',#8389,8.59219266280878E-5);
#6082=CIRCLE('',#8391,0.000191117114322305);
#6083=CIRCLE('',#8392,0.000191117114322305);
#6084=CIRCLE('',#8395,0.000295203183963796);
#6085=CIRCLE('',#8396,0.000295203183963796);
#6086=CIRCLE('',#8398,8.57162595355064E-5);
#6087=CIRCLE('',#8399,8.57162595355064E-5);
#6088=CIRCLE('',#8401,7.9476793794499E-5);
#6089=CIRCLE('',#8402,7.9476793794499E-5);
#6090=CIRCLE('',#8404,0.000108089247316412);
#6091=CIRCLE('',#8405,0.000108089247316412);
#6092=CIRCLE('',#8407,0.000596454472820126);
#6093=CIRCLE('',#8409,0.000724746150098695);
#6094=CIRCLE('',#8411,0.000214926704959481);
#6095=CIRCLE('',#8413,8.4583836790132E-5);
#6096=CIRCLE('',#8415,0.000122899674145472);
#6097=CIRCLE('',#8418,7.09237963831871E-5);
#6098=CIRCLE('',#8420,4.72287988947884E-5);
#6099=CIRCLE('',#8422,0.000169702746036497);
#6100=CIRCLE('',#8424,0.000916294538628486);
#6101=CIRCLE('',#8426,0.000812017549893886);
#6102=CIRCLE('',#8428,0.000125449871130015);
#6103=CIRCLE('',#8430,7.48526662350189E-5);
#6104=CIRCLE('',#8432,0.000263511770599425);
#6105=CIRCLE('',#8436,0.000498883828137164);
#6106=CIRCLE('',#8438,0.000174175739092957);
#6107=CIRCLE('',#8440,0.000163388274606763);
#6108=CIRCLE('',#8442,0.000129797384074838);
#6109=CIRCLE('',#8444,0.000218522466659289);
#6110=CIRCLE('',#8446,0.00042904335344087);
#6111=CIRCLE('',#8448,0.000548209670414897);
#6112=CIRCLE('',#8450,0.000166651685051328);
#6113=CIRCLE('',#8452,0.000143484477892805);
#6114=CIRCLE('',#8454,0.000378931915017399);
#6115=CIRCLE('',#8456,0.000294539236220761);
#6116=CIRCLE('',#8458,0.000126618916597331);
#6117=CIRCLE('',#8460,0.000179012736462261);
#6118=CIRCLE('',#8462,0.000259604435748068);
#6119=CIRCLE('',#8463,0.000259604435748068);
#6120=EDGE_LOOP('',(#1356,#1357,#1358,#1359,#1360,#1361,#1362,#1363,#1364,
#1365,#1366,#1367,#1368,#1369,#1370,#1371,#1372,#1373,#1374,#1375,#1376,
#1377,#1378,#1379,#1380,#1381,#1382,#1383,#1384));
#6121=EDGE_LOOP('',(#1385,#1386,#1387,#1388,#1389,#1390,#1391,#1392,#1393,
#1394,#1395,#1396,#1397,#1398,#1399,#1400,#1401,#1402,#1403,#1404,#1405,
#1406,#1407,#1408,#1409,#1410,#1411,#1412,#1413,#1414,#1415,#1416,#1417,
#1418,#1419,#1420,#1421,#1422,#1423,#1424,#1425,#1426,#1427,#1428,#1429,
#1430));
#6122=EDGE_LOOP('',(#1431,#1432,#1433,#1434));
#6123=EDGE_LOOP('',(#1435,#1436,#1437,#1438,#1439,#1440,#1441,#1442,#1443,
#1444,#1445,#1446,#1447,#1448,#1449,#1450,#1451,#1452,#1453,#1454,#1455,
#1456,#1457,#1458,#1459,#1460,#1461,#1462,#1463,#1464,#1465,#1466,#1467,
#1468,#1469,#1470,#1471,#1472,#1473,#1474));
#6124=EDGE_LOOP('',(#1475,#1476,#1477,#1478));
#6125=EDGE_LOOP('',(#1479,#1480,#1481,#1482,#1483,#1484,#1485,#1486,#1487,
#1488,#1489,#1490,#1491,#1492,#1493,#1494,#1495,#1496,#1497,#1498,#1499,
#1500,#1501,#1502,#1503,#1504,#1505,#1506,#1507,#1508,#1509,#1510,#1511,
#1512,#1513,#1514,#1515,#1516,#1517,#1518,#1519,#1520,#1521,#1522,#1523,
#1524,#1525,#1526,#1527,#1528,#1529,#1530,#1531,#1532,#1533,#1534,#1535,
#1536,#1537,#1538,#1539,#1540));
#6126=EDGE_LOOP('',(#1541,#1542,#1543,#1544,#1545,#1546,#1547,#1548,#1549,
#1550,#1551,#1552,#1553,#1554,#1555,#1556,#1557,#1558,#1559,#1560,#1561,
#1562,#1563,#1564,#1565,#1566,#1567,#1568,#1569));
#6127=EDGE_LOOP('',(#1570,#1571,#1572,#1573,#1574,#1575,#1576,#1577,#1578,
#1579,#1580,#1581,#1582,#1583,#1584,#1585,#1586,#1587,#1588,#1589,#1590));
#6128=EDGE_LOOP('',(#1591,#1592,#1593,#1594,#1595,#1596,#1597,#1598,#1599,
#1600,#1601,#1602,#1603,#1604,#1605,#1606,#1607,#1608,#1609,#1610,#1611,
#1612,#1613,#1614,#1615,#1616,#1617,#1618,#1619,#1620,#1621,#1622,#1623,
#1624,#1625,#1626,#1627,#1628,#1629,#1630,#1631,#1632,#1633,#1634,#1635,
#1636));
#6129=EDGE_LOOP('',(#1637,#1638,#1639,#1640));
#6130=EDGE_LOOP('',(#1641,#1642,#1643,#1644,#1645,#1646,#1647,#1648,#1649,
#1650,#1651,#1652));
#6131=EDGE_LOOP('',(#1653,#1654,#1655,#1656));
#6132=EDGE_LOOP('',(#1657,#1658,#1659,#1660));
#6133=EDGE_LOOP('',(#1661,#1662,#1663,#1664));
#6134=EDGE_LOOP('',(#1665,#1666,#1667,#1668,#1669,#1670,#1671,#1672,#1673,
#1674,#1675,#1676));
#6135=EDGE_LOOP('',(#1677,#1678,#1679,#1680));
#6136=EDGE_LOOP('',(#1681,#1682,#1683,#1684));
#6137=EDGE_LOOP('',(#1685));
#6138=EDGE_LOOP('',(#1686,#1687,#1688,#1689,#1690,#1691,#1692,#1693,#1694,
#1695,#1696,#1697));
#6139=EDGE_LOOP('',(#1698));
#6140=EDGE_LOOP('',(#1699));
#6141=EDGE_LOOP('',(#1700,#1701,#1702,#1703));
#6142=EDGE_LOOP('',(#1704,#1705,#1706,#1707));
#6143=EDGE_LOOP('',(#1708,#1709,#1710,#1711));
#6144=EDGE_LOOP('',(#1712));
#6145=EDGE_LOOP('',(#1713));
#6146=EDGE_LOOP('',(#1714,#1715,#1716,#1717));
#6147=EDGE_LOOP('',(#1718));
#6148=EDGE_LOOP('',(#1719,#1720,#1721,#1722));
#6149=EDGE_LOOP('',(#1723,#1724,#1725,#1726));
#6150=EDGE_LOOP('',(#1727,#1728,#1729,#1730));
#6151=EDGE_LOOP('',(#1731));
#6152=EDGE_LOOP('',(#1732));
#6153=EDGE_LOOP('',(#1733,#1734,#1735,#1736));
#6154=EDGE_LOOP('',(#1737));
#6155=EDGE_LOOP('',(#1738,#1739,#1740,#1741));
#6156=EDGE_LOOP('',(#1742));
#6157=EDGE_LOOP('',(#1743));
#6158=EDGE_LOOP('',(#1744));
#6159=EDGE_LOOP('',(#1745));
#6160=EDGE_LOOP('',(#1746,#1747,#1748,#1749,#1750,#1751,#1752,#1753));
#6161=EDGE_LOOP('',(#1754));
#6162=EDGE_LOOP('',(#1755,#1756,#1757,#1758));
#6163=EDGE_LOOP('',(#1759,#1760));
#6164=EDGE_LOOP('',(#1761,#1762,#1763,#1764));
#6165=EDGE_LOOP('',(#1765,#1766));
#6166=EDGE_LOOP('',(#1767,#1768,#1769,#1770));
#6167=EDGE_LOOP('',(#1771,#1772,#1773,#1774));
#6168=EDGE_LOOP('',(#1775,#1776,#1777,#1778));
#6169=EDGE_LOOP('',(#1779,#1780,#1781,#1782));
#6170=EDGE_LOOP('',(#1783,#1784,#1785,#1786));
#6171=EDGE_LOOP('',(#1787,#1788,#1789,#1790));
#6172=EDGE_LOOP('',(#1791,#1792,#1793,#1794));
#6173=EDGE_LOOP('',(#1795,#1796,#1797,#1798));
#6174=EDGE_LOOP('',(#1799,#1800,#1801,#1802));
#6175=EDGE_LOOP('',(#1803,#1804,#1805,#1806));
#6176=EDGE_LOOP('',(#1807,#1808,#1809,#1810));
#6177=EDGE_LOOP('',(#1811,#1812,#1813,#1814));
#6178=EDGE_LOOP('',(#1815,#1816,#1817,#1818));
#6179=EDGE_LOOP('',(#1819,#1820,#1821,#1822));
#6180=EDGE_LOOP('',(#1823,#1824,#1825,#1826));
#6181=EDGE_LOOP('',(#1827,#1828,#1829,#1830));
#6182=EDGE_LOOP('',(#1831,#1832,#1833,#1834));
#6183=EDGE_LOOP('',(#1835,#1836,#1837,#1838));
#6184=EDGE_LOOP('',(#1839,#1840,#1841,#1842));
#6185=EDGE_LOOP('',(#1843,#1844,#1845,#1846));
#6186=EDGE_LOOP('',(#1847,#1848,#1849,#1850));
#6187=EDGE_LOOP('',(#1851,#1852,#1853,#1854));
#6188=EDGE_LOOP('',(#1855,#1856,#1857,#1858));
#6189=EDGE_LOOP('',(#1859,#1860,#1861,#1862));
#6190=EDGE_LOOP('',(#1863,#1864,#1865,#1866));
#6191=EDGE_LOOP('',(#1867,#1868,#1869,#1870));
#6192=EDGE_LOOP('',(#1871,#1872,#1873,#1874));
#6193=EDGE_LOOP('',(#1875,#1876,#1877,#1878));
#6194=EDGE_LOOP('',(#1879,#1880,#1881,#1882));
#6195=EDGE_LOOP('',(#1883,#1884,#1885,#1886));
#6196=EDGE_LOOP('',(#1887,#1888,#1889,#1890));
#6197=EDGE_LOOP('',(#1891,#1892,#1893,#1894));
#6198=EDGE_LOOP('',(#1895,#1896,#1897,#1898));
#6199=EDGE_LOOP('',(#1899,#1900,#1901,#1902));
#6200=EDGE_LOOP('',(#1903,#1904,#1905,#1906));
#6201=EDGE_LOOP('',(#1907,#1908,#1909,#1910));
#6202=EDGE_LOOP('',(#1911,#1912,#1913,#1914));
#6203=EDGE_LOOP('',(#1915,#1916,#1917,#1918));
#6204=EDGE_LOOP('',(#1919,#1920,#1921,#1922));
#6205=EDGE_LOOP('',(#1923,#1924,#1925,#1926));
#6206=EDGE_LOOP('',(#1927,#1928,#1929,#1930));
#6207=EDGE_LOOP('',(#1931,#1932,#1933,#1934));
#6208=EDGE_LOOP('',(#1935,#1936,#1937,#1938));
#6209=EDGE_LOOP('',(#1939,#1940,#1941,#1942));
#6210=EDGE_LOOP('',(#1943,#1944,#1945,#1946));
#6211=EDGE_LOOP('',(#1947,#1948,#1949,#1950));
#6212=EDGE_LOOP('',(#1951,#1952,#1953,#1954));
#6213=EDGE_LOOP('',(#1955,#1956,#1957,#1958));
#6214=EDGE_LOOP('',(#1959,#1960,#1961,#1962));
#6215=EDGE_LOOP('',(#1963,#1964,#1965,#1966));
#6216=EDGE_LOOP('',(#1967,#1968,#1969,#1970));
#6217=EDGE_LOOP('',(#1971,#1972,#1973,#1974));
#6218=EDGE_LOOP('',(#1975,#1976,#1977,#1978));
#6219=EDGE_LOOP('',(#1979,#1980,#1981,#1982));
#6220=EDGE_LOOP('',(#1983,#1984,#1985,#1986));
#6221=EDGE_LOOP('',(#1987,#1988,#1989,#1990));
#6222=EDGE_LOOP('',(#1991,#1992,#1993,#1994));
#6223=EDGE_LOOP('',(#1995,#1996,#1997,#1998));
#6224=EDGE_LOOP('',(#1999,#2000,#2001,#2002));
#6225=EDGE_LOOP('',(#2003,#2004,#2005,#2006));
#6226=EDGE_LOOP('',(#2007,#2008,#2009,#2010));
#6227=EDGE_LOOP('',(#2011,#2012,#2013,#2014));
#6228=EDGE_LOOP('',(#2015,#2016,#2017,#2018));
#6229=EDGE_LOOP('',(#2019,#2020,#2021,#2022));
#6230=EDGE_LOOP('',(#2023,#2024,#2025,#2026));
#6231=EDGE_LOOP('',(#2027,#2028,#2029,#2030));
#6232=EDGE_LOOP('',(#2031,#2032,#2033,#2034,#2035,#2036,#2037,#2038,#2039,
#2040,#2041,#2042,#2043,#2044,#2045,#2046,#2047,#2048,#2049,#2050,#2051,
#2052,#2053,#2054,#2055,#2056,#2057,#2058,#2059,#2060,#2061,#2062,#2063,
#2064,#2065,#2066,#2067,#2068,#2069,#2070,#2071,#2072,#2073,#2074,#2075,
#2076,#2077,#2078,#2079,#2080,#2081,#2082,#2083,#2084,#2085,#2086,#2087,
#2088,#2089,#2090,#2091,#2092));
#6233=EDGE_LOOP('',(#2093,#2094,#2095,#2096));
#6234=EDGE_LOOP('',(#2097,#2098,#2099,#2100));
#6235=EDGE_LOOP('',(#2101,#2102,#2103,#2104));
#6236=EDGE_LOOP('',(#2105,#2106,#2107,#2108));
#6237=EDGE_LOOP('',(#2109,#2110,#2111,#2112));
#6238=EDGE_LOOP('',(#2113,#2114,#2115,#2116));
#6239=EDGE_LOOP('',(#2117,#2118,#2119,#2120));
#6240=EDGE_LOOP('',(#2121,#2122,#2123,#2124));
#6241=EDGE_LOOP('',(#2125,#2126,#2127,#2128));
#6242=EDGE_LOOP('',(#2129,#2130,#2131,#2132));
#6243=EDGE_LOOP('',(#2133,#2134,#2135,#2136));
#6244=EDGE_LOOP('',(#2137,#2138,#2139,#2140));
#6245=EDGE_LOOP('',(#2141,#2142,#2143,#2144));
#6246=EDGE_LOOP('',(#2145,#2146,#2147,#2148));
#6247=EDGE_LOOP('',(#2149,#2150,#2151,#2152));
#6248=EDGE_LOOP('',(#2153,#2154,#2155,#2156));
#6249=EDGE_LOOP('',(#2157,#2158,#2159,#2160));
#6250=EDGE_LOOP('',(#2161,#2162,#2163,#2164));
#6251=EDGE_LOOP('',(#2165,#2166,#2167,#2168));
#6252=EDGE_LOOP('',(#2169,#2170,#2171,#2172));
#6253=EDGE_LOOP('',(#2173,#2174,#2175,#2176));
#6254=EDGE_LOOP('',(#2177,#2178,#2179,#2180));
#6255=EDGE_LOOP('',(#2181,#2182,#2183,#2184));
#6256=EDGE_LOOP('',(#2185,#2186,#2187,#2188));
#6257=EDGE_LOOP('',(#2189,#2190,#2191,#2192));
#6258=EDGE_LOOP('',(#2193,#2194,#2195,#2196));
#6259=EDGE_LOOP('',(#2197,#2198,#2199,#2200));
#6260=EDGE_LOOP('',(#2201,#2202,#2203,#2204));
#6261=EDGE_LOOP('',(#2205,#2206,#2207,#2208));
#6262=EDGE_LOOP('',(#2209,#2210,#2211,#2212));
#6263=EDGE_LOOP('',(#2213,#2214,#2215,#2216));
#6264=EDGE_LOOP('',(#2217,#2218,#2219,#2220));
#6265=EDGE_LOOP('',(#2221,#2222,#2223,#2224));
#6266=EDGE_LOOP('',(#2225,#2226,#2227,#2228));
#6267=EDGE_LOOP('',(#2229,#2230,#2231,#2232));
#6268=EDGE_LOOP('',(#2233,#2234,#2235,#2236));
#6269=EDGE_LOOP('',(#2237,#2238,#2239,#2240));
#6270=EDGE_LOOP('',(#2241,#2242,#2243,#2244));
#6271=EDGE_LOOP('',(#2245,#2246,#2247,#2248));
#6272=EDGE_LOOP('',(#2249,#2250,#2251,#2252));
#6273=EDGE_LOOP('',(#2253,#2254,#2255,#2256,#2257,#2258,#2259,#2260,#2261,
#2262,#2263,#2264,#2265,#2266,#2267,#2268,#2269,#2270,#2271,#2272,#2273,
#2274,#2275,#2276,#2277,#2278,#2279,#2280,#2281));
#6274=EDGE_LOOP('',(#2282,#2283,#2284,#2285,#2286,#2287,#2288,#2289,#2290,
#2291,#2292));
#6275=EDGE_LOOP('',(#2293,#2294,#2295,#2296));
#6276=EDGE_LOOP('',(#2297,#2298,#2299,#2300));
#6277=EDGE_LOOP('',(#2301,#2302,#2303,#2304));
#6278=EDGE_LOOP('',(#2305,#2306,#2307,#2308));
#6279=EDGE_LOOP('',(#2309,#2310,#2311,#2312));
#6280=EDGE_LOOP('',(#2313,#2314,#2315,#2316));
#6281=EDGE_LOOP('',(#2317,#2318,#2319,#2320));
#6282=EDGE_LOOP('',(#2321,#2322,#2323,#2324));
#6283=EDGE_LOOP('',(#2325,#2326,#2327,#2328));
#6284=EDGE_LOOP('',(#2329,#2330,#2331,#2332));
#6285=EDGE_LOOP('',(#2333,#2334,#2335,#2336));
#6286=EDGE_LOOP('',(#2337,#2338,#2339,#2340));
#6287=EDGE_LOOP('',(#2341,#2342,#2343,#2344));
#6288=EDGE_LOOP('',(#2345,#2346,#2347,#2348));
#6289=EDGE_LOOP('',(#2349,#2350,#2351,#2352));
#6290=EDGE_LOOP('',(#2353,#2354,#2355,#2356));
#6291=EDGE_LOOP('',(#2357,#2358,#2359,#2360));
#6292=EDGE_LOOP('',(#2361,#2362,#2363,#2364));
#6293=EDGE_LOOP('',(#2365,#2366,#2367,#2368));
#6294=EDGE_LOOP('',(#2369,#2370,#2371,#2372));
#6295=EDGE_LOOP('',(#2373,#2374,#2375,#2376));
#6296=EDGE_LOOP('',(#2377,#2378,#2379,#2380));
#6297=EDGE_LOOP('',(#2381,#2382,#2383,#2384));
#6298=EDGE_LOOP('',(#2385,#2386,#2387,#2388));
#6299=EDGE_LOOP('',(#2389,#2390,#2391,#2392));
#6300=EDGE_LOOP('',(#2393,#2394,#2395,#2396));
#6301=EDGE_LOOP('',(#2397,#2398,#2399,#2400));
#6302=EDGE_LOOP('',(#2401,#2402,#2403,#2404));
#6303=EDGE_LOOP('',(#2405,#2406,#2407,#2408));
#6304=EDGE_LOOP('',(#2409,#2410,#2411,#2412));
#6305=EDGE_LOOP('',(#2413,#2414,#2415,#2416));
#6306=EDGE_LOOP('',(#2417,#2418,#2419,#2420));
#6307=EDGE_LOOP('',(#2421,#2422,#2423,#2424));
#6308=EDGE_LOOP('',(#2425,#2426,#2427,#2428));
#6309=EDGE_LOOP('',(#2429,#2430,#2431,#2432));
#6310=EDGE_LOOP('',(#2433,#2434,#2435,#2436));
#6311=EDGE_LOOP('',(#2437,#2438,#2439,#2440));
#6312=EDGE_LOOP('',(#2441,#2442,#2443,#2444));
#6313=EDGE_LOOP('',(#2445,#2446,#2447,#2448));
#6314=EDGE_LOOP('',(#2449,#2450,#2451,#2452));
#6315=EDGE_LOOP('',(#2453,#2454,#2455,#2456));
#6316=EDGE_LOOP('',(#2457,#2458,#2459,#2460));
#6317=EDGE_LOOP('',(#2461,#2462,#2463,#2464));
#6318=EDGE_LOOP('',(#2465,#2466,#2467,#2468));
#6319=EDGE_LOOP('',(#2469,#2470,#2471,#2472));
#6320=EDGE_LOOP('',(#2473,#2474,#2475,#2476));
#6321=EDGE_LOOP('',(#2477,#2478,#2479,#2480));
#6322=EDGE_LOOP('',(#2481,#2482,#2483,#2484));
#6323=EDGE_LOOP('',(#2485,#2486,#2487,#2488));
#6324=EDGE_LOOP('',(#2489,#2490,#2491,#2492));
#6325=EDGE_LOOP('',(#2493,#2494,#2495,#2496));
#6326=EDGE_LOOP('',(#2497,#2498,#2499,#2500));
#6327=EDGE_LOOP('',(#2501,#2502,#2503,#2504));
#6328=EDGE_LOOP('',(#2505,#2506,#2507,#2508));
#6329=EDGE_LOOP('',(#2509,#2510,#2511,#2512));
#6330=EDGE_LOOP('',(#2513,#2514,#2515,#2516));
#6331=EDGE_LOOP('',(#2517,#2518,#2519,#2520,#2521,#2522,#2523,#2524,#2525,
#2526,#2527,#2528,#2529,#2530,#2531,#2532,#2533,#2534,#2535,#2536,#2537,
#2538,#2539,#2540,#2541,#2542,#2543,#2544,#2545,#2546,#2547,#2548,#2549,
#2550,#2551,#2552,#2553,#2554,#2555,#2556));
#6332=EDGE_LOOP('',(#2557,#2558,#2559,#2560,#2561,#2562,#2563,#2564,#2565,
#2566,#2567,#2568,#2569,#2570,#2571,#2572));
#6333=EDGE_LOOP('',(#2573,#2574,#2575,#2576));
#6334=EDGE_LOOP('',(#2577,#2578,#2579,#2580));
#6335=EDGE_LOOP('',(#2581,#2582,#2583,#2584));
#6336=EDGE_LOOP('',(#2585,#2586,#2587,#2588));
#6337=EDGE_LOOP('',(#2589,#2590,#2591,#2592));
#6338=EDGE_LOOP('',(#2593,#2594,#2595,#2596));
#6339=EDGE_LOOP('',(#2597,#2598,#2599,#2600));
#6340=EDGE_LOOP('',(#2601,#2602,#2603,#2604));
#6341=EDGE_LOOP('',(#2605,#2606,#2607,#2608));
#6342=EDGE_LOOP('',(#2609,#2610,#2611,#2612));
#6343=EDGE_LOOP('',(#2613,#2614,#2615,#2616));
#6344=EDGE_LOOP('',(#2617,#2618,#2619,#2620));
#6345=EDGE_LOOP('',(#2621,#2622,#2623,#2624));
#6346=EDGE_LOOP('',(#2625,#2626,#2627,#2628));
#6347=EDGE_LOOP('',(#2629,#2630,#2631,#2632));
#6348=EDGE_LOOP('',(#2633,#2634,#2635,#2636));
#6349=EDGE_LOOP('',(#2637,#2638,#2639,#2640));
#6350=EDGE_LOOP('',(#2641,#2642,#2643,#2644));
#6351=EDGE_LOOP('',(#2645,#2646,#2647,#2648));
#6352=EDGE_LOOP('',(#2649,#2650,#2651,#2652));
#6353=EDGE_LOOP('',(#2653,#2654,#2655,#2656));
#6354=EDGE_LOOP('',(#2657,#2658,#2659,#2660));
#6355=EDGE_LOOP('',(#2661,#2662,#2663,#2664));
#6356=EDGE_LOOP('',(#2665,#2666,#2667,#2668));
#6357=EDGE_LOOP('',(#2669,#2670,#2671,#2672));
#6358=EDGE_LOOP('',(#2673,#2674,#2675,#2676));
#6359=EDGE_LOOP('',(#2677,#2678,#2679,#2680));
#6360=EDGE_LOOP('',(#2681,#2682,#2683,#2684));
#6361=EDGE_LOOP('',(#2685,#2686,#2687,#2688));
#6362=EDGE_LOOP('',(#2689,#2690,#2691,#2692));
#6363=EDGE_LOOP('',(#2693,#2694,#2695,#2696));
#6364=EDGE_LOOP('',(#2697,#2698,#2699,#2700));
#6365=EDGE_LOOP('',(#2701,#2702,#2703,#2704));
#6366=EDGE_LOOP('',(#2705,#2706,#2707,#2708));
#6367=EDGE_LOOP('',(#2709,#2710,#2711,#2712));
#6368=EDGE_LOOP('',(#2713,#2714,#2715,#2716));
#6369=EDGE_LOOP('',(#2717,#2718,#2719,#2720));
#6370=EDGE_LOOP('',(#2721,#2722,#2723,#2724));
#6371=EDGE_LOOP('',(#2725,#2726,#2727,#2728));
#6372=EDGE_LOOP('',(#2729,#2730,#2731,#2732));
#6373=EDGE_LOOP('',(#2733,#2734,#2735,#2736));
#6374=EDGE_LOOP('',(#2737,#2738,#2739,#2740));
#6375=EDGE_LOOP('',(#2741,#2742,#2743,#2744));
#6376=EDGE_LOOP('',(#2745,#2746,#2747,#2748));
#6377=EDGE_LOOP('',(#2749,#2750,#2751,#2752));
#6378=EDGE_LOOP('',(#2753,#2754,#2755,#2756,#2757,#2758,#2759,#2760,#2761,
#2762,#2763,#2764,#2765,#2766,#2767,#2768,#2769,#2770,#2771,#2772,#2773));
#6379=EDGE_LOOP('',(#2774,#2775,#2776,#2777,#2778,#2779,#2780,#2781,#2782,
#2783,#2784,#2785,#2786,#2787,#2788,#2789,#2790,#2791,#2792,#2793,#2794,
#2795,#2796,#2797));
#6380=EDGE_LOOP('',(#2798,#2799,#2800,#2801));
#6381=EDGE_LOOP('',(#2802,#2803,#2804,#2805));
#6382=EDGE_LOOP('',(#2806,#2807,#2808,#2809));
#6383=EDGE_LOOP('',(#2810,#2811,#2812,#2813));
#6384=EDGE_LOOP('',(#2814,#2815,#2816,#2817));
#6385=EDGE_LOOP('',(#2818,#2819,#2820,#2821));
#6386=EDGE_LOOP('',(#2822,#2823,#2824,#2825));
#6387=EDGE_LOOP('',(#2826,#2827,#2828,#2829));
#6388=EDGE_LOOP('',(#2830,#2831,#2832,#2833));
#6389=EDGE_LOOP('',(#2834,#2835,#2836,#2837));
#6390=EDGE_LOOP('',(#2838,#2839,#2840,#2841));
#6391=EDGE_LOOP('',(#2842,#2843,#2844,#2845));
#6392=EDGE_LOOP('',(#2846,#2847,#2848,#2849));
#6393=EDGE_LOOP('',(#2850,#2851,#2852,#2853));
#6394=EDGE_LOOP('',(#2854,#2855,#2856,#2857));
#6395=EDGE_LOOP('',(#2858,#2859,#2860,#2861));
#6396=EDGE_LOOP('',(#2862,#2863,#2864,#2865));
#6397=EDGE_LOOP('',(#2866,#2867,#2868,#2869));
#6398=EDGE_LOOP('',(#2870,#2871,#2872,#2873));
#6399=EDGE_LOOP('',(#2874,#2875,#2876,#2877));
#6400=EDGE_LOOP('',(#2878,#2879,#2880,#2881));
#6401=EDGE_LOOP('',(#2882,#2883,#2884,#2885));
#6402=EDGE_LOOP('',(#2886,#2887,#2888,#2889));
#6403=EDGE_LOOP('',(#2890,#2891,#2892,#2893));
#6404=EDGE_LOOP('',(#2894,#2895,#2896,#2897));
#6405=EDGE_LOOP('',(#2898,#2899,#2900,#2901));
#6406=EDGE_LOOP('',(#2902,#2903,#2904,#2905));
#6407=EDGE_LOOP('',(#2906,#2907,#2908,#2909));
#6408=EDGE_LOOP('',(#2910,#2911,#2912,#2913));
#6409=EDGE_LOOP('',(#2914,#2915,#2916,#2917));
#6410=EDGE_LOOP('',(#2918,#2919,#2920,#2921));
#6411=EDGE_LOOP('',(#2922,#2923,#2924,#2925));
#6412=EDGE_LOOP('',(#2926,#2927,#2928,#2929));
#6413=EDGE_LOOP('',(#2930,#2931,#2932,#2933));
#6414=EDGE_LOOP('',(#2934,#2935,#2936,#2937));
#6415=EDGE_LOOP('',(#2938,#2939,#2940,#2941));
#6416=EDGE_LOOP('',(#2942,#2943,#2944,#2945));
#6417=EDGE_LOOP('',(#2946,#2947,#2948,#2949));
#6418=EDGE_LOOP('',(#2950,#2951,#2952,#2953));
#6419=EDGE_LOOP('',(#2954,#2955,#2956,#2957));
#6420=EDGE_LOOP('',(#2958,#2959,#2960,#2961));
#6421=EDGE_LOOP('',(#2962,#2963,#2964,#2965));
#6422=EDGE_LOOP('',(#2966,#2967,#2968,#2969));
#6423=EDGE_LOOP('',(#2970,#2971,#2972,#2973));
#6424=EDGE_LOOP('',(#2974,#2975,#2976,#2977));
#6425=EDGE_LOOP('',(#2978,#2979,#2980,#2981));
#6426=EDGE_LOOP('',(#2982,#2983,#2984,#2985));
#6427=EDGE_LOOP('',(#2986,#2987,#2988,#2989));
#6428=EDGE_LOOP('',(#2990,#2991,#2992,#2993));
#6429=EDGE_LOOP('',(#2994,#2995,#2996,#2997));
#6430=EDGE_LOOP('',(#2998,#2999,#3000,#3001));
#6431=EDGE_LOOP('',(#3002,#3003,#3004,#3005,#3006,#3007,#3008,#3009,#3010,
#3011,#3012,#3013,#3014,#3015,#3016,#3017,#3018,#3019,#3020,#3021,#3022,
#3023,#3024,#3025,#3026,#3027,#3028,#3029,#3030,#3031,#3032,#3033,#3034,
#3035,#3036,#3037,#3038,#3039,#3040,#3041,#3042,#3043,#3044,#3045,#3046,
#3047));
#6432=EDGE_LOOP('',(#3048,#3049,#3050,#3051));
#6433=EDGE_LOOP('',(#3052,#3053,#3054,#3055));
#6434=EDGE_LOOP('',(#3056,#3057,#3058,#3059));
#6435=EDGE_LOOP('',(#3060,#3061,#3062,#3063));
#6436=EDGE_LOOP('',(#3064,#3065,#3066,#3067));
#6437=EDGE_LOOP('',(#3068,#3069,#3070,#3071));
#6438=EDGE_LOOP('',(#3072,#3073,#3074,#3075));
#6439=EDGE_LOOP('',(#3076,#3077,#3078,#3079));
#6440=EDGE_LOOP('',(#3080,#3081,#3082,#3083));
#6441=EDGE_LOOP('',(#3084,#3085,#3086,#3087));
#6442=EDGE_LOOP('',(#3088,#3089,#3090,#3091));
#6443=EDGE_LOOP('',(#3092,#3093,#3094,#3095));
#6444=EDGE_LOOP('',(#3096,#3097,#3098,#3099));
#6445=EDGE_LOOP('',(#3100,#3101,#3102,#3103));
#6446=EDGE_LOOP('',(#3104,#3105,#3106,#3107));
#6447=EDGE_LOOP('',(#3108,#3109,#3110,#3111));
#6448=EDGE_LOOP('',(#3112,#3113,#3114,#3115));
#6449=EDGE_LOOP('',(#3116,#3117,#3118,#3119));
#6450=EDGE_LOOP('',(#3120,#3121,#3122,#3123));
#6451=EDGE_LOOP('',(#3124,#3125,#3126,#3127));
#6452=EDGE_LOOP('',(#3128,#3129,#3130,#3131));
#6453=EDGE_LOOP('',(#3132,#3133,#3134,#3135));
#6454=EDGE_LOOP('',(#3136,#3137,#3138,#3139));
#6455=EDGE_LOOP('',(#3140,#3141,#3142,#3143));
#6456=EDGE_LOOP('',(#3144,#3145,#3146,#3147));
#6457=EDGE_LOOP('',(#3148,#3149,#3150,#3151));
#6458=EDGE_LOOP('',(#3152,#3153,#3154,#3155));
#6459=EDGE_LOOP('',(#3156,#3157,#3158,#3159));
#6460=EDGE_LOOP('',(#3160,#3161,#3162,#3163));
#6461=EDGE_LOOP('',(#3164,#3165,#3166,#3167));
#6462=EDGE_LOOP('',(#3168,#3169,#3170,#3171));
#6463=EDGE_LOOP('',(#3172,#3173,#3174,#3175));
#6464=EDGE_LOOP('',(#3176,#3177,#3178,#3179));
#6465=EDGE_LOOP('',(#3180,#3181,#3182,#3183));
#6466=EDGE_LOOP('',(#3184,#3185,#3186,#3187));
#6467=EDGE_LOOP('',(#3188,#3189,#3190,#3191));
#6468=EDGE_LOOP('',(#3192,#3193,#3194,#3195));
#6469=EDGE_LOOP('',(#3196,#3197,#3198,#3199));
#6470=EDGE_LOOP('',(#3200,#3201,#3202,#3203));
#6471=EDGE_LOOP('',(#3204,#3205,#3206,#3207));
#6472=EDGE_LOOP('',(#3208,#3209,#3210,#3211));
#6473=EDGE_LOOP('',(#3212,#3213,#3214,#3215));
#6474=EDGE_LOOP('',(#3216,#3217,#3218,#3219));
#6475=EDGE_LOOP('',(#3220,#3221,#3222,#3223));
#6476=EDGE_LOOP('',(#3224,#3225,#3226,#3227));
#6477=EDGE_LOOP('',(#3228,#3229,#3230,#3231));
#6478=EDGE_LOOP('',(#3232,#3233,#3234,#3235,#3236,#3237,#3238,#3239,#3240,
#3241,#3242,#3243,#3244,#3245,#3246,#3247,#3248,#3249,#3250,#3251,#3252,
#3253,#3254,#3255,#3256,#3257,#3258,#3259,#3260,#3261,#3262,#3263,#3264,
#3265,#3266,#3267,#3268,#3269,#3270,#3271,#3272,#3273,#3274,#3275,#3276,
#3277));
#6479=EDGE_LOOP('',(#3278,#3279,#3280,#3281));
#6480=EDGE_LOOP('',(#3282,#3283,#3284,#3285));
#6481=EDGE_LOOP('',(#3286,#3287,#3288,#3289));
#6482=EDGE_LOOP('',(#3290,#3291,#3292,#3293));
#6483=EDGE_LOOP('',(#3294,#3295,#3296,#3297));
#6484=EDGE_LOOP('',(#3298,#3299,#3300,#3301));
#6485=EDGE_LOOP('',(#3302,#3303,#3304,#3305));
#6486=EDGE_LOOP('',(#3306,#3307,#3308,#3309));
#6487=EDGE_LOOP('',(#3310,#3311,#3312,#3313));
#6488=EDGE_LOOP('',(#3314,#3315,#3316,#3317));
#6489=EDGE_LOOP('',(#3318,#3319,#3320,#3321));
#6490=EDGE_LOOP('',(#3322,#3323,#3324,#3325));
#6491=EDGE_LOOP('',(#3326,#3327,#3328,#3329));
#6492=EDGE_LOOP('',(#3330,#3331,#3332,#3333));
#6493=EDGE_LOOP('',(#3334,#3335,#3336,#3337));
#6494=EDGE_LOOP('',(#3338,#3339,#3340,#3341));
#6495=EDGE_LOOP('',(#3342,#3343,#3344,#3345));
#6496=EDGE_LOOP('',(#3346,#3347,#3348,#3349));
#6497=EDGE_LOOP('',(#3350,#3351,#3352,#3353));
#6498=EDGE_LOOP('',(#3354,#3355,#3356,#3357));
#6499=EDGE_LOOP('',(#3358,#3359,#3360,#3361));
#6500=EDGE_LOOP('',(#3362,#3363,#3364,#3365));
#6501=EDGE_LOOP('',(#3366,#3367,#3368,#3369));
#6502=EDGE_LOOP('',(#3370,#3371,#3372,#3373));
#6503=EDGE_LOOP('',(#3374,#3375,#3376,#3377));
#6504=EDGE_LOOP('',(#3378,#3379,#3380,#3381));
#6505=EDGE_LOOP('',(#3382,#3383,#3384,#3385));
#6506=EDGE_LOOP('',(#3386,#3387,#3388,#3389));
#6507=EDGE_LOOP('',(#3390,#3391,#3392,#3393));
#6508=EDGE_LOOP('',(#3394,#3395,#3396,#3397));
#6509=EDGE_LOOP('',(#3398,#3399,#3400,#3401));
#6510=EDGE_LOOP('',(#3402,#3403,#3404,#3405));
#6511=EDGE_LOOP('',(#3406,#3407,#3408,#3409));
#6512=EDGE_LOOP('',(#3410,#3411,#3412,#3413));
#6513=EDGE_LOOP('',(#3414,#3415,#3416,#3417));
#6514=EDGE_LOOP('',(#3418,#3419,#3420,#3421));
#6515=EDGE_LOOP('',(#3422,#3423,#3424,#3425));
#6516=EDGE_LOOP('',(#3426,#3427,#3428,#3429));
#6517=EDGE_LOOP('',(#3430,#3431,#3432,#3433));
#6518=EDGE_LOOP('',(#3434,#3435,#3436,#3437));
#6519=EDGE_LOOP('',(#3438,#3439,#3440,#3441));
#6520=EDGE_LOOP('',(#3442,#3443,#3444,#3445));
#6521=EDGE_LOOP('',(#3446,#3447,#3448,#3449));
#6522=EDGE_LOOP('',(#3450,#3451,#3452,#3453));
#6523=EDGE_LOOP('',(#3454,#3455,#3456,#3457));
#6524=EDGE_LOOP('',(#3458,#3459,#3460,#3461,#3462,#3463,#3464,#3465,#3466,
#3467,#3468,#3469,#3470,#3471,#3472,#3473,#3474,#3475,#3476,#3477,#3478,
#3479,#3480,#3481,#3482,#3483,#3484,#3485,#3486));
#6525=EDGE_LOOP('',(#3487,#3488,#3489,#3490,#3491,#3492,#3493,#3494,#3495,
#3496,#3497));
#6526=EDGE_LOOP('',(#3498,#3499,#3500,#3501));
#6527=EDGE_LOOP('',(#3502,#3503,#3504,#3505));
#6528=EDGE_LOOP('',(#3506,#3507,#3508,#3509));
#6529=EDGE_LOOP('',(#3510,#3511,#3512,#3513));
#6530=EDGE_LOOP('',(#3514,#3515,#3516,#3517));
#6531=EDGE_LOOP('',(#3518,#3519,#3520,#3521));
#6532=EDGE_LOOP('',(#3522,#3523,#3524,#3525));
#6533=EDGE_LOOP('',(#3526,#3527,#3528,#3529));
#6534=EDGE_LOOP('',(#3530,#3531,#3532,#3533));
#6535=EDGE_LOOP('',(#3534,#3535,#3536,#3537));
#6536=EDGE_LOOP('',(#3538,#3539,#3540,#3541));
#6537=EDGE_LOOP('',(#3542,#3543,#3544,#3545));
#6538=EDGE_LOOP('',(#3546,#3547,#3548,#3549,#3550,#3551,#3552,#3553,#3554,
#3555,#3556,#3557));
#6539=EDGE_LOOP('',(#3558,#3559,#3560,#3561,#3562,#3563,#3564,#3565,#3566,
#3567,#3568));
#6540=EDGE_LOOP('',(#3569,#3570,#3571,#3572,#3573,#3574,#3575,#3576,#3577,
#3578,#3579,#3580,#3581,#3582,#3583,#3584));
#6541=EDGE_LOOP('',(#3585,#3586,#3587,#3588,#3589,#3590,#3591,#3592,#3593,
#3594,#3595,#3596,#3597,#3598,#3599,#3600,#3601,#3602,#3603,#3604,#3605,
#3606,#3607,#3608));
#6542=EDGE_LOOP('',(#3609,#3610,#3611,#3612,#3613,#3614,#3615,#3616,#3617,
#3618,#3619));
#6543=FACE_BOUND('',#6120,.T.);
#6544=FACE_BOUND('',#6121,.T.);
#6545=FACE_BOUND('',#6122,.T.);
#6546=FACE_BOUND('',#6123,.T.);
#6547=FACE_BOUND('',#6124,.T.);
#6548=FACE_BOUND('',#6125,.T.);
#6549=FACE_BOUND('',#6126,.T.);
#6550=FACE_BOUND('',#6127,.T.);
#6551=FACE_BOUND('',#6128,.T.);
#6552=FACE_BOUND('',#6129,.T.);
#6553=FACE_BOUND('',#6130,.T.);
#6554=FACE_BOUND('',#6131,.T.);
#6555=FACE_BOUND('',#6132,.T.);
#6556=FACE_BOUND('',#6133,.T.);
#6557=FACE_BOUND('',#6134,.T.);
#6558=FACE_BOUND('',#6135,.T.);
#6559=FACE_BOUND('',#6136,.T.);
#6560=FACE_BOUND('',#6137,.T.);
#6561=FACE_BOUND('',#6138,.T.);
#6562=FACE_BOUND('',#6139,.T.);
#6563=FACE_BOUND('',#6140,.T.);
#6564=FACE_BOUND('',#6141,.T.);
#6565=FACE_BOUND('',#6142,.T.);
#6566=FACE_BOUND('',#6143,.T.);
#6567=FACE_BOUND('',#6144,.T.);
#6568=FACE_BOUND('',#6145,.T.);
#6569=FACE_BOUND('',#6146,.T.);
#6570=FACE_BOUND('',#6147,.T.);
#6571=FACE_BOUND('',#6148,.T.);
#6572=FACE_BOUND('',#6149,.T.);
#6573=FACE_BOUND('',#6150,.T.);
#6574=FACE_BOUND('',#6151,.T.);
#6575=FACE_BOUND('',#6152,.T.);
#6576=FACE_BOUND('',#6153,.T.);
#6577=FACE_BOUND('',#6154,.T.);
#6578=FACE_BOUND('',#6155,.T.);
#6579=FACE_BOUND('',#6156,.T.);
#6580=FACE_BOUND('',#6157,.T.);
#6581=FACE_BOUND('',#6158,.T.);
#6582=FACE_BOUND('',#6159,.T.);
#6583=FACE_BOUND('',#6160,.T.);
#6584=FACE_BOUND('',#6161,.T.);
#6585=FACE_BOUND('',#6162,.T.);
#6586=FACE_BOUND('',#6163,.T.);
#6587=FACE_BOUND('',#6164,.T.);
#6588=FACE_BOUND('',#6165,.T.);
#6589=FACE_BOUND('',#6166,.T.);
#6590=FACE_BOUND('',#6167,.T.);
#6591=FACE_BOUND('',#6168,.T.);
#6592=FACE_BOUND('',#6169,.T.);
#6593=FACE_BOUND('',#6170,.T.);
#6594=FACE_BOUND('',#6171,.T.);
#6595=FACE_BOUND('',#6172,.T.);
#6596=FACE_BOUND('',#6173,.T.);
#6597=FACE_BOUND('',#6174,.T.);
#6598=FACE_BOUND('',#6175,.T.);
#6599=FACE_BOUND('',#6176,.T.);
#6600=FACE_BOUND('',#6177,.T.);
#6601=FACE_BOUND('',#6178,.T.);
#6602=FACE_BOUND('',#6179,.T.);
#6603=FACE_BOUND('',#6180,.T.);
#6604=FACE_BOUND('',#6181,.T.);
#6605=FACE_BOUND('',#6182,.T.);
#6606=FACE_BOUND('',#6183,.T.);
#6607=FACE_BOUND('',#6184,.T.);
#6608=FACE_BOUND('',#6185,.T.);
#6609=FACE_BOUND('',#6186,.T.);
#6610=FACE_BOUND('',#6187,.T.);
#6611=FACE_BOUND('',#6188,.T.);
#6612=FACE_BOUND('',#6189,.T.);
#6613=FACE_BOUND('',#6190,.T.);
#6614=FACE_BOUND('',#6191,.T.);
#6615=FACE_BOUND('',#6192,.T.);
#6616=FACE_BOUND('',#6193,.T.);
#6617=FACE_BOUND('',#6194,.T.);
#6618=FACE_BOUND('',#6195,.T.);
#6619=FACE_BOUND('',#6196,.T.);
#6620=FACE_BOUND('',#6197,.T.);
#6621=FACE_BOUND('',#6198,.T.);
#6622=FACE_BOUND('',#6199,.T.);
#6623=FACE_BOUND('',#6200,.T.);
#6624=FACE_BOUND('',#6201,.T.);
#6625=FACE_BOUND('',#6202,.T.);
#6626=FACE_BOUND('',#6203,.T.);
#6627=FACE_BOUND('',#6204,.T.);
#6628=FACE_BOUND('',#6205,.T.);
#6629=FACE_BOUND('',#6206,.T.);
#6630=FACE_BOUND('',#6207,.T.);
#6631=FACE_BOUND('',#6208,.T.);
#6632=FACE_BOUND('',#6209,.T.);
#6633=FACE_BOUND('',#6210,.T.);
#6634=FACE_BOUND('',#6211,.T.);
#6635=FACE_BOUND('',#6212,.T.);
#6636=FACE_BOUND('',#6213,.T.);
#6637=FACE_BOUND('',#6214,.T.);
#6638=FACE_BOUND('',#6215,.T.);
#6639=FACE_BOUND('',#6216,.T.);
#6640=FACE_BOUND('',#6217,.T.);
#6641=FACE_BOUND('',#6218,.T.);
#6642=FACE_BOUND('',#6219,.T.);
#6643=FACE_BOUND('',#6220,.T.);
#6644=FACE_BOUND('',#6221,.T.);
#6645=FACE_BOUND('',#6222,.T.);
#6646=FACE_BOUND('',#6223,.T.);
#6647=FACE_BOUND('',#6224,.T.);
#6648=FACE_BOUND('',#6225,.T.);
#6649=FACE_BOUND('',#6226,.T.);
#6650=FACE_BOUND('',#6227,.T.);
#6651=FACE_BOUND('',#6228,.T.);
#6652=FACE_BOUND('',#6229,.T.);
#6653=FACE_BOUND('',#6230,.T.);
#6654=FACE_BOUND('',#6231,.T.);
#6655=FACE_BOUND('',#6232,.T.);
#6656=FACE_BOUND('',#6233,.T.);
#6657=FACE_BOUND('',#6234,.T.);
#6658=FACE_BOUND('',#6235,.T.);
#6659=FACE_BOUND('',#6236,.T.);
#6660=FACE_BOUND('',#6237,.T.);
#6661=FACE_BOUND('',#6238,.T.);
#6662=FACE_BOUND('',#6239,.T.);
#6663=FACE_BOUND('',#6240,.T.);
#6664=FACE_BOUND('',#6241,.T.);
#6665=FACE_BOUND('',#6242,.T.);
#6666=FACE_BOUND('',#6243,.T.);
#6667=FACE_BOUND('',#6244,.T.);
#6668=FACE_BOUND('',#6245,.T.);
#6669=FACE_BOUND('',#6246,.T.);
#6670=FACE_BOUND('',#6247,.T.);
#6671=FACE_BOUND('',#6248,.T.);
#6672=FACE_BOUND('',#6249,.T.);
#6673=FACE_BOUND('',#6250,.T.);
#6674=FACE_BOUND('',#6251,.T.);
#6675=FACE_BOUND('',#6252,.T.);
#6676=FACE_BOUND('',#6253,.T.);
#6677=FACE_BOUND('',#6254,.T.);
#6678=FACE_BOUND('',#6255,.T.);
#6679=FACE_BOUND('',#6256,.T.);
#6680=FACE_BOUND('',#6257,.T.);
#6681=FACE_BOUND('',#6258,.T.);
#6682=FACE_BOUND('',#6259,.T.);
#6683=FACE_BOUND('',#6260,.T.);
#6684=FACE_BOUND('',#6261,.T.);
#6685=FACE_BOUND('',#6262,.T.);
#6686=FACE_BOUND('',#6263,.T.);
#6687=FACE_BOUND('',#6264,.T.);
#6688=FACE_BOUND('',#6265,.T.);
#6689=FACE_BOUND('',#6266,.T.);
#6690=FACE_BOUND('',#6267,.T.);
#6691=FACE_BOUND('',#6268,.T.);
#6692=FACE_BOUND('',#6269,.T.);
#6693=FACE_BOUND('',#6270,.T.);
#6694=FACE_BOUND('',#6271,.T.);
#6695=FACE_BOUND('',#6272,.T.);
#6696=FACE_BOUND('',#6273,.T.);
#6697=FACE_BOUND('',#6274,.T.);
#6698=FACE_BOUND('',#6275,.T.);
#6699=FACE_BOUND('',#6276,.T.);
#6700=FACE_BOUND('',#6277,.T.);
#6701=FACE_BOUND('',#6278,.T.);
#6702=FACE_BOUND('',#6279,.T.);
#6703=FACE_BOUND('',#6280,.T.);
#6704=FACE_BOUND('',#6281,.T.);
#6705=FACE_BOUND('',#6282,.T.);
#6706=FACE_BOUND('',#6283,.T.);
#6707=FACE_BOUND('',#6284,.T.);
#6708=FACE_BOUND('',#6285,.T.);
#6709=FACE_BOUND('',#6286,.T.);
#6710=FACE_BOUND('',#6287,.T.);
#6711=FACE_BOUND('',#6288,.T.);
#6712=FACE_BOUND('',#6289,.T.);
#6713=FACE_BOUND('',#6290,.T.);
#6714=FACE_BOUND('',#6291,.T.);
#6715=FACE_BOUND('',#6292,.T.);
#6716=FACE_BOUND('',#6293,.T.);
#6717=FACE_BOUND('',#6294,.T.);
#6718=FACE_BOUND('',#6295,.T.);
#6719=FACE_BOUND('',#6296,.T.);
#6720=FACE_BOUND('',#6297,.T.);
#6721=FACE_BOUND('',#6298,.T.);
#6722=FACE_BOUND('',#6299,.T.);
#6723=FACE_BOUND('',#6300,.T.);
#6724=FACE_BOUND('',#6301,.T.);
#6725=FACE_BOUND('',#6302,.T.);
#6726=FACE_BOUND('',#6303,.T.);
#6727=FACE_BOUND('',#6304,.T.);
#6728=FACE_BOUND('',#6305,.T.);
#6729=FACE_BOUND('',#6306,.T.);
#6730=FACE_BOUND('',#6307,.T.);
#6731=FACE_BOUND('',#6308,.T.);
#6732=FACE_BOUND('',#6309,.T.);
#6733=FACE_BOUND('',#6310,.T.);
#6734=FACE_BOUND('',#6311,.T.);
#6735=FACE_BOUND('',#6312,.T.);
#6736=FACE_BOUND('',#6313,.T.);
#6737=FACE_BOUND('',#6314,.T.);
#6738=FACE_BOUND('',#6315,.T.);
#6739=FACE_BOUND('',#6316,.T.);
#6740=FACE_BOUND('',#6317,.T.);
#6741=FACE_BOUND('',#6318,.T.);
#6742=FACE_BOUND('',#6319,.T.);
#6743=FACE_BOUND('',#6320,.T.);
#6744=FACE_BOUND('',#6321,.T.);
#6745=FACE_BOUND('',#6322,.T.);
#6746=FACE_BOUND('',#6323,.T.);
#6747=FACE_BOUND('',#6324,.T.);
#6748=FACE_BOUND('',#6325,.T.);
#6749=FACE_BOUND('',#6326,.T.);
#6750=FACE_BOUND('',#6327,.T.);
#6751=FACE_BOUND('',#6328,.T.);
#6752=FACE_BOUND('',#6329,.T.);
#6753=FACE_BOUND('',#6330,.T.);
#6754=FACE_BOUND('',#6331,.T.);
#6755=FACE_BOUND('',#6332,.T.);
#6756=FACE_BOUND('',#6333,.T.);
#6757=FACE_BOUND('',#6334,.T.);
#6758=FACE_BOUND('',#6335,.T.);
#6759=FACE_BOUND('',#6336,.T.);
#6760=FACE_BOUND('',#6337,.T.);
#6761=FACE_BOUND('',#6338,.T.);
#6762=FACE_BOUND('',#6339,.T.);
#6763=FACE_BOUND('',#6340,.T.);
#6764=FACE_BOUND('',#6341,.T.);
#6765=FACE_BOUND('',#6342,.T.);
#6766=FACE_BOUND('',#6343,.T.);
#6767=FACE_BOUND('',#6344,.T.);
#6768=FACE_BOUND('',#6345,.T.);
#6769=FACE_BOUND('',#6346,.T.);
#6770=FACE_BOUND('',#6347,.T.);
#6771=FACE_BOUND('',#6348,.T.);
#6772=FACE_BOUND('',#6349,.T.);
#6773=FACE_BOUND('',#6350,.T.);
#6774=FACE_BOUND('',#6351,.T.);
#6775=FACE_BOUND('',#6352,.T.);
#6776=FACE_BOUND('',#6353,.T.);
#6777=FACE_BOUND('',#6354,.T.);
#6778=FACE_BOUND('',#6355,.T.);
#6779=FACE_BOUND('',#6356,.T.);
#6780=FACE_BOUND('',#6357,.T.);
#6781=FACE_BOUND('',#6358,.T.);
#6782=FACE_BOUND('',#6359,.T.);
#6783=FACE_BOUND('',#6360,.T.);
#6784=FACE_BOUND('',#6361,.T.);
#6785=FACE_BOUND('',#6362,.T.);
#6786=FACE_BOUND('',#6363,.T.);
#6787=FACE_BOUND('',#6364,.T.);
#6788=FACE_BOUND('',#6365,.T.);
#6789=FACE_BOUND('',#6366,.T.);
#6790=FACE_BOUND('',#6367,.T.);
#6791=FACE_BOUND('',#6368,.T.);
#6792=FACE_BOUND('',#6369,.T.);
#6793=FACE_BOUND('',#6370,.T.);
#6794=FACE_BOUND('',#6371,.T.);
#6795=FACE_BOUND('',#6372,.T.);
#6796=FACE_BOUND('',#6373,.T.);
#6797=FACE_BOUND('',#6374,.T.);
#6798=FACE_BOUND('',#6375,.T.);
#6799=FACE_BOUND('',#6376,.T.);
#6800=FACE_BOUND('',#6377,.T.);
#6801=FACE_BOUND('',#6378,.T.);
#6802=FACE_BOUND('',#6379,.T.);
#6803=FACE_BOUND('',#6380,.T.);
#6804=FACE_BOUND('',#6381,.T.);
#6805=FACE_BOUND('',#6382,.T.);
#6806=FACE_BOUND('',#6383,.T.);
#6807=FACE_BOUND('',#6384,.T.);
#6808=FACE_BOUND('',#6385,.T.);
#6809=FACE_BOUND('',#6386,.T.);
#6810=FACE_BOUND('',#6387,.T.);
#6811=FACE_BOUND('',#6388,.T.);
#6812=FACE_BOUND('',#6389,.T.);
#6813=FACE_BOUND('',#6390,.T.);
#6814=FACE_BOUND('',#6391,.T.);
#6815=FACE_BOUND('',#6392,.T.);
#6816=FACE_BOUND('',#6393,.T.);
#6817=FACE_BOUND('',#6394,.T.);
#6818=FACE_BOUND('',#6395,.T.);
#6819=FACE_BOUND('',#6396,.T.);
#6820=FACE_BOUND('',#6397,.T.);
#6821=FACE_BOUND('',#6398,.T.);
#6822=FACE_BOUND('',#6399,.T.);
#6823=FACE_BOUND('',#6400,.T.);
#6824=FACE_BOUND('',#6401,.T.);
#6825=FACE_BOUND('',#6402,.T.);
#6826=FACE_BOUND('',#6403,.T.);
#6827=FACE_BOUND('',#6404,.T.);
#6828=FACE_BOUND('',#6405,.T.);
#6829=FACE_BOUND('',#6406,.T.);
#6830=FACE_BOUND('',#6407,.T.);
#6831=FACE_BOUND('',#6408,.T.);
#6832=FACE_BOUND('',#6409,.T.);
#6833=FACE_BOUND('',#6410,.T.);
#6834=FACE_BOUND('',#6411,.T.);
#6835=FACE_BOUND('',#6412,.T.);
#6836=FACE_BOUND('',#6413,.T.);
#6837=FACE_BOUND('',#6414,.T.);
#6838=FACE_BOUND('',#6415,.T.);
#6839=FACE_BOUND('',#6416,.T.);
#6840=FACE_BOUND('',#6417,.T.);
#6841=FACE_BOUND('',#6418,.T.);
#6842=FACE_BOUND('',#6419,.T.);
#6843=FACE_BOUND('',#6420,.T.);
#6844=FACE_BOUND('',#6421,.T.);
#6845=FACE_BOUND('',#6422,.T.);
#6846=FACE_BOUND('',#6423,.T.);
#6847=FACE_BOUND('',#6424,.T.);
#6848=FACE_BOUND('',#6425,.T.);
#6849=FACE_BOUND('',#6426,.T.);
#6850=FACE_BOUND('',#6427,.T.);
#6851=FACE_BOUND('',#6428,.T.);
#6852=FACE_BOUND('',#6429,.T.);
#6853=FACE_BOUND('',#6430,.T.);
#6854=FACE_BOUND('',#6431,.T.);
#6855=FACE_BOUND('',#6432,.T.);
#6856=FACE_BOUND('',#6433,.T.);
#6857=FACE_BOUND('',#6434,.T.);
#6858=FACE_BOUND('',#6435,.T.);
#6859=FACE_BOUND('',#6436,.T.);
#6860=FACE_BOUND('',#6437,.T.);
#6861=FACE_BOUND('',#6438,.T.);
#6862=FACE_BOUND('',#6439,.T.);
#6863=FACE_BOUND('',#6440,.T.);
#6864=FACE_BOUND('',#6441,.T.);
#6865=FACE_BOUND('',#6442,.T.);
#6866=FACE_BOUND('',#6443,.T.);
#6867=FACE_BOUND('',#6444,.T.);
#6868=FACE_BOUND('',#6445,.T.);
#6869=FACE_BOUND('',#6446,.T.);
#6870=FACE_BOUND('',#6447,.T.);
#6871=FACE_BOUND('',#6448,.T.);
#6872=FACE_BOUND('',#6449,.T.);
#6873=FACE_BOUND('',#6450,.T.);
#6874=FACE_BOUND('',#6451,.T.);
#6875=FACE_BOUND('',#6452,.T.);
#6876=FACE_BOUND('',#6453,.T.);
#6877=FACE_BOUND('',#6454,.T.);
#6878=FACE_BOUND('',#6455,.T.);
#6879=FACE_BOUND('',#6456,.T.);
#6880=FACE_BOUND('',#6457,.T.);
#6881=FACE_BOUND('',#6458,.T.);
#6882=FACE_BOUND('',#6459,.T.);
#6883=FACE_BOUND('',#6460,.T.);
#6884=FACE_BOUND('',#6461,.T.);
#6885=FACE_BOUND('',#6462,.T.);
#6886=FACE_BOUND('',#6463,.T.);
#6887=FACE_BOUND('',#6464,.T.);
#6888=FACE_BOUND('',#6465,.T.);
#6889=FACE_BOUND('',#6466,.T.);
#6890=FACE_BOUND('',#6467,.T.);
#6891=FACE_BOUND('',#6468,.T.);
#6892=FACE_BOUND('',#6469,.T.);
#6893=FACE_BOUND('',#6470,.T.);
#6894=FACE_BOUND('',#6471,.T.);
#6895=FACE_BOUND('',#6472,.T.);
#6896=FACE_BOUND('',#6473,.T.);
#6897=FACE_BOUND('',#6474,.T.);
#6898=FACE_BOUND('',#6475,.T.);
#6899=FACE_BOUND('',#6476,.T.);
#6900=FACE_BOUND('',#6477,.T.);
#6901=FACE_BOUND('',#6478,.T.);
#6902=FACE_BOUND('',#6479,.T.);
#6903=FACE_BOUND('',#6480,.T.);
#6904=FACE_BOUND('',#6481,.T.);
#6905=FACE_BOUND('',#6482,.T.);
#6906=FACE_BOUND('',#6483,.T.);
#6907=FACE_BOUND('',#6484,.T.);
#6908=FACE_BOUND('',#6485,.T.);
#6909=FACE_BOUND('',#6486,.T.);
#6910=FACE_BOUND('',#6487,.T.);
#6911=FACE_BOUND('',#6488,.T.);
#6912=FACE_BOUND('',#6489,.T.);
#6913=FACE_BOUND('',#6490,.T.);
#6914=FACE_BOUND('',#6491,.T.);
#6915=FACE_BOUND('',#6492,.T.);
#6916=FACE_BOUND('',#6493,.T.);
#6917=FACE_BOUND('',#6494,.T.);
#6918=FACE_BOUND('',#6495,.T.);
#6919=FACE_BOUND('',#6496,.T.);
#6920=FACE_BOUND('',#6497,.T.);
#6921=FACE_BOUND('',#6498,.T.);
#6922=FACE_BOUND('',#6499,.T.);
#6923=FACE_BOUND('',#6500,.T.);
#6924=FACE_BOUND('',#6501,.T.);
#6925=FACE_BOUND('',#6502,.T.);
#6926=FACE_BOUND('',#6503,.T.);
#6927=FACE_BOUND('',#6504,.T.);
#6928=FACE_BOUND('',#6505,.T.);
#6929=FACE_BOUND('',#6506,.T.);
#6930=FACE_BOUND('',#6507,.T.);
#6931=FACE_BOUND('',#6508,.T.);
#6932=FACE_BOUND('',#6509,.T.);
#6933=FACE_BOUND('',#6510,.T.);
#6934=FACE_BOUND('',#6511,.T.);
#6935=FACE_BOUND('',#6512,.T.);
#6936=FACE_BOUND('',#6513,.T.);
#6937=FACE_BOUND('',#6514,.T.);
#6938=FACE_BOUND('',#6515,.T.);
#6939=FACE_BOUND('',#6516,.T.);
#6940=FACE_BOUND('',#6517,.T.);
#6941=FACE_BOUND('',#6518,.T.);
#6942=FACE_BOUND('',#6519,.T.);
#6943=FACE_BOUND('',#6520,.T.);
#6944=FACE_BOUND('',#6521,.T.);
#6945=FACE_BOUND('',#6522,.T.);
#6946=FACE_BOUND('',#6523,.T.);
#6947=FACE_BOUND('',#6524,.T.);
#6948=FACE_BOUND('',#6525,.T.);
#6949=FACE_BOUND('',#6526,.T.);
#6950=FACE_BOUND('',#6527,.T.);
#6951=FACE_BOUND('',#6528,.T.);
#6952=FACE_BOUND('',#6529,.T.);
#6953=FACE_BOUND('',#6530,.T.);
#6954=FACE_BOUND('',#6531,.T.);
#6955=FACE_BOUND('',#6532,.T.);
#6956=FACE_BOUND('',#6533,.T.);
#6957=FACE_BOUND('',#6534,.T.);
#6958=FACE_BOUND('',#6535,.T.);
#6959=FACE_BOUND('',#6536,.T.);
#6960=FACE_BOUND('',#6537,.T.);
#6961=FACE_BOUND('',#6538,.T.);
#6962=FACE_BOUND('',#6539,.T.);
#6963=FACE_BOUND('',#6540,.T.);
#6964=FACE_BOUND('',#6541,.T.);
#6965=FACE_BOUND('',#6542,.T.);
#6966=PLANE('',#7473);
#6967=PLANE('',#7711);
#6968=PLANE('',#7712);
#6969=PLANE('',#7722);
#6970=PLANE('',#7723);
#6971=PLANE('',#7724);
#6972=PLANE('',#7730);
#6973=PLANE('',#7733);
#6974=PLANE('',#7736);
#6975=PLANE('',#7737);
#6976=PLANE('',#7740);
#6977=PLANE('',#7743);
#6978=PLANE('',#7744);
#6979=PLANE('',#7747);
#6980=PLANE('',#7752);
#6981=PLANE('',#7753);
#6982=PLANE('',#7754);
#6983=PLANE('',#7755);
#6984=PLANE('',#7756);
#6985=PLANE('',#7757);
#6986=PLANE('',#7758);
#6987=PLANE('',#7759);
#6988=PLANE('',#7760);
#6989=PLANE('',#7761);
#6990=PLANE('',#7792);
#6991=PLANE('',#7825);
#6992=PLANE('',#7834);
#6993=PLANE('',#7841);
#6994=PLANE('',#7850);
#6995=PLANE('',#7877);
#6996=PLANE('',#7878);
#6997=PLANE('',#7891);
#6998=PLANE('',#7914);
#6999=PLANE('',#7931);
#7000=PLANE('',#7932);
#7001=PLANE('',#7962);
#7002=PLANE('',#8010);
#7003=PLANE('',#8011);
#7004=PLANE('',#8012);
#7005=PLANE('',#8029);
#7006=PLANE('',#8058);
#7007=PLANE('',#8086);
#7008=PLANE('',#8182);
#7009=PLANE('',#8183);
#7010=PLANE('',#8184);
#7011=PLANE('',#8185);
#7012=PLANE('',#8186);
#7013=PLANE('',#8187);
#7014=PLANE('',#8195);
#7015=PLANE('',#8196);
#7016=PLANE('',#8197);
#7017=PLANE('',#8198);
#7018=PLANE('',#8199);
#7019=PLANE('',#8200);
#7020=PLANE('',#8223);
#7021=PLANE('',#8224);
#7022=PLANE('',#8245);
#7023=PLANE('',#8246);
#7024=PLANE('',#8267);
#7025=PLANE('',#8268);
#7026=PLANE('',#8287);
#7027=PLANE('',#8310);
#7028=PLANE('',#8311);
#7029=PLANE('',#8332);
#7030=PLANE('',#8333);
#7031=PLANE('',#8354);
#7032=PLANE('',#8355);
#7033=PLANE('',#8374);
#7034=PLANE('',#8375);
#7035=PLANE('',#8376);
#7036=PLANE('',#8377);
#7037=PLANE('',#8378);
#7038=PLANE('',#8379);
#7039=PLANE('',#8380);
#7040=PLANE('',#8393);
#7041=PLANE('',#8416);
#7042=PLANE('',#8433);
#7043=PLANE('',#8434);
#7044=PLANE('',#8464);
#7045=PLANE('',#8465);
#7046=PLANE('',#8466);
#7047=PLANE('',#8467);
#7048=PLANE('',#8468);
#7049=PLANE('',#8469);
#7050=PLANE('',#8470);
#7051=PLANE('',#8471);
#7052=PLANE('',#8472);
#7053=PLANE('',#8473);
#7054=PLANE('',#8474);
#7055=PLANE('',#8475);
#7056=PLANE('',#8476);
#7057=PLANE('',#8477);
#7058=PLANE('',#8478);
#7059=PLANE('',#8479);
#7060=PLANE('',#8480);
#7061=PLANE('',#8481);
#7062=ADVANCED_FACE('',(#6543,#6544,#6545,#6546,#6547,#6548,#6549,#6550,
#6551,#6552,#6553),#6966,.F.);
#7063=ADVANCED_FACE('',(#6554,#6555),#6967,.T.);
#7064=ADVANCED_FACE('',(#6556),#6968,.T.);
#7065=ADVANCED_FACE('',(#6557),#12,.T.);
#7066=ADVANCED_FACE('',(#6558),#6969,.T.);
#7067=ADVANCED_FACE('',(#6559),#6970,.F.);
#7068=ADVANCED_FACE('',(#6560,#6561,#6562,#6563),#6971,.T.);
#7069=ADVANCED_FACE('',(#6564),#6972,.F.);
#7070=ADVANCED_FACE('',(#6565),#13,.T.);
#7071=ADVANCED_FACE('',(#6566),#6973,.T.);
#7072=ADVANCED_FACE('',(#6567,#6568),#14,.F.);
#7073=ADVANCED_FACE('',(#6569),#6974,.F.);
#7074=ADVANCED_FACE('',(#6570,#6571),#6975,.F.);
#7075=ADVANCED_FACE('',(#6572),#15,.T.);
#7076=ADVANCED_FACE('',(#6573),#6976,.T.);
#7077=ADVANCED_FACE('',(#6574,#6575),#16,.F.);
#7078=ADVANCED_FACE('',(#6576),#6977,.F.);
#7079=ADVANCED_FACE('',(#6577,#6578),#6978,.F.);
#7080=ADVANCED_FACE('',(#6579,#6580),#17,.T.);
#7081=ADVANCED_FACE('',(#6581,#6582),#6979,.T.);
#7082=ADVANCED_FACE('',(#6583,#6584),#18,.T.);
#7083=ADVANCED_FACE('',(#6585),#6980,.T.);
#7084=ADVANCED_FACE('',(#6586),#6981,.T.);
#7085=ADVANCED_FACE('',(#6587),#6982,.F.);
#7086=ADVANCED_FACE('',(#6588),#6983,.T.);
#7087=ADVANCED_FACE('',(#6589),#6984,.T.);
#7088=ADVANCED_FACE('',(#6590),#6985,.F.);
#7089=ADVANCED_FACE('',(#6591),#6986,.T.);
#7090=ADVANCED_FACE('',(#6592),#6987,.T.);
#7091=ADVANCED_FACE('',(#6593),#6988,.F.);
#7092=ADVANCED_FACE('',(#6594),#6989,.F.);
#7093=ADVANCED_FACE('',(#6595),#19,.T.);
#7094=ADVANCED_FACE('',(#6596),#20,.T.);
#7095=ADVANCED_FACE('',(#6597),#21,.T.);
#7096=ADVANCED_FACE('',(#6598),#22,.T.);
#7097=ADVANCED_FACE('',(#6599),#23,.T.);
#7098=ADVANCED_FACE('',(#6600),#24,.T.);
#7099=ADVANCED_FACE('',(#6601),#25,.T.);
#7100=ADVANCED_FACE('',(#6602),#26,.T.);
#7101=ADVANCED_FACE('',(#6603),#27,.T.);
#7102=ADVANCED_FACE('',(#6604),#28,.T.);
#7103=ADVANCED_FACE('',(#6605),#29,.T.);
#7104=ADVANCED_FACE('',(#6606),#30,.T.);
#7105=ADVANCED_FACE('',(#6607),#31,.T.);
#7106=ADVANCED_FACE('',(#6608),#32,.T.);
#7107=ADVANCED_FACE('',(#6609),#33,.T.);
#7108=ADVANCED_FACE('',(#6610),#6990,.F.);
#7109=ADVANCED_FACE('',(#6611),#34,.F.);
#7110=ADVANCED_FACE('',(#6612),#35,.F.);
#7111=ADVANCED_FACE('',(#6613),#36,.F.);
#7112=ADVANCED_FACE('',(#6614),#37,.F.);
#7113=ADVANCED_FACE('',(#6615),#38,.F.);
#7114=ADVANCED_FACE('',(#6616),#39,.F.);
#7115=ADVANCED_FACE('',(#6617),#40,.F.);
#7116=ADVANCED_FACE('',(#6618),#41,.F.);
#7117=ADVANCED_FACE('',(#6619),#42,.F.);
#7118=ADVANCED_FACE('',(#6620),#43,.F.);
#7119=ADVANCED_FACE('',(#6621),#44,.F.);
#7120=ADVANCED_FACE('',(#6622),#45,.F.);
#7121=ADVANCED_FACE('',(#6623),#46,.F.);
#7122=ADVANCED_FACE('',(#6624),#47,.F.);
#7123=ADVANCED_FACE('',(#6625),#48,.F.);
#7124=ADVANCED_FACE('',(#6626),#49,.F.);
#7125=ADVANCED_FACE('',(#6627),#6991,.F.);
#7126=ADVANCED_FACE('',(#6628),#50,.T.);
#7127=ADVANCED_FACE('',(#6629),#51,.T.);
#7128=ADVANCED_FACE('',(#6630),#52,.T.);
#7129=ADVANCED_FACE('',(#6631),#53,.T.);
#7130=ADVANCED_FACE('',(#6632),#6992,.F.);
#7131=ADVANCED_FACE('',(#6633),#54,.T.);
#7132=ADVANCED_FACE('',(#6634),#55,.T.);
#7133=ADVANCED_FACE('',(#6635),#56,.T.);
#7134=ADVANCED_FACE('',(#6636),#6993,.F.);
#7135=ADVANCED_FACE('',(#6637),#57,.T.);
#7136=ADVANCED_FACE('',(#6638),#58,.T.);
#7137=ADVANCED_FACE('',(#6639),#59,.T.);
#7138=ADVANCED_FACE('',(#6640),#60,.T.);
#7139=ADVANCED_FACE('',(#6641),#6994,.F.);
#7140=ADVANCED_FACE('',(#6642),#61,.F.);
#7141=ADVANCED_FACE('',(#6643),#62,.F.);
#7142=ADVANCED_FACE('',(#6644),#63,.F.);
#7143=ADVANCED_FACE('',(#6645),#64,.F.);
#7144=ADVANCED_FACE('',(#6646),#65,.F.);
#7145=ADVANCED_FACE('',(#6647),#66,.F.);
#7146=ADVANCED_FACE('',(#6648),#67,.F.);
#7147=ADVANCED_FACE('',(#6649),#68,.F.);
#7148=ADVANCED_FACE('',(#6650),#69,.F.);
#7149=ADVANCED_FACE('',(#6651),#70,.F.);
#7150=ADVANCED_FACE('',(#6652),#71,.F.);
#7151=ADVANCED_FACE('',(#6653),#72,.F.);
#7152=ADVANCED_FACE('',(#6654),#73,.F.);
#7153=ADVANCED_FACE('',(#6655),#6995,.T.);
#7154=ADVANCED_FACE('',(#6656),#6996,.T.);
#7155=ADVANCED_FACE('',(#6657),#74,.T.);
#7156=ADVANCED_FACE('',(#6658),#75,.T.);
#7157=ADVANCED_FACE('',(#6659),#76,.T.);
#7158=ADVANCED_FACE('',(#6660),#77,.T.);
#7159=ADVANCED_FACE('',(#6661),#6997,.T.);
#7160=ADVANCED_FACE('',(#6662),#78,.T.);
#7161=ADVANCED_FACE('',(#6663),#79,.T.);
#7162=ADVANCED_FACE('',(#6664),#80,.T.);
#7163=ADVANCED_FACE('',(#6665),#81,.T.);
#7164=ADVANCED_FACE('',(#6666),#82,.F.);
#7165=ADVANCED_FACE('',(#6667),#83,.F.);
#7166=ADVANCED_FACE('',(#6668),#84,.F.);
#7167=ADVANCED_FACE('',(#6669),#85,.F.);
#7168=ADVANCED_FACE('',(#6670),#86,.F.);
#7169=ADVANCED_FACE('',(#6671),#6998,.T.);
#7170=ADVANCED_FACE('',(#6672),#87,.T.);
#7171=ADVANCED_FACE('',(#6673),#88,.T.);
#7172=ADVANCED_FACE('',(#6674),#89,.T.);
#7173=ADVANCED_FACE('',(#6675),#90,.T.);
#7174=ADVANCED_FACE('',(#6676),#91,.T.);
#7175=ADVANCED_FACE('',(#6677),#92,.T.);
#7176=ADVANCED_FACE('',(#6678),#93,.T.);
#7177=ADVANCED_FACE('',(#6679),#94,.T.);
#7178=ADVANCED_FACE('',(#6680),#6999,.T.);
#7179=ADVANCED_FACE('',(#6681),#7000,.T.);
#7180=ADVANCED_FACE('',(#6682),#95,.F.);
#7181=ADVANCED_FACE('',(#6683),#96,.F.);
#7182=ADVANCED_FACE('',(#6684),#97,.F.);
#7183=ADVANCED_FACE('',(#6685),#98,.F.);
#7184=ADVANCED_FACE('',(#6686),#99,.F.);
#7185=ADVANCED_FACE('',(#6687),#100,.F.);
#7186=ADVANCED_FACE('',(#6688),#101,.F.);
#7187=ADVANCED_FACE('',(#6689),#102,.F.);
#7188=ADVANCED_FACE('',(#6690),#103,.F.);
#7189=ADVANCED_FACE('',(#6691),#104,.F.);
#7190=ADVANCED_FACE('',(#6692),#105,.F.);
#7191=ADVANCED_FACE('',(#6693),#106,.F.);
#7192=ADVANCED_FACE('',(#6694),#107,.F.);
#7193=ADVANCED_FACE('',(#6695),#108,.T.);
#7194=ADVANCED_FACE('',(#6696,#6697),#7001,.T.);
#7195=ADVANCED_FACE('',(#6698),#109,.T.);
#7196=ADVANCED_FACE('',(#6699),#110,.T.);
#7197=ADVANCED_FACE('',(#6700),#111,.T.);
#7198=ADVANCED_FACE('',(#6701),#112,.T.);
#7199=ADVANCED_FACE('',(#6702),#113,.T.);
#7200=ADVANCED_FACE('',(#6703),#114,.T.);
#7201=ADVANCED_FACE('',(#6704),#115,.T.);
#7202=ADVANCED_FACE('',(#6705),#116,.T.);
#7203=ADVANCED_FACE('',(#6706),#117,.T.);
#7204=ADVANCED_FACE('',(#6707),#118,.T.);
#7205=ADVANCED_FACE('',(#6708),#119,.T.);
#7206=ADVANCED_FACE('',(#6709),#120,.T.);
#7207=ADVANCED_FACE('',(#6710),#121,.T.);
#7208=ADVANCED_FACE('',(#6711),#122,.T.);
#7209=ADVANCED_FACE('',(#6712),#123,.T.);
#7210=ADVANCED_FACE('',(#6713),#124,.F.);
#7211=ADVANCED_FACE('',(#6714),#7002,.T.);
#7212=ADVANCED_FACE('',(#6715),#7003,.T.);
#7213=ADVANCED_FACE('',(#6716),#7004,.T.);
#7214=ADVANCED_FACE('',(#6717),#125,.F.);
#7215=ADVANCED_FACE('',(#6718),#126,.F.);
#7216=ADVANCED_FACE('',(#6719),#127,.F.);
#7217=ADVANCED_FACE('',(#6720),#128,.F.);
#7218=ADVANCED_FACE('',(#6721),#129,.F.);
#7219=ADVANCED_FACE('',(#6722),#130,.F.);
#7220=ADVANCED_FACE('',(#6723),#131,.F.);
#7221=ADVANCED_FACE('',(#6724),#132,.F.);
#7222=ADVANCED_FACE('',(#6725),#7005,.T.);
#7223=ADVANCED_FACE('',(#6726),#133,.T.);
#7224=ADVANCED_FACE('',(#6727),#134,.T.);
#7225=ADVANCED_FACE('',(#6728),#135,.T.);
#7226=ADVANCED_FACE('',(#6729),#136,.T.);
#7227=ADVANCED_FACE('',(#6730),#137,.T.);
#7228=ADVANCED_FACE('',(#6731),#138,.T.);
#7229=ADVANCED_FACE('',(#6732),#139,.T.);
#7230=ADVANCED_FACE('',(#6733),#140,.T.);
#7231=ADVANCED_FACE('',(#6734),#141,.T.);
#7232=ADVANCED_FACE('',(#6735),#142,.T.);
#7233=ADVANCED_FACE('',(#6736),#143,.F.);
#7234=ADVANCED_FACE('',(#6737),#144,.F.);
#7235=ADVANCED_FACE('',(#6738),#145,.F.);
#7236=ADVANCED_FACE('',(#6739),#146,.F.);
#7237=ADVANCED_FACE('',(#6740),#7006,.T.);
#7238=ADVANCED_FACE('',(#6741),#147,.F.);
#7239=ADVANCED_FACE('',(#6742),#148,.F.);
#7240=ADVANCED_FACE('',(#6743),#149,.F.);
#7241=ADVANCED_FACE('',(#6744),#150,.F.);
#7242=ADVANCED_FACE('',(#6745),#151,.F.);
#7243=ADVANCED_FACE('',(#6746),#152,.F.);
#7244=ADVANCED_FACE('',(#6747),#153,.F.);
#7245=ADVANCED_FACE('',(#6748),#154,.F.);
#7246=ADVANCED_FACE('',(#6749),#155,.F.);
#7247=ADVANCED_FACE('',(#6750),#156,.F.);
#7248=ADVANCED_FACE('',(#6751),#157,.F.);
#7249=ADVANCED_FACE('',(#6752),#158,.F.);
#7250=ADVANCED_FACE('',(#6753),#159,.T.);
#7251=ADVANCED_FACE('',(#6754,#6755),#7007,.T.);
#7252=ADVANCED_FACE('',(#6756),#160,.T.);
#7253=ADVANCED_FACE('',(#6757),#161,.T.);
#7254=ADVANCED_FACE('',(#6758),#162,.T.);
#7255=ADVANCED_FACE('',(#6759),#163,.T.);
#7256=ADVANCED_FACE('',(#6760),#164,.T.);
#7257=ADVANCED_FACE('',(#6761),#165,.T.);
#7258=ADVANCED_FACE('',(#6762),#166,.T.);
#7259=ADVANCED_FACE('',(#6763),#167,.T.);
#7260=ADVANCED_FACE('',(#6764),#168,.T.);
#7261=ADVANCED_FACE('',(#6765),#169,.T.);
#7262=ADVANCED_FACE('',(#6766),#170,.T.);
#7263=ADVANCED_FACE('',(#6767),#171,.T.);
#7264=ADVANCED_FACE('',(#6768),#172,.T.);
#7265=ADVANCED_FACE('',(#6769),#173,.T.);
#7266=ADVANCED_FACE('',(#6770),#174,.T.);
#7267=ADVANCED_FACE('',(#6771),#175,.T.);
#7268=ADVANCED_FACE('',(#6772),#176,.T.);
#7269=ADVANCED_FACE('',(#6773),#177,.T.);
#7270=ADVANCED_FACE('',(#6774),#178,.T.);
#7271=ADVANCED_FACE('',(#6775),#179,.T.);
#7272=ADVANCED_FACE('',(#6776),#180,.T.);
#7273=ADVANCED_FACE('',(#6777),#181,.T.);
#7274=ADVANCED_FACE('',(#6778),#182,.T.);
#7275=ADVANCED_FACE('',(#6779),#183,.F.);
#7276=ADVANCED_FACE('',(#6780),#184,.F.);
#7277=ADVANCED_FACE('',(#6781),#185,.F.);
#7278=ADVANCED_FACE('',(#6782),#186,.F.);
#7279=ADVANCED_FACE('',(#6783),#187,.F.);
#7280=ADVANCED_FACE('',(#6784),#188,.F.);
#7281=ADVANCED_FACE('',(#6785),#189,.F.);
#7282=ADVANCED_FACE('',(#6786),#190,.F.);
#7283=ADVANCED_FACE('',(#6787),#191,.F.);
#7284=ADVANCED_FACE('',(#6788),#192,.F.);
#7285=ADVANCED_FACE('',(#6789),#193,.F.);
#7286=ADVANCED_FACE('',(#6790),#194,.F.);
#7287=ADVANCED_FACE('',(#6791),#195,.F.);
#7288=ADVANCED_FACE('',(#6792),#7008,.T.);
#7289=ADVANCED_FACE('',(#6793),#7009,.T.);
#7290=ADVANCED_FACE('',(#6794),#7010,.T.);
#7291=ADVANCED_FACE('',(#6795),#7011,.T.);
#7292=ADVANCED_FACE('',(#6796),#7012,.T.);
#7293=ADVANCED_FACE('',(#6797),#7013,.T.);
#7294=ADVANCED_FACE('',(#6798),#196,.F.);
#7295=ADVANCED_FACE('',(#6799),#197,.F.);
#7296=ADVANCED_FACE('',(#6800),#198,.T.);
#7297=ADVANCED_FACE('',(#6801,#6802),#7014,.T.);
#7298=ADVANCED_FACE('',(#6803),#7015,.T.);
#7299=ADVANCED_FACE('',(#6804),#7016,.T.);
#7300=ADVANCED_FACE('',(#6805),#7017,.T.);
#7301=ADVANCED_FACE('',(#6806),#7018,.T.);
#7302=ADVANCED_FACE('',(#6807),#7019,.T.);
#7303=ADVANCED_FACE('',(#6808),#199,.F.);
#7304=ADVANCED_FACE('',(#6809),#200,.F.);
#7305=ADVANCED_FACE('',(#6810),#201,.F.);
#7306=ADVANCED_FACE('',(#6811),#202,.F.);
#7307=ADVANCED_FACE('',(#6812),#203,.F.);
#7308=ADVANCED_FACE('',(#6813),#204,.F.);
#7309=ADVANCED_FACE('',(#6814),#205,.F.);
#7310=ADVANCED_FACE('',(#6815),#206,.F.);
#7311=ADVANCED_FACE('',(#6816),#207,.F.);
#7312=ADVANCED_FACE('',(#6817),#208,.F.);
#7313=ADVANCED_FACE('',(#6818),#209,.F.);
#7314=ADVANCED_FACE('',(#6819),#7020,.T.);
#7315=ADVANCED_FACE('',(#6820),#7021,.T.);
#7316=ADVANCED_FACE('',(#6821),#210,.T.);
#7317=ADVANCED_FACE('',(#6822),#211,.T.);
#7318=ADVANCED_FACE('',(#6823),#212,.T.);
#7319=ADVANCED_FACE('',(#6824),#213,.T.);
#7320=ADVANCED_FACE('',(#6825),#214,.T.);
#7321=ADVANCED_FACE('',(#6826),#215,.T.);
#7322=ADVANCED_FACE('',(#6827),#216,.T.);
#7323=ADVANCED_FACE('',(#6828),#217,.T.);
#7324=ADVANCED_FACE('',(#6829),#218,.T.);
#7325=ADVANCED_FACE('',(#6830),#219,.T.);
#7326=ADVANCED_FACE('',(#6831),#7022,.T.);
#7327=ADVANCED_FACE('',(#6832),#7023,.T.);
#7328=ADVANCED_FACE('',(#6833),#220,.T.);
#7329=ADVANCED_FACE('',(#6834),#221,.T.);
#7330=ADVANCED_FACE('',(#6835),#222,.T.);
#7331=ADVANCED_FACE('',(#6836),#223,.T.);
#7332=ADVANCED_FACE('',(#6837),#224,.T.);
#7333=ADVANCED_FACE('',(#6838),#225,.T.);
#7334=ADVANCED_FACE('',(#6839),#226,.T.);
#7335=ADVANCED_FACE('',(#6840),#227,.T.);
#7336=ADVANCED_FACE('',(#6841),#228,.T.);
#7337=ADVANCED_FACE('',(#6842),#229,.T.);
#7338=ADVANCED_FACE('',(#6843),#7024,.T.);
#7339=ADVANCED_FACE('',(#6844),#7025,.T.);
#7340=ADVANCED_FACE('',(#6845),#230,.F.);
#7341=ADVANCED_FACE('',(#6846),#231,.F.);
#7342=ADVANCED_FACE('',(#6847),#232,.F.);
#7343=ADVANCED_FACE('',(#6848),#233,.F.);
#7344=ADVANCED_FACE('',(#6849),#234,.F.);
#7345=ADVANCED_FACE('',(#6850),#235,.F.);
#7346=ADVANCED_FACE('',(#6851),#236,.F.);
#7347=ADVANCED_FACE('',(#6852),#237,.F.);
#7348=ADVANCED_FACE('',(#6853),#238,.F.);
#7349=ADVANCED_FACE('',(#6854),#7026,.T.);
#7350=ADVANCED_FACE('',(#6855),#239,.F.);
#7351=ADVANCED_FACE('',(#6856),#240,.F.);
#7352=ADVANCED_FACE('',(#6857),#241,.F.);
#7353=ADVANCED_FACE('',(#6858),#242,.F.);
#7354=ADVANCED_FACE('',(#6859),#243,.F.);
#7355=ADVANCED_FACE('',(#6860),#244,.F.);
#7356=ADVANCED_FACE('',(#6861),#245,.F.);
#7357=ADVANCED_FACE('',(#6862),#246,.F.);
#7358=ADVANCED_FACE('',(#6863),#247,.F.);
#7359=ADVANCED_FACE('',(#6864),#248,.F.);
#7360=ADVANCED_FACE('',(#6865),#249,.F.);
#7361=ADVANCED_FACE('',(#6866),#7027,.T.);
#7362=ADVANCED_FACE('',(#6867),#7028,.T.);
#7363=ADVANCED_FACE('',(#6868),#250,.T.);
#7364=ADVANCED_FACE('',(#6869),#251,.T.);
#7365=ADVANCED_FACE('',(#6870),#252,.T.);
#7366=ADVANCED_FACE('',(#6871),#253,.T.);
#7367=ADVANCED_FACE('',(#6872),#254,.T.);
#7368=ADVANCED_FACE('',(#6873),#255,.T.);
#7369=ADVANCED_FACE('',(#6874),#256,.T.);
#7370=ADVANCED_FACE('',(#6875),#257,.T.);
#7371=ADVANCED_FACE('',(#6876),#258,.T.);
#7372=ADVANCED_FACE('',(#6877),#259,.T.);
#7373=ADVANCED_FACE('',(#6878),#7029,.T.);
#7374=ADVANCED_FACE('',(#6879),#7030,.T.);
#7375=ADVANCED_FACE('',(#6880),#260,.T.);
#7376=ADVANCED_FACE('',(#6881),#261,.T.);
#7377=ADVANCED_FACE('',(#6882),#262,.T.);
#7378=ADVANCED_FACE('',(#6883),#263,.T.);
#7379=ADVANCED_FACE('',(#6884),#264,.T.);
#7380=ADVANCED_FACE('',(#6885),#265,.T.);
#7381=ADVANCED_FACE('',(#6886),#266,.T.);
#7382=ADVANCED_FACE('',(#6887),#267,.T.);
#7383=ADVANCED_FACE('',(#6888),#268,.T.);
#7384=ADVANCED_FACE('',(#6889),#269,.T.);
#7385=ADVANCED_FACE('',(#6890),#7031,.T.);
#7386=ADVANCED_FACE('',(#6891),#7032,.T.);
#7387=ADVANCED_FACE('',(#6892),#270,.F.);
#7388=ADVANCED_FACE('',(#6893),#271,.F.);
#7389=ADVANCED_FACE('',(#6894),#272,.F.);
#7390=ADVANCED_FACE('',(#6895),#273,.F.);
#7391=ADVANCED_FACE('',(#6896),#274,.F.);
#7392=ADVANCED_FACE('',(#6897),#275,.F.);
#7393=ADVANCED_FACE('',(#6898),#276,.F.);
#7394=ADVANCED_FACE('',(#6899),#277,.F.);
#7395=ADVANCED_FACE('',(#6900),#278,.F.);
#7396=ADVANCED_FACE('',(#6901),#7033,.T.);
#7397=ADVANCED_FACE('',(#6902),#7034,.T.);
#7398=ADVANCED_FACE('',(#6903),#7035,.T.);
#7399=ADVANCED_FACE('',(#6904),#7036,.T.);
#7400=ADVANCED_FACE('',(#6905),#7037,.T.);
#7401=ADVANCED_FACE('',(#6906),#7038,.T.);
#7402=ADVANCED_FACE('',(#6907),#7039,.T.);
#7403=ADVANCED_FACE('',(#6908),#279,.T.);
#7404=ADVANCED_FACE('',(#6909),#280,.T.);
#7405=ADVANCED_FACE('',(#6910),#281,.T.);
#7406=ADVANCED_FACE('',(#6911),#282,.T.);
#7407=ADVANCED_FACE('',(#6912),#7040,.T.);
#7408=ADVANCED_FACE('',(#6913),#283,.T.);
#7409=ADVANCED_FACE('',(#6914),#284,.T.);
#7410=ADVANCED_FACE('',(#6915),#285,.T.);
#7411=ADVANCED_FACE('',(#6916),#286,.T.);
#7412=ADVANCED_FACE('',(#6917),#287,.F.);
#7413=ADVANCED_FACE('',(#6918),#288,.F.);
#7414=ADVANCED_FACE('',(#6919),#289,.F.);
#7415=ADVANCED_FACE('',(#6920),#290,.F.);
#7416=ADVANCED_FACE('',(#6921),#291,.F.);
#7417=ADVANCED_FACE('',(#6922),#7041,.T.);
#7418=ADVANCED_FACE('',(#6923),#292,.T.);
#7419=ADVANCED_FACE('',(#6924),#293,.T.);
#7420=ADVANCED_FACE('',(#6925),#294,.T.);
#7421=ADVANCED_FACE('',(#6926),#295,.T.);
#7422=ADVANCED_FACE('',(#6927),#296,.T.);
#7423=ADVANCED_FACE('',(#6928),#297,.T.);
#7424=ADVANCED_FACE('',(#6929),#298,.T.);
#7425=ADVANCED_FACE('',(#6930),#299,.T.);
#7426=ADVANCED_FACE('',(#6931),#7042,.T.);
#7427=ADVANCED_FACE('',(#6932),#7043,.T.);
#7428=ADVANCED_FACE('',(#6933),#300,.F.);
#7429=ADVANCED_FACE('',(#6934),#301,.F.);
#7430=ADVANCED_FACE('',(#6935),#302,.F.);
#7431=ADVANCED_FACE('',(#6936),#303,.F.);
#7432=ADVANCED_FACE('',(#6937),#304,.F.);
#7433=ADVANCED_FACE('',(#6938),#305,.F.);
#7434=ADVANCED_FACE('',(#6939),#306,.F.);
#7435=ADVANCED_FACE('',(#6940),#307,.F.);
#7436=ADVANCED_FACE('',(#6941),#308,.F.);
#7437=ADVANCED_FACE('',(#6942),#309,.F.);
#7438=ADVANCED_FACE('',(#6943),#310,.F.);
#7439=ADVANCED_FACE('',(#6944),#311,.F.);
#7440=ADVANCED_FACE('',(#6945),#312,.F.);
#7441=ADVANCED_FACE('',(#6946),#313,.T.);
#7442=ADVANCED_FACE('',(#6947,#6948),#7044,.T.);
#7443=ADVANCED_FACE('',(#6949),#7045,.T.);
#7444=ADVANCED_FACE('',(#6950),#7046,.T.);
#7445=ADVANCED_FACE('',(#6951),#7047,.T.);
#7446=ADVANCED_FACE('',(#6952),#7048,.T.);
#7447=ADVANCED_FACE('',(#6953),#7049,.T.);
#7448=ADVANCED_FACE('',(#6954),#7050,.T.);
#7449=ADVANCED_FACE('',(#6955),#7051,.T.);
#7450=ADVANCED_FACE('',(#6956),#7052,.T.);
#7451=ADVANCED_FACE('',(#6957),#7053,.T.);
#7452=ADVANCED_FACE('',(#6958),#7054,.T.);
#7453=ADVANCED_FACE('',(#6959),#7055,.T.);
#7454=ADVANCED_FACE('',(#6960),#7056,.T.);
#7455=ADVANCED_FACE('',(#6961),#7057,.T.);
#7456=ADVANCED_FACE('',(#6962),#7058,.F.);
#7457=ADVANCED_FACE('',(#6963),#7059,.F.);
#7458=ADVANCED_FACE('',(#6964),#7060,.F.);
#7459=ADVANCED_FACE('',(#6965),#7061,.F.);
#7460=CLOSED_SHELL('',(#7062,#7063,#7064,#7065,#7066,#7067,#7068,#7069,
#7070,#7071,#7072,#7073,#7074,#7075,#7076,#7077,#7078,#7079,#7080,#7081,
#7082,#7083,#7084,#7085,#7086,#7087,#7088,#7089,#7090,#7091,#7092,#7093,
#7094,#7095,#7096,#7097,#7098,#7099,#7100,#7101,#7102,#7103,#7104,#7105,
#7106,#7107,#7108,#7109,#7110,#7111,#7112,#7113,#7114,#7115,#7116,#7117,
#7118,#7119,#7120,#7121,#7122,#7123,#7124,#7125,#7126,#7127,#7128,#7129,
#7130,#7131,#7132,#7133,#7134,#7135,#7136,#7137,#7138,#7139,#7140,#7141,
#7142,#7143,#7144,#7145,#7146,#7147,#7148,#7149,#7150,#7151,#7152,#7153,
#7154,#7155,#7156,#7157,#7158,#7159,#7160,#7161,#7162,#7163,#7164,#7165,
#7166,#7167,#7168,#7169,#7170,#7171,#7172,#7173,#7174,#7175,#7176,#7177,
#7178,#7179,#7180,#7181,#7182,#7183,#7184,#7185,#7186,#7187,#7188,#7189,
#7190,#7191,#7192,#7193,#7194,#7195,#7196,#7197,#7198,#7199,#7200,#7201,
#7202,#7203,#7204,#7205,#7206,#7207,#7208,#7209,#7210,#7211,#7212,#7213,
#7214,#7215,#7216,#7217,#7218,#7219,#7220,#7221,#7222,#7223,#7224,#7225,
#7226,#7227,#7228,#7229,#7230,#7231,#7232,#7233,#7234,#7235,#7236,#7237,
#7238,#7239,#7240,#7241,#7242,#7243,#7244,#7245,#7246,#7247,#7248,#7249,
#7250,#7251,#7252,#7253,#7254,#7255,#7256,#7257,#7258,#7259,#7260,#7261,
#7262,#7263,#7264,#7265,#7266,#7267,#7268,#7269,#7270,#7271,#7272,#7273,
#7274,#7275,#7276,#7277,#7278,#7279,#7280,#7281,#7282,#7283,#7284,#7285,
#7286,#7287,#7288,#7289,#7290,#7291,#7292,#7293,#7294,#7295,#7296,#7297,
#7298,#7299,#7300,#7301,#7302,#7303,#7304,#7305,#7306,#7307,#7308,#7309,
#7310,#7311,#7312,#7313,#7314,#7315,#7316,#7317,#7318,#7319,#7320,#7321,
#7322,#7323,#7324,#7325,#7326,#7327,#7328,#7329,#7330,#7331,#7332,#7333,
#7334,#7335,#7336,#7337,#7338,#7339,#7340,#7341,#7342,#7343,#7344,#7345,
#7346,#7347,#7348,#7349,#7350,#7351,#7352,#7353,#7354,#7355,#7356,#7357,
#7358,#7359,#7360,#7361,#7362,#7363,#7364,#7365,#7366,#7367,#7368,#7369,
#7370,#7371,#7372,#7373,#7374,#7375,#7376,#7377,#7378,#7379,#7380,#7381,
#7382,#7383,#7384,#7385,#7386,#7387,#7388,#7389,#7390,#7391,#7392,#7393,
#7394,#7395,#7396,#7397,#7398,#7399,#7400,#7401,#7402,#7403,#7404,#7405,
#7406,#7407,#7408,#7409,#7410,#7411,#7412,#7413,#7414,#7415,#7416,#7417,
#7418,#7419,#7420,#7421,#7422,#7423,#7424,#7425,#7426,#7427,#7428,#7429,
#7430,#7431,#7432,#7433,#7434,#7435,#7436,#7437,#7438,#7439,#7440,#7441,
#7442,#7443,#7444,#7445,#7446,#7447,#7448,#7449,#7450,#7451,#7452,#7453,
#7454,#7455,#7456,#7457,#7458,#7459));
#7461=STYLED_ITEM('',(#7462),#7469);
#7462=PRESENTATION_STYLE_ASSIGNMENT((#7463));
#7463=SURFACE_STYLE_USAGE(.BOTH.,#7464);
#7464=SURFACE_SIDE_STYLE('',(#7465));
#7465=SURFACE_STYLE_FILL_AREA(#7466);
#7466=FILL_AREA_STYLE('',(#7467));
#7467=FILL_AREA_STYLE_COLOUR('',#7468);
#7468=COLOUR_RGB('',0.615686274509804,0.811764705882353,0.929411764705882);
#7469=MANIFOLD_SOLID_BREP('Part 1',#7460);
#7470=SHAPE_DEFINITION_REPRESENTATION(#13317,#7471);
#7471=SHAPE_REPRESENTATION('Part 1',(#7472),#13312);
#7472=AXIS2_PLACEMENT_3D('',#11023,#8482,#8483);
#7473=AXIS2_PLACEMENT_3D('',#11024,#8484,#8485);
#7474=AXIS2_PLACEMENT_3D('',#11025,#8486,#8487);
#7475=AXIS2_PLACEMENT_3D('',#11028,#8488,#8489);
#7476=AXIS2_PLACEMENT_3D('',#11030,#8490,#8491);
#7477=AXIS2_PLACEMENT_3D('',#11032,#8492,#8493);
#7478=AXIS2_PLACEMENT_3D('',#11034,#8494,#8495);
#7479=AXIS2_PLACEMENT_3D('',#11036,#8496,#8497);
#7480=AXIS2_PLACEMENT_3D('',#11038,#8498,#8499);
#7481=AXIS2_PLACEMENT_3D('',#11040,#8500,#8501);
#7482=AXIS2_PLACEMENT_3D('',#11042,#8502,#8503);
#7483=AXIS2_PLACEMENT_3D('',#11044,#8504,#8505);
#7484=AXIS2_PLACEMENT_3D('',#11046,#8506,#8507);
#7485=AXIS2_PLACEMENT_3D('',#11048,#8508,#8509);
#7486=AXIS2_PLACEMENT_3D('',#11050,#8510,#8511);
#7487=AXIS2_PLACEMENT_3D('',#11052,#8512,#8513);
#7488=AXIS2_PLACEMENT_3D('',#11058,#8516,#8517);
#7489=AXIS2_PLACEMENT_3D('',#11060,#8518,#8519);
#7490=AXIS2_PLACEMENT_3D('',#11062,#8520,#8521);
#7491=AXIS2_PLACEMENT_3D('',#11064,#8522,#8523);
#7492=AXIS2_PLACEMENT_3D('',#11066,#8524,#8525);
#7493=AXIS2_PLACEMENT_3D('',#11068,#8526,#8527);
#7494=AXIS2_PLACEMENT_3D('',#11070,#8528,#8529);
#7495=AXIS2_PLACEMENT_3D('',#11072,#8530,#8531);
#7496=AXIS2_PLACEMENT_3D('',#11076,#8533,#8534);
#7497=AXIS2_PLACEMENT_3D('',#11078,#8535,#8536);
#7498=AXIS2_PLACEMENT_3D('',#11080,#8537,#8538);
#7499=AXIS2_PLACEMENT_3D('',#11082,#8539,#8540);
#7500=AXIS2_PLACEMENT_3D('',#11083,#8541,#8542);
#7501=AXIS2_PLACEMENT_3D('',#11086,#8543,#8544);
#7502=AXIS2_PLACEMENT_3D('',#11088,#8545,#8546);
#7503=AXIS2_PLACEMENT_3D('',#11090,#8547,#8548);
#7504=AXIS2_PLACEMENT_3D('',#11092,#8549,#8550);
#7505=AXIS2_PLACEMENT_3D('',#11094,#8551,#8552);
#7506=AXIS2_PLACEMENT_3D('',#11096,#8553,#8554);
#7507=AXIS2_PLACEMENT_3D('',#11098,#8555,#8556);
#7508=AXIS2_PLACEMENT_3D('',#11100,#8557,#8558);
#7509=AXIS2_PLACEMENT_3D('',#11102,#8559,#8560);
#7510=AXIS2_PLACEMENT_3D('',#11108,#8563,#8564);
#7511=AXIS2_PLACEMENT_3D('',#11110,#8565,#8566);
#7512=AXIS2_PLACEMENT_3D('',#11112,#8567,#8568);
#7513=AXIS2_PLACEMENT_3D('',#11114,#8569,#8570);
#7514=AXIS2_PLACEMENT_3D('',#11116,#8571,#8572);
#7515=AXIS2_PLACEMENT_3D('',#11118,#8573,#8574);
#7516=AXIS2_PLACEMENT_3D('',#11120,#8575,#8576);
#7517=AXIS2_PLACEMENT_3D('',#11122,#8577,#8578);
#7518=AXIS2_PLACEMENT_3D('',#11124,#8579,#8580);
#7519=AXIS2_PLACEMENT_3D('',#11126,#8581,#8582);
#7520=AXIS2_PLACEMENT_3D('',#11132,#8585,#8586);
#7521=AXIS2_PLACEMENT_3D('',#11134,#8587,#8588);
#7522=AXIS2_PLACEMENT_3D('',#11136,#8589,#8590);
#7523=AXIS2_PLACEMENT_3D('',#11138,#8591,#8592);
#7524=AXIS2_PLACEMENT_3D('',#11140,#8593,#8594);
#7525=AXIS2_PLACEMENT_3D('',#11142,#8595,#8596);
#7526=AXIS2_PLACEMENT_3D('',#11144,#8597,#8598);
#7527=AXIS2_PLACEMENT_3D('',#11146,#8599,#8600);
#7528=AXIS2_PLACEMENT_3D('',#11148,#8601,#8602);
#7529=AXIS2_PLACEMENT_3D('',#11150,#8603,#8604);
#7530=AXIS2_PLACEMENT_3D('',#11156,#8607,#8608);
#7531=AXIS2_PLACEMENT_3D('',#11158,#8609,#8610);
#7532=AXIS2_PLACEMENT_3D('',#11160,#8611,#8612);
#7533=AXIS2_PLACEMENT_3D('',#11162,#8613,#8614);
#7534=AXIS2_PLACEMENT_3D('',#11164,#8615,#8616);
#7535=AXIS2_PLACEMENT_3D('',#11166,#8617,#8618);
#7536=AXIS2_PLACEMENT_3D('',#11168,#8619,#8620);
#7537=AXIS2_PLACEMENT_3D('',#11170,#8621,#8622);
#7538=AXIS2_PLACEMENT_3D('',#11172,#8623,#8624);
#7539=AXIS2_PLACEMENT_3D('',#11174,#8625,#8626);
#7540=AXIS2_PLACEMENT_3D('',#11183,#8631,#8632);
#7541=AXIS2_PLACEMENT_3D('',#11186,#8633,#8634);
#7542=AXIS2_PLACEMENT_3D('',#11188,#8635,#8636);
#7543=AXIS2_PLACEMENT_3D('',#11190,#8637,#8638);
#7544=AXIS2_PLACEMENT_3D('',#11192,#8639,#8640);
#7545=AXIS2_PLACEMENT_3D('',#11194,#8641,#8642);
#7546=AXIS2_PLACEMENT_3D('',#11196,#8643,#8644);
#7547=AXIS2_PLACEMENT_3D('',#11198,#8645,#8646);
#7548=AXIS2_PLACEMENT_3D('',#11200,#8647,#8648);
#7549=AXIS2_PLACEMENT_3D('',#11202,#8649,#8650);
#7550=AXIS2_PLACEMENT_3D('',#11204,#8651,#8652);
#7551=AXIS2_PLACEMENT_3D('',#11206,#8653,#8654);
#7552=AXIS2_PLACEMENT_3D('',#11208,#8655,#8656);
#7553=AXIS2_PLACEMENT_3D('',#11212,#8658,#8659);
#7554=AXIS2_PLACEMENT_3D('',#11214,#8660,#8661);
#7555=AXIS2_PLACEMENT_3D('',#11216,#8662,#8663);
#7556=AXIS2_PLACEMENT_3D('',#11218,#8664,#8665);
#7557=AXIS2_PLACEMENT_3D('',#11220,#8666,#8667);
#7558=AXIS2_PLACEMENT_3D('',#11222,#8668,#8669);
#7559=AXIS2_PLACEMENT_3D('',#11224,#8670,#8671);
#7560=AXIS2_PLACEMENT_3D('',#11226,#8672,#8673);
#7561=AXIS2_PLACEMENT_3D('',#11228,#8674,#8675);
#7562=AXIS2_PLACEMENT_3D('',#11230,#8676,#8677);
#7563=AXIS2_PLACEMENT_3D('',#11232,#8678,#8679);
#7564=AXIS2_PLACEMENT_3D('',#11234,#8680,#8681);
#7565=AXIS2_PLACEMENT_3D('',#11236,#8682,#8683);
#7566=AXIS2_PLACEMENT_3D('',#11238,#8684,#8685);
#7567=AXIS2_PLACEMENT_3D('',#11242,#8687,#8688);
#7568=AXIS2_PLACEMENT_3D('',#11244,#8689,#8690);
#7569=AXIS2_PLACEMENT_3D('',#11246,#8691,#8692);
#7570=AXIS2_PLACEMENT_3D('',#11248,#8693,#8694);
#7571=AXIS2_PLACEMENT_3D('',#11250,#8695,#8696);
#7572=AXIS2_PLACEMENT_3D('',#11252,#8697,#8698);
#7573=AXIS2_PLACEMENT_3D('',#11254,#8699,#8700);
#7574=AXIS2_PLACEMENT_3D('',#11256,#8701,#8702);
#7575=AXIS2_PLACEMENT_3D('',#11276,#8712,#8713);
#7576=AXIS2_PLACEMENT_3D('',#11278,#8714,#8715);
#7577=AXIS2_PLACEMENT_3D('',#11280,#8716,#8717);
#7578=AXIS2_PLACEMENT_3D('',#11282,#8718,#8719);
#7579=AXIS2_PLACEMENT_3D('',#11284,#8720,#8721);
#7580=AXIS2_PLACEMENT_3D('',#11286,#8722,#8723);
#7581=AXIS2_PLACEMENT_3D('',#11288,#8724,#8725);
#7582=AXIS2_PLACEMENT_3D('',#11290,#8726,#8727);
#7583=AXIS2_PLACEMENT_3D('',#11292,#8728,#8729);
#7584=AXIS2_PLACEMENT_3D('',#11294,#8730,#8731);
#7585=AXIS2_PLACEMENT_3D('',#11296,#8732,#8733);
#7586=AXIS2_PLACEMENT_3D('',#11298,#8734,#8735);
#7587=AXIS2_PLACEMENT_3D('',#11300,#8736,#8737);
#7588=AXIS2_PLACEMENT_3D('',#11304,#8739,#8740);
#7589=AXIS2_PLACEMENT_3D('',#11306,#8741,#8742);
#7590=AXIS2_PLACEMENT_3D('',#11308,#8743,#8744);
#7591=AXIS2_PLACEMENT_3D('',#11310,#8745,#8746);
#7592=AXIS2_PLACEMENT_3D('',#11314,#8748,#8749);
#7593=AXIS2_PLACEMENT_3D('',#11316,#8750,#8751);
#7594=AXIS2_PLACEMENT_3D('',#11318,#8752,#8753);
#7595=AXIS2_PLACEMENT_3D('',#11322,#8755,#8756);
#7596=AXIS2_PLACEMENT_3D('',#11324,#8757,#8758);
#7597=AXIS2_PLACEMENT_3D('',#11326,#8759,#8760);
#7598=AXIS2_PLACEMENT_3D('',#11328,#8761,#8762);
#7599=AXIS2_PLACEMENT_3D('',#11332,#8764,#8765);
#7600=AXIS2_PLACEMENT_3D('',#11334,#8766,#8767);
#7601=AXIS2_PLACEMENT_3D('',#11336,#8768,#8769);
#7602=AXIS2_PLACEMENT_3D('',#11338,#8770,#8771);
#7603=AXIS2_PLACEMENT_3D('',#11340,#8772,#8773);
#7604=AXIS2_PLACEMENT_3D('',#11342,#8774,#8775);
#7605=AXIS2_PLACEMENT_3D('',#11344,#8776,#8777);
#7606=AXIS2_PLACEMENT_3D('',#11346,#8778,#8779);
#7607=AXIS2_PLACEMENT_3D('',#11348,#8780,#8781);
#7608=AXIS2_PLACEMENT_3D('',#11350,#8782,#8783);
#7609=AXIS2_PLACEMENT_3D('',#11352,#8784,#8785);
#7610=AXIS2_PLACEMENT_3D('',#11354,#8786,#8787);
#7611=AXIS2_PLACEMENT_3D('',#11356,#8788,#8789);
#7612=AXIS2_PLACEMENT_3D('',#11358,#8790,#8791);
#7613=AXIS2_PLACEMENT_3D('',#11360,#8792,#8793);
#7614=AXIS2_PLACEMENT_3D('',#11362,#8794,#8795);
#7615=AXIS2_PLACEMENT_3D('',#11366,#8797,#8798);
#7616=AXIS2_PLACEMENT_3D('',#11368,#8799,#8800);
#7617=AXIS2_PLACEMENT_3D('',#11370,#8801,#8802);
#7618=AXIS2_PLACEMENT_3D('',#11372,#8803,#8804);
#7619=AXIS2_PLACEMENT_3D('',#11374,#8805,#8806);
#7620=AXIS2_PLACEMENT_3D('',#11376,#8807,#8808);
#7621=AXIS2_PLACEMENT_3D('',#11378,#8809,#8810);
#7622=AXIS2_PLACEMENT_3D('',#11380,#8811,#8812);
#7623=AXIS2_PLACEMENT_3D('',#11382,#8813,#8814);
#7624=AXIS2_PLACEMENT_3D('',#11384,#8815,#8816);
#7625=AXIS2_PLACEMENT_3D('',#11386,#8817,#8818);
#7626=AXIS2_PLACEMENT_3D('',#11388,#8819,#8820);
#7627=AXIS2_PLACEMENT_3D('',#11390,#8821,#8822);
#7628=AXIS2_PLACEMENT_3D('',#11392,#8823,#8824);
#7629=AXIS2_PLACEMENT_3D('',#11394,#8825,#8826);
#7630=AXIS2_PLACEMENT_3D('',#11395,#8827,#8828);
#7631=AXIS2_PLACEMENT_3D('',#11398,#8829,#8830);
#7632=AXIS2_PLACEMENT_3D('',#11400,#8831,#8832);
#7633=AXIS2_PLACEMENT_3D('',#11402,#8833,#8834);
#7634=AXIS2_PLACEMENT_3D('',#11404,#8835,#8836);
#7635=AXIS2_PLACEMENT_3D('',#11406,#8837,#8838);
#7636=AXIS2_PLACEMENT_3D('',#11408,#8839,#8840);
#7637=AXIS2_PLACEMENT_3D('',#11410,#8841,#8842);
#7638=AXIS2_PLACEMENT_3D('',#11412,#8843,#8844);
#7639=AXIS2_PLACEMENT_3D('',#11414,#8845,#8846);
#7640=AXIS2_PLACEMENT_3D('',#11416,#8847,#8848);
#7641=AXIS2_PLACEMENT_3D('',#11418,#8849,#8850);
#7642=AXIS2_PLACEMENT_3D('',#11420,#8851,#8852);
#7643=AXIS2_PLACEMENT_3D('',#11422,#8853,#8854);
#7644=AXIS2_PLACEMENT_3D('',#11428,#8857,#8858);
#7645=AXIS2_PLACEMENT_3D('',#11430,#8859,#8860);
#7646=AXIS2_PLACEMENT_3D('',#11432,#8861,#8862);
#7647=AXIS2_PLACEMENT_3D('',#11434,#8863,#8864);
#7648=AXIS2_PLACEMENT_3D('',#11436,#8865,#8866);
#7649=AXIS2_PLACEMENT_3D('',#11438,#8867,#8868);
#7650=AXIS2_PLACEMENT_3D('',#11440,#8869,#8870);
#7651=AXIS2_PLACEMENT_3D('',#11442,#8871,#8872);
#7652=AXIS2_PLACEMENT_3D('',#11446,#8874,#8875);
#7653=AXIS2_PLACEMENT_3D('',#11448,#8876,#8877);
#7654=AXIS2_PLACEMENT_3D('',#11450,#8878,#8879);
#7655=AXIS2_PLACEMENT_3D('',#11452,#8880,#8881);
#7656=AXIS2_PLACEMENT_3D('',#11453,#8882,#8883);
#7657=AXIS2_PLACEMENT_3D('',#11456,#8884,#8885);
#7658=AXIS2_PLACEMENT_3D('',#11458,#8886,#8887);
#7659=AXIS2_PLACEMENT_3D('',#11472,#8894,#8895);
#7660=AXIS2_PLACEMENT_3D('',#11474,#8896,#8897);
#7661=AXIS2_PLACEMENT_3D('',#11476,#8898,#8899);
#7662=AXIS2_PLACEMENT_3D('',#11478,#8900,#8901);
#7663=AXIS2_PLACEMENT_3D('',#11480,#8902,#8903);
#7664=AXIS2_PLACEMENT_3D('',#11482,#8904,#8905);
#7665=AXIS2_PLACEMENT_3D('',#11484,#8906,#8907);
#7666=AXIS2_PLACEMENT_3D('',#11486,#8908,#8909);
#7667=AXIS2_PLACEMENT_3D('',#11488,#8910,#8911);
#7668=AXIS2_PLACEMENT_3D('',#11490,#8912,#8913);
#7669=AXIS2_PLACEMENT_3D('',#11492,#8914,#8915);
#7670=AXIS2_PLACEMENT_3D('',#11494,#8916,#8917);
#7671=AXIS2_PLACEMENT_3D('',#11495,#8918,#8919);
#7672=AXIS2_PLACEMENT_3D('',#11498,#8920,#8921);
#7673=AXIS2_PLACEMENT_3D('',#11500,#8922,#8923);
#7674=AXIS2_PLACEMENT_3D('',#11502,#8924,#8925);
#7675=AXIS2_PLACEMENT_3D('',#11504,#8926,#8927);
#7676=AXIS2_PLACEMENT_3D('',#11506,#8928,#8929);
#7677=AXIS2_PLACEMENT_3D('',#11508,#8930,#8931);
#7678=AXIS2_PLACEMENT_3D('',#11510,#8932,#8933);
#7679=AXIS2_PLACEMENT_3D('',#11512,#8934,#8935);
#7680=AXIS2_PLACEMENT_3D('',#11514,#8936,#8937);
#7681=AXIS2_PLACEMENT_3D('',#11520,#8940,#8941);
#7682=AXIS2_PLACEMENT_3D('',#11522,#8942,#8943);
#7683=AXIS2_PLACEMENT_3D('',#11524,#8944,#8945);
#7684=AXIS2_PLACEMENT_3D('',#11526,#8946,#8947);
#7685=AXIS2_PLACEMENT_3D('',#11528,#8948,#8949);
#7686=AXIS2_PLACEMENT_3D('',#11530,#8950,#8951);
#7687=AXIS2_PLACEMENT_3D('',#11532,#8952,#8953);
#7688=AXIS2_PLACEMENT_3D('',#11534,#8954,#8955);
#7689=AXIS2_PLACEMENT_3D('',#11536,#8956,#8957);
#7690=AXIS2_PLACEMENT_3D('',#11538,#8958,#8959);
#7691=AXIS2_PLACEMENT_3D('',#11544,#8962,#8963);
#7692=AXIS2_PLACEMENT_3D('',#11546,#8964,#8965);
#7693=AXIS2_PLACEMENT_3D('',#11548,#8966,#8967);
#7694=AXIS2_PLACEMENT_3D('',#11550,#8968,#8969);
#7695=AXIS2_PLACEMENT_3D('',#11552,#8970,#8971);
#7696=AXIS2_PLACEMENT_3D('',#11554,#8972,#8973);
#7697=AXIS2_PLACEMENT_3D('',#11556,#8974,#8975);
#7698=AXIS2_PLACEMENT_3D('',#11558,#8976,#8977);
#7699=AXIS2_PLACEMENT_3D('',#11560,#8978,#8979);
#7700=AXIS2_PLACEMENT_3D('',#11562,#8980,#8981);
#7701=AXIS2_PLACEMENT_3D('',#11568,#8984,#8985);
#7702=AXIS2_PLACEMENT_3D('',#11570,#8986,#8987);
#7703=AXIS2_PLACEMENT_3D('',#11572,#8988,#8989);
#7704=AXIS2_PLACEMENT_3D('',#11574,#8990,#8991);
#7705=AXIS2_PLACEMENT_3D('',#11576,#8992,#8993);
#7706=AXIS2_PLACEMENT_3D('',#11578,#8994,#8995);
#7707=AXIS2_PLACEMENT_3D('',#11580,#8996,#8997);
#7708=AXIS2_PLACEMENT_3D('',#11582,#8998,#8999);
#7709=AXIS2_PLACEMENT_3D('',#11584,#9000,#9001);
#7710=AXIS2_PLACEMENT_3D('',#11586,#9002,#9003);
#7711=AXIS2_PLACEMENT_3D('',#11619,#9020,#9021);
#7712=AXIS2_PLACEMENT_3D('',#11633,#9029,#9030);
#7713=AXIS2_PLACEMENT_3D('',#11637,#9032,#9033);
#7714=AXIS2_PLACEMENT_3D('',#11641,#9035,#9036);
#7715=AXIS2_PLACEMENT_3D('',#11642,#9037,#9038);
#7716=AXIS2_PLACEMENT_3D('',#11646,#9040,#9041);
#7717=AXIS2_PLACEMENT_3D('',#11650,#9043,#9044);
#7718=AXIS2_PLACEMENT_3D('',#11654,#9046,#9047);
#7719=AXIS2_PLACEMENT_3D('',#11658,#9049,#9050);
#7720=AXIS2_PLACEMENT_3D('',#11662,#9052,#9053);
#7721=AXIS2_PLACEMENT_3D('',#11666,#9055,#9056);
#7722=AXIS2_PLACEMENT_3D('',#11667,#9057,#9058);
#7723=AXIS2_PLACEMENT_3D('',#11670,#9061,#9062);
#7724=AXIS2_PLACEMENT_3D('',#11673,#9065,#9066);
#7725=AXIS2_PLACEMENT_3D('',#11674,#9067,#9068);
#7726=AXIS2_PLACEMENT_3D('',#11678,#9070,#9071);
#7727=AXIS2_PLACEMENT_3D('',#11683,#9074,#9075);
#7728=AXIS2_PLACEMENT_3D('',#11686,#9077,#9078);
#7729=AXIS2_PLACEMENT_3D('',#11688,#9079,#9080);
#7730=AXIS2_PLACEMENT_3D('',#11690,#9081,#9082);
#7731=AXIS2_PLACEMENT_3D('',#11691,#9083,#9084);
#7732=AXIS2_PLACEMENT_3D('',#11694,#9086,#9087);
#7733=AXIS2_PLACEMENT_3D('',#11697,#9089,#9090);
#7734=AXIS2_PLACEMENT_3D('',#11699,#9092,#9093);
#7735=AXIS2_PLACEMENT_3D('',#11700,#9094,#9095);
#7736=AXIS2_PLACEMENT_3D('',#11702,#9096,#9097);
#7737=AXIS2_PLACEMENT_3D('',#11704,#9099,#9100);
#7738=AXIS2_PLACEMENT_3D('',#11705,#9101,#9102);
#7739=AXIS2_PLACEMENT_3D('',#11708,#9104,#9105);
#7740=AXIS2_PLACEMENT_3D('',#11711,#9107,#9108);
#7741=AXIS2_PLACEMENT_3D('',#11713,#9110,#9111);
#7742=AXIS2_PLACEMENT_3D('',#11714,#9112,#9113);
#7743=AXIS2_PLACEMENT_3D('',#11716,#9114,#9115);
#7744=AXIS2_PLACEMENT_3D('',#11718,#9117,#9118);
#7745=AXIS2_PLACEMENT_3D('',#11719,#9119,#9120);
#7746=AXIS2_PLACEMENT_3D('',#11720,#9121,#9122);
#7747=AXIS2_PLACEMENT_3D('',#11722,#9123,#9124);
#7748=AXIS2_PLACEMENT_3D('',#11723,#9125,#9126);
#7749=AXIS2_PLACEMENT_3D('',#11725,#9127,#9128);
#7750=AXIS2_PLACEMENT_3D('',#11726,#9129,#9130);
#7751=AXIS2_PLACEMENT_3D('',#11732,#9133,#9134);
#7752=AXIS2_PLACEMENT_3D('',#11736,#9137,#9138);
#7753=AXIS2_PLACEMENT_3D('',#11738,#9140,#9141);
#7754=AXIS2_PLACEMENT_3D('',#11739,#9142,#9143);
#7755=AXIS2_PLACEMENT_3D('',#11741,#9145,#9146);
#7756=AXIS2_PLACEMENT_3D('',#11742,#9147,#9148);
#7757=AXIS2_PLACEMENT_3D('',#11746,#9151,#9152);
#7758=AXIS2_PLACEMENT_3D('',#11750,#9155,#9156);
#7759=AXIS2_PLACEMENT_3D('',#11752,#9158,#9159);
#7760=AXIS2_PLACEMENT_3D('',#11753,#9160,#9161);
#7761=AXIS2_PLACEMENT_3D('',#11759,#9165,#9166);
#7762=AXIS2_PLACEMENT_3D('',#11763,#9169,#9170);
#7763=AXIS2_PLACEMENT_3D('',#11766,#9172,#9173);
#7764=AXIS2_PLACEMENT_3D('',#11767,#9174,#9175);
#7765=AXIS2_PLACEMENT_3D('',#11770,#9177,#9178);
#7766=AXIS2_PLACEMENT_3D('',#11771,#9179,#9180);
#7767=AXIS2_PLACEMENT_3D('',#11774,#9182,#9183);
#7768=AXIS2_PLACEMENT_3D('',#11775,#9184,#9185);
#7769=AXIS2_PLACEMENT_3D('',#11778,#9187,#9188);
#7770=AXIS2_PLACEMENT_3D('',#11779,#9189,#9190);
#7771=AXIS2_PLACEMENT_3D('',#11782,#9192,#9193);
#7772=AXIS2_PLACEMENT_3D('',#11783,#9194,#9195);
#7773=AXIS2_PLACEMENT_3D('',#11786,#9197,#9198);
#7774=AXIS2_PLACEMENT_3D('',#11787,#9199,#9200);
#7775=AXIS2_PLACEMENT_3D('',#11790,#9202,#9203);
#7776=AXIS2_PLACEMENT_3D('',#11791,#9204,#9205);
#7777=AXIS2_PLACEMENT_3D('',#11794,#9207,#9208);
#7778=AXIS2_PLACEMENT_3D('',#11795,#9209,#9210);
#7779=AXIS2_PLACEMENT_3D('',#11798,#9212,#9213);
#7780=AXIS2_PLACEMENT_3D('',#11799,#9214,#9215);
#7781=AXIS2_PLACEMENT_3D('',#11802,#9217,#9218);
#7782=AXIS2_PLACEMENT_3D('',#11803,#9219,#9220);
#7783=AXIS2_PLACEMENT_3D('',#11806,#9222,#9223);
#7784=AXIS2_PLACEMENT_3D('',#11807,#9224,#9225);
#7785=AXIS2_PLACEMENT_3D('',#11810,#9227,#9228);
#7786=AXIS2_PLACEMENT_3D('',#11811,#9229,#9230);
#7787=AXIS2_PLACEMENT_3D('',#11814,#9232,#9233);
#7788=AXIS2_PLACEMENT_3D('',#11815,#9234,#9235);
#7789=AXIS2_PLACEMENT_3D('',#11818,#9237,#9238);
#7790=AXIS2_PLACEMENT_3D('',#11819,#9239,#9240);
#7791=AXIS2_PLACEMENT_3D('',#11822,#9242,#9243);
#7792=AXIS2_PLACEMENT_3D('',#11823,#9244,#9245);
#7793=AXIS2_PLACEMENT_3D('',#11827,#9248,#9249);
#7794=AXIS2_PLACEMENT_3D('',#11830,#9251,#9252);
#7795=AXIS2_PLACEMENT_3D('',#11831,#9253,#9254);
#7796=AXIS2_PLACEMENT_3D('',#11834,#9256,#9257);
#7797=AXIS2_PLACEMENT_3D('',#11835,#9258,#9259);
#7798=AXIS2_PLACEMENT_3D('',#11838,#9261,#9262);
#7799=AXIS2_PLACEMENT_3D('',#11839,#9263,#9264);
#7800=AXIS2_PLACEMENT_3D('',#11842,#9266,#9267);
#7801=AXIS2_PLACEMENT_3D('',#11843,#9268,#9269);
#7802=AXIS2_PLACEMENT_3D('',#11846,#9271,#9272);
#7803=AXIS2_PLACEMENT_3D('',#11847,#9273,#9274);
#7804=AXIS2_PLACEMENT_3D('',#11850,#9276,#9277);
#7805=AXIS2_PLACEMENT_3D('',#11851,#9278,#9279);
#7806=AXIS2_PLACEMENT_3D('',#11854,#9281,#9282);
#7807=AXIS2_PLACEMENT_3D('',#11855,#9283,#9284);
#7808=AXIS2_PLACEMENT_3D('',#11858,#9286,#9287);
#7809=AXIS2_PLACEMENT_3D('',#11859,#9288,#9289);
#7810=AXIS2_PLACEMENT_3D('',#11862,#9291,#9292);
#7811=AXIS2_PLACEMENT_3D('',#11863,#9293,#9294);
#7812=AXIS2_PLACEMENT_3D('',#11866,#9296,#9297);
#7813=AXIS2_PLACEMENT_3D('',#11867,#9298,#9299);
#7814=AXIS2_PLACEMENT_3D('',#11870,#9301,#9302);
#7815=AXIS2_PLACEMENT_3D('',#11871,#9303,#9304);
#7816=AXIS2_PLACEMENT_3D('',#11874,#9306,#9307);
#7817=AXIS2_PLACEMENT_3D('',#11875,#9308,#9309);
#7818=AXIS2_PLACEMENT_3D('',#11878,#9311,#9312);
#7819=AXIS2_PLACEMENT_3D('',#11879,#9313,#9314);
#7820=AXIS2_PLACEMENT_3D('',#11882,#9316,#9317);
#7821=AXIS2_PLACEMENT_3D('',#11883,#9318,#9319);
#7822=AXIS2_PLACEMENT_3D('',#11886,#9321,#9322);
#7823=AXIS2_PLACEMENT_3D('',#11887,#9323,#9324);
#7824=AXIS2_PLACEMENT_3D('',#11890,#9326,#9327);
#7825=AXIS2_PLACEMENT_3D('',#11891,#9328,#9329);
#7826=AXIS2_PLACEMENT_3D('',#11895,#9332,#9333);
#7827=AXIS2_PLACEMENT_3D('',#11898,#9335,#9336);
#7828=AXIS2_PLACEMENT_3D('',#11899,#9337,#9338);
#7829=AXIS2_PLACEMENT_3D('',#11902,#9340,#9341);
#7830=AXIS2_PLACEMENT_3D('',#11903,#9342,#9343);
#7831=AXIS2_PLACEMENT_3D('',#11906,#9345,#9346);
#7832=AXIS2_PLACEMENT_3D('',#11907,#9347,#9348);
#7833=AXIS2_PLACEMENT_3D('',#11910,#9350,#9351);
#7834=AXIS2_PLACEMENT_3D('',#11911,#9352,#9353);
#7835=AXIS2_PLACEMENT_3D('',#11915,#9356,#9357);
#7836=AXIS2_PLACEMENT_3D('',#11918,#9359,#9360);
#7837=AXIS2_PLACEMENT_3D('',#11919,#9361,#9362);
#7838=AXIS2_PLACEMENT_3D('',#11922,#9364,#9365);
#7839=AXIS2_PLACEMENT_3D('',#11923,#9366,#9367);
#7840=AXIS2_PLACEMENT_3D('',#11926,#9369,#9370);
#7841=AXIS2_PLACEMENT_3D('',#11927,#9371,#9372);
#7842=AXIS2_PLACEMENT_3D('',#11931,#9375,#9376);
#7843=AXIS2_PLACEMENT_3D('',#11934,#9378,#9379);
#7844=AXIS2_PLACEMENT_3D('',#11935,#9380,#9381);
#7845=AXIS2_PLACEMENT_3D('',#11938,#9383,#9384);
#7846=AXIS2_PLACEMENT_3D('',#11939,#9385,#9386);
#7847=AXIS2_PLACEMENT_3D('',#11942,#9388,#9389);
#7848=AXIS2_PLACEMENT_3D('',#11943,#9390,#9391);
#7849=AXIS2_PLACEMENT_3D('',#11946,#9393,#9394);
#7850=AXIS2_PLACEMENT_3D('',#11947,#9395,#9396);
#7851=AXIS2_PLACEMENT_3D('',#11951,#9399,#9400);
#7852=AXIS2_PLACEMENT_3D('',#11954,#9402,#9403);
#7853=AXIS2_PLACEMENT_3D('',#11955,#9404,#9405);
#7854=AXIS2_PLACEMENT_3D('',#11958,#9407,#9408);
#7855=AXIS2_PLACEMENT_3D('',#11959,#9409,#9410);
#7856=AXIS2_PLACEMENT_3D('',#11962,#9412,#9413);
#7857=AXIS2_PLACEMENT_3D('',#11963,#9414,#9415);
#7858=AXIS2_PLACEMENT_3D('',#11966,#9417,#9418);
#7859=AXIS2_PLACEMENT_3D('',#11967,#9419,#9420);
#7860=AXIS2_PLACEMENT_3D('',#11970,#9422,#9423);
#7861=AXIS2_PLACEMENT_3D('',#11971,#9424,#9425);
#7862=AXIS2_PLACEMENT_3D('',#11974,#9427,#9428);
#7863=AXIS2_PLACEMENT_3D('',#11975,#9429,#9430);
#7864=AXIS2_PLACEMENT_3D('',#11978,#9432,#9433);
#7865=AXIS2_PLACEMENT_3D('',#11979,#9434,#9435);
#7866=AXIS2_PLACEMENT_3D('',#11982,#9437,#9438);
#7867=AXIS2_PLACEMENT_3D('',#11983,#9439,#9440);
#7868=AXIS2_PLACEMENT_3D('',#11986,#9442,#9443);
#7869=AXIS2_PLACEMENT_3D('',#11987,#9444,#9445);
#7870=AXIS2_PLACEMENT_3D('',#11990,#9447,#9448);
#7871=AXIS2_PLACEMENT_3D('',#11991,#9449,#9450);
#7872=AXIS2_PLACEMENT_3D('',#11994,#9452,#9453);
#7873=AXIS2_PLACEMENT_3D('',#11995,#9454,#9455);
#7874=AXIS2_PLACEMENT_3D('',#11998,#9457,#9458);
#7875=AXIS2_PLACEMENT_3D('',#11999,#9459,#9460);
#7876=AXIS2_PLACEMENT_3D('',#12000,#9461,#9462);
#7877=AXIS2_PLACEMENT_3D('',#12001,#9463,#9464);
#7878=AXIS2_PLACEMENT_3D('',#12002,#9465,#9466);
#7879=AXIS2_PLACEMENT_3D('',#12011,#9471,#9472);
#7880=AXIS2_PLACEMENT_3D('',#12012,#9473,#9474);
#7881=AXIS2_PLACEMENT_3D('',#12016,#9476,#9477);
#7882=AXIS2_PLACEMENT_3D('',#12017,#9478,#9479);
#7883=AXIS2_PLACEMENT_3D('',#12018,#9480,#9481);
#7884=AXIS2_PLACEMENT_3D('',#12022,#9483,#9484);
#7885=AXIS2_PLACEMENT_3D('',#12023,#9485,#9486);
#7886=AXIS2_PLACEMENT_3D('',#12024,#9487,#9488);
#7887=AXIS2_PLACEMENT_3D('',#12028,#9490,#9491);
#7888=AXIS2_PLACEMENT_3D('',#12029,#9492,#9493);
#7889=AXIS2_PLACEMENT_3D('',#12030,#9494,#9495);
#7890=AXIS2_PLACEMENT_3D('',#12034,#9497,#9498);
#7891=AXIS2_PLACEMENT_3D('',#12035,#9499,#9500);
#7892=AXIS2_PLACEMENT_3D('',#12041,#9504,#9505);
#7893=AXIS2_PLACEMENT_3D('',#12042,#9506,#9507);
#7894=AXIS2_PLACEMENT_3D('',#12046,#9509,#9510);
#7895=AXIS2_PLACEMENT_3D('',#12047,#9511,#9512);
#7896=AXIS2_PLACEMENT_3D('',#12048,#9513,#9514);
#7897=AXIS2_PLACEMENT_3D('',#12052,#9516,#9517);
#7898=AXIS2_PLACEMENT_3D('',#12053,#9518,#9519);
#7899=AXIS2_PLACEMENT_3D('',#12054,#9520,#9521);
#7900=AXIS2_PLACEMENT_3D('',#12058,#9523,#9524);
#7901=AXIS2_PLACEMENT_3D('',#12059,#9525,#9526);
#7902=AXIS2_PLACEMENT_3D('',#12060,#9527,#9528);
#7903=AXIS2_PLACEMENT_3D('',#12064,#9530,#9531);
#7904=AXIS2_PLACEMENT_3D('',#12065,#9532,#9533);
#7905=AXIS2_PLACEMENT_3D('',#12068,#9535,#9536);
#7906=AXIS2_PLACEMENT_3D('',#12071,#9538,#9539);
#7907=AXIS2_PLACEMENT_3D('',#12074,#9541,#9542);
#7908=AXIS2_PLACEMENT_3D('',#12075,#9543,#9544);
#7909=AXIS2_PLACEMENT_3D('',#12078,#9546,#9547);
#7910=AXIS2_PLACEMENT_3D('',#12079,#9548,#9549);
#7911=AXIS2_PLACEMENT_3D('',#12082,#9551,#9552);
#7912=AXIS2_PLACEMENT_3D('',#12083,#9553,#9554);
#7913=AXIS2_PLACEMENT_3D('',#12086,#9556,#9557);
#7914=AXIS2_PLACEMENT_3D('',#12087,#9558,#9559);
#7915=AXIS2_PLACEMENT_3D('',#12091,#9562,#9563);
#7916=AXIS2_PLACEMENT_3D('',#12094,#9565,#9566);
#7917=AXIS2_PLACEMENT_3D('',#12095,#9567,#9568);
#7918=AXIS2_PLACEMENT_3D('',#12098,#9570,#9571);
#7919=AXIS2_PLACEMENT_3D('',#12099,#9572,#9573);
#7920=AXIS2_PLACEMENT_3D('',#12102,#9575,#9576);
#7921=AXIS2_PLACEMENT_3D('',#12103,#9577,#9578);
#7922=AXIS2_PLACEMENT_3D('',#12106,#9580,#9581);
#7923=AXIS2_PLACEMENT_3D('',#12107,#9582,#9583);
#7924=AXIS2_PLACEMENT_3D('',#12110,#9585,#9586);
#7925=AXIS2_PLACEMENT_3D('',#12111,#9587,#9588);
#7926=AXIS2_PLACEMENT_3D('',#12114,#9590,#9591);
#7927=AXIS2_PLACEMENT_3D('',#12115,#9592,#9593);
#7928=AXIS2_PLACEMENT_3D('',#12118,#9595,#9596);
#7929=AXIS2_PLACEMENT_3D('',#12119,#9597,#9598);
#7930=AXIS2_PLACEMENT_3D('',#12122,#9600,#9601);
#7931=AXIS2_PLACEMENT_3D('',#12123,#9602,#9603);
#7932=AXIS2_PLACEMENT_3D('',#12127,#9606,#9607);
#7933=AXIS2_PLACEMENT_3D('',#12131,#9610,#9611);
#7934=AXIS2_PLACEMENT_3D('',#12134,#9613,#9614);
#7935=AXIS2_PLACEMENT_3D('',#12135,#9615,#9616);
#7936=AXIS2_PLACEMENT_3D('',#12138,#9618,#9619);
#7937=AXIS2_PLACEMENT_3D('',#12139,#9620,#9621);
#7938=AXIS2_PLACEMENT_3D('',#12142,#9623,#9624);
#7939=AXIS2_PLACEMENT_3D('',#12143,#9625,#9626);
#7940=AXIS2_PLACEMENT_3D('',#12146,#9628,#9629);
#7941=AXIS2_PLACEMENT_3D('',#12147,#9630,#9631);
#7942=AXIS2_PLACEMENT_3D('',#12150,#9633,#9634);
#7943=AXIS2_PLACEMENT_3D('',#12151,#9635,#9636);
#7944=AXIS2_PLACEMENT_3D('',#12154,#9638,#9639);
#7945=AXIS2_PLACEMENT_3D('',#12155,#9640,#9641);
#7946=AXIS2_PLACEMENT_3D('',#12158,#9643,#9644);
#7947=AXIS2_PLACEMENT_3D('',#12159,#9645,#9646);
#7948=AXIS2_PLACEMENT_3D('',#12162,#9648,#9649);
#7949=AXIS2_PLACEMENT_3D('',#12163,#9650,#9651);
#7950=AXIS2_PLACEMENT_3D('',#12166,#9653,#9654);
#7951=AXIS2_PLACEMENT_3D('',#12167,#9655,#9656);
#7952=AXIS2_PLACEMENT_3D('',#12170,#9658,#9659);
#7953=AXIS2_PLACEMENT_3D('',#12171,#9660,#9661);
#7954=AXIS2_PLACEMENT_3D('',#12174,#9663,#9664);
#7955=AXIS2_PLACEMENT_3D('',#12175,#9665,#9666);
#7956=AXIS2_PLACEMENT_3D('',#12178,#9668,#9669);
#7957=AXIS2_PLACEMENT_3D('',#12179,#9670,#9671);
#7958=AXIS2_PLACEMENT_3D('',#12180,#9672,#9673);
#7959=AXIS2_PLACEMENT_3D('',#12181,#9674,#9675);
#7960=AXIS2_PLACEMENT_3D('',#12182,#9676,#9677);
#7961=AXIS2_PLACEMENT_3D('',#12183,#9678,#9679);
#7962=AXIS2_PLACEMENT_3D('',#12184,#9680,#9681);
#7963=AXIS2_PLACEMENT_3D('',#12185,#9682,#9683);
#7964=AXIS2_PLACEMENT_3D('',#12186,#9684,#9685);
#7965=AXIS2_PLACEMENT_3D('',#12191,#9687,#9688);
#7966=AXIS2_PLACEMENT_3D('',#12194,#9690,#9691);
#7967=AXIS2_PLACEMENT_3D('',#12195,#9692,#9693);
#7968=AXIS2_PLACEMENT_3D('',#12199,#9695,#9696);
#7969=AXIS2_PLACEMENT_3D('',#12200,#9697,#9698);
#7970=AXIS2_PLACEMENT_3D('',#12201,#9699,#9700);
#7971=AXIS2_PLACEMENT_3D('',#12205,#9702,#9703);
#7972=AXIS2_PLACEMENT_3D('',#12206,#9704,#9705);
#7973=AXIS2_PLACEMENT_3D('',#12207,#9706,#9707);
#7974=AXIS2_PLACEMENT_3D('',#12211,#9709,#9710);
#7975=AXIS2_PLACEMENT_3D('',#12212,#9711,#9712);
#7976=AXIS2_PLACEMENT_3D('',#12213,#9713,#9714);
#7977=AXIS2_PLACEMENT_3D('',#12217,#9716,#9717);
#7978=AXIS2_PLACEMENT_3D('',#12218,#9718,#9719);
#7979=AXIS2_PLACEMENT_3D('',#12219,#9720,#9721);
#7980=AXIS2_PLACEMENT_3D('',#12223,#9723,#9724);
#7981=AXIS2_PLACEMENT_3D('',#12224,#9725,#9726);
#7982=AXIS2_PLACEMENT_3D('',#12225,#9727,#9728);
#7983=AXIS2_PLACEMENT_3D('',#12229,#9730,#9731);
#7984=AXIS2_PLACEMENT_3D('',#12230,#9732,#9733);
#7985=AXIS2_PLACEMENT_3D('',#12231,#9734,#9735);
#7986=AXIS2_PLACEMENT_3D('',#12235,#9737,#9738);
#7987=AXIS2_PLACEMENT_3D('',#12236,#9739,#9740);
#7988=AXIS2_PLACEMENT_3D('',#12237,#9741,#9742);
#7989=AXIS2_PLACEMENT_3D('',#12241,#9744,#9745);
#7990=AXIS2_PLACEMENT_3D('',#12242,#9746,#9747);
#7991=AXIS2_PLACEMENT_3D('',#12243,#9748,#9749);
#7992=AXIS2_PLACEMENT_3D('',#12247,#9751,#9752);
#7993=AXIS2_PLACEMENT_3D('',#12248,#9753,#9754);
#7994=AXIS2_PLACEMENT_3D('',#12249,#9755,#9756);
#7995=AXIS2_PLACEMENT_3D('',#12253,#9758,#9759);
#7996=AXIS2_PLACEMENT_3D('',#12254,#9760,#9761);
#7997=AXIS2_PLACEMENT_3D('',#12255,#9762,#9763);
#7998=AXIS2_PLACEMENT_3D('',#12259,#9765,#9766);
#7999=AXIS2_PLACEMENT_3D('',#12260,#9767,#9768);
#8000=AXIS2_PLACEMENT_3D('',#12261,#9769,#9770);
#8001=AXIS2_PLACEMENT_3D('',#12265,#9772,#9773);
#8002=AXIS2_PLACEMENT_3D('',#12266,#9774,#9775);
#8003=AXIS2_PLACEMENT_3D('',#12267,#9776,#9777);
#8004=AXIS2_PLACEMENT_3D('',#12271,#9779,#9780);
#8005=AXIS2_PLACEMENT_3D('',#12272,#9781,#9782);
#8006=AXIS2_PLACEMENT_3D('',#12273,#9783,#9784);
#8007=AXIS2_PLACEMENT_3D('',#12277,#9786,#9787);
#8008=AXIS2_PLACEMENT_3D('',#12278,#9788,#9789);
#8009=AXIS2_PLACEMENT_3D('',#12281,#9791,#9792);
#8010=AXIS2_PLACEMENT_3D('',#12284,#9794,#9795);
#8011=AXIS2_PLACEMENT_3D('',#12288,#9798,#9799);
#8012=AXIS2_PLACEMENT_3D('',#12292,#9802,#9803);
#8013=AXIS2_PLACEMENT_3D('',#12296,#9806,#9807);
#8014=AXIS2_PLACEMENT_3D('',#12299,#9809,#9810);
#8015=AXIS2_PLACEMENT_3D('',#12300,#9811,#9812);
#8016=AXIS2_PLACEMENT_3D('',#12303,#9814,#9815);
#8017=AXIS2_PLACEMENT_3D('',#12304,#9816,#9817);
#8018=AXIS2_PLACEMENT_3D('',#12307,#9819,#9820);
#8019=AXIS2_PLACEMENT_3D('',#12308,#9821,#9822);
#8020=AXIS2_PLACEMENT_3D('',#12311,#9824,#9825);
#8021=AXIS2_PLACEMENT_3D('',#12312,#9826,#9827);
#8022=AXIS2_PLACEMENT_3D('',#12315,#9829,#9830);
#8023=AXIS2_PLACEMENT_3D('',#12316,#9831,#9832);
#8024=AXIS2_PLACEMENT_3D('',#12319,#9834,#9835);
#8025=AXIS2_PLACEMENT_3D('',#12320,#9836,#9837);
#8026=AXIS2_PLACEMENT_3D('',#12323,#9839,#9840);
#8027=AXIS2_PLACEMENT_3D('',#12324,#9841,#9842);
#8028=AXIS2_PLACEMENT_3D('',#12327,#9844,#9845);
#8029=AXIS2_PLACEMENT_3D('',#12328,#9846,#9847);
#8030=AXIS2_PLACEMENT_3D('',#12332,#9850,#9851);
#8031=AXIS2_PLACEMENT_3D('',#12335,#9853,#9854);
#8032=AXIS2_PLACEMENT_3D('',#12336,#9855,#9856);
#8033=AXIS2_PLACEMENT_3D('',#12339,#9858,#9859);
#8034=AXIS2_PLACEMENT_3D('',#12340,#9860,#9861);
#8035=AXIS2_PLACEMENT_3D('',#12343,#9863,#9864);
#8036=AXIS2_PLACEMENT_3D('',#12344,#9865,#9866);
#8037=AXIS2_PLACEMENT_3D('',#12347,#9868,#9869);
#8038=AXIS2_PLACEMENT_3D('',#12348,#9870,#9871);
#8039=AXIS2_PLACEMENT_3D('',#12351,#9873,#9874);
#8040=AXIS2_PLACEMENT_3D('',#12352,#9875,#9876);
#8041=AXIS2_PLACEMENT_3D('',#12355,#9878,#9879);
#8042=AXIS2_PLACEMENT_3D('',#12356,#9880,#9881);
#8043=AXIS2_PLACEMENT_3D('',#12359,#9883,#9884);
#8044=AXIS2_PLACEMENT_3D('',#12360,#9885,#9886);
#8045=AXIS2_PLACEMENT_3D('',#12363,#9888,#9889);
#8046=AXIS2_PLACEMENT_3D('',#12364,#9890,#9891);
#8047=AXIS2_PLACEMENT_3D('',#12367,#9893,#9894);
#8048=AXIS2_PLACEMENT_3D('',#12368,#9895,#9896);
#8049=AXIS2_PLACEMENT_3D('',#12371,#9898,#9899);
#8050=AXIS2_PLACEMENT_3D('',#12372,#9900,#9901);
#8051=AXIS2_PLACEMENT_3D('',#12375,#9903,#9904);
#8052=AXIS2_PLACEMENT_3D('',#12376,#9905,#9906);
#8053=AXIS2_PLACEMENT_3D('',#12379,#9908,#9909);
#8054=AXIS2_PLACEMENT_3D('',#12380,#9910,#9911);
#8055=AXIS2_PLACEMENT_3D('',#12383,#9913,#9914);
#8056=AXIS2_PLACEMENT_3D('',#12384,#9915,#9916);
#8057=AXIS2_PLACEMENT_3D('',#12387,#9918,#9919);
#8058=AXIS2_PLACEMENT_3D('',#12388,#9920,#9921);
#8059=AXIS2_PLACEMENT_3D('',#12392,#9924,#9925);
#8060=AXIS2_PLACEMENT_3D('',#12395,#9927,#9928);
#8061=AXIS2_PLACEMENT_3D('',#12396,#9929,#9930);
#8062=AXIS2_PLACEMENT_3D('',#12399,#9932,#9933);
#8063=AXIS2_PLACEMENT_3D('',#12400,#9934,#9935);
#8064=AXIS2_PLACEMENT_3D('',#12403,#9937,#9938);
#8065=AXIS2_PLACEMENT_3D('',#12404,#9939,#9940);
#8066=AXIS2_PLACEMENT_3D('',#12407,#9942,#9943);
#8067=AXIS2_PLACEMENT_3D('',#12408,#9944,#9945);
#8068=AXIS2_PLACEMENT_3D('',#12411,#9947,#9948);
#8069=AXIS2_PLACEMENT_3D('',#12412,#9949,#9950);
#8070=AXIS2_PLACEMENT_3D('',#12415,#9952,#9953);
#8071=AXIS2_PLACEMENT_3D('',#12416,#9954,#9955);
#8072=AXIS2_PLACEMENT_3D('',#12419,#9957,#9958);
#8073=AXIS2_PLACEMENT_3D('',#12420,#9959,#9960);
#8074=AXIS2_PLACEMENT_3D('',#12423,#9962,#9963);
#8075=AXIS2_PLACEMENT_3D('',#12424,#9964,#9965);
#8076=AXIS2_PLACEMENT_3D('',#12427,#9967,#9968);
#8077=AXIS2_PLACEMENT_3D('',#12428,#9969,#9970);
#8078=AXIS2_PLACEMENT_3D('',#12431,#9972,#9973);
#8079=AXIS2_PLACEMENT_3D('',#12432,#9974,#9975);
#8080=AXIS2_PLACEMENT_3D('',#12435,#9977,#9978);
#8081=AXIS2_PLACEMENT_3D('',#12436,#9979,#9980);
#8082=AXIS2_PLACEMENT_3D('',#12437,#9981,#9982);
#8083=AXIS2_PLACEMENT_3D('',#12438,#9983,#9984);
#8084=AXIS2_PLACEMENT_3D('',#12439,#9985,#9986);
#8085=AXIS2_PLACEMENT_3D('',#12440,#9987,#9988);
#8086=AXIS2_PLACEMENT_3D('',#12441,#9989,#9990);
#8087=AXIS2_PLACEMENT_3D('',#12442,#9991,#9992);
#8088=AXIS2_PLACEMENT_3D('',#12443,#9993,#9994);
#8089=AXIS2_PLACEMENT_3D('',#12448,#9996,#9997);
#8090=AXIS2_PLACEMENT_3D('',#12451,#9999,#10000);
#8091=AXIS2_PLACEMENT_3D('',#12452,#10001,#10002);
#8092=AXIS2_PLACEMENT_3D('',#12456,#10004,#10005);
#8093=AXIS2_PLACEMENT_3D('',#12457,#10006,#10007);
#8094=AXIS2_PLACEMENT_3D('',#12458,#10008,#10009);
#8095=AXIS2_PLACEMENT_3D('',#12462,#10011,#10012);
#8096=AXIS2_PLACEMENT_3D('',#12463,#10013,#10014);
#8097=AXIS2_PLACEMENT_3D('',#12464,#10015,#10016);
#8098=AXIS2_PLACEMENT_3D('',#12468,#10018,#10019);
#8099=AXIS2_PLACEMENT_3D('',#12469,#10020,#10021);
#8100=AXIS2_PLACEMENT_3D('',#12470,#10022,#10023);
#8101=AXIS2_PLACEMENT_3D('',#12474,#10025,#10026);
#8102=AXIS2_PLACEMENT_3D('',#12475,#10027,#10028);
#8103=AXIS2_PLACEMENT_3D('',#12476,#10029,#10030);
#8104=AXIS2_PLACEMENT_3D('',#12480,#10032,#10033);
#8105=AXIS2_PLACEMENT_3D('',#12481,#10034,#10035);
#8106=AXIS2_PLACEMENT_3D('',#12482,#10036,#10037);
#8107=AXIS2_PLACEMENT_3D('',#12486,#10039,#10040);
#8108=AXIS2_PLACEMENT_3D('',#12487,#10041,#10042);
#8109=AXIS2_PLACEMENT_3D('',#12488,#10043,#10044);
#8110=AXIS2_PLACEMENT_3D('',#12492,#10046,#10047);
#8111=AXIS2_PLACEMENT_3D('',#12493,#10048,#10049);
#8112=AXIS2_PLACEMENT_3D('',#12494,#10050,#10051);
#8113=AXIS2_PLACEMENT_3D('',#12498,#10053,#10054);
#8114=AXIS2_PLACEMENT_3D('',#12499,#10055,#10056);
#8115=AXIS2_PLACEMENT_3D('',#12500,#10057,#10058);
#8116=AXIS2_PLACEMENT_3D('',#12504,#10060,#10061);
#8117=AXIS2_PLACEMENT_3D('',#12505,#10062,#10063);
#8118=AXIS2_PLACEMENT_3D('',#12506,#10064,#10065);
#8119=AXIS2_PLACEMENT_3D('',#12510,#10067,#10068);
#8120=AXIS2_PLACEMENT_3D('',#12511,#10069,#10070);
#8121=AXIS2_PLACEMENT_3D('',#12512,#10071,#10072);
#8122=AXIS2_PLACEMENT_3D('',#12516,#10074,#10075);
#8123=AXIS2_PLACEMENT_3D('',#12517,#10076,#10077);
#8124=AXIS2_PLACEMENT_3D('',#12518,#10078,#10079);
#8125=AXIS2_PLACEMENT_3D('',#12522,#10081,#10082);
#8126=AXIS2_PLACEMENT_3D('',#12523,#10083,#10084);
#8127=AXIS2_PLACEMENT_3D('',#12524,#10085,#10086);
#8128=AXIS2_PLACEMENT_3D('',#12528,#10088,#10089);
#8129=AXIS2_PLACEMENT_3D('',#12529,#10090,#10091);
#8130=AXIS2_PLACEMENT_3D('',#12530,#10092,#10093);
#8131=AXIS2_PLACEMENT_3D('',#12534,#10095,#10096);
#8132=AXIS2_PLACEMENT_3D('',#12535,#10097,#10098);
#8133=AXIS2_PLACEMENT_3D('',#12536,#10099,#10100);
#8134=AXIS2_PLACEMENT_3D('',#12540,#10102,#10103);
#8135=AXIS2_PLACEMENT_3D('',#12541,#10104,#10105);
#8136=AXIS2_PLACEMENT_3D('',#12542,#10106,#10107);
#8137=AXIS2_PLACEMENT_3D('',#12546,#10109,#10110);
#8138=AXIS2_PLACEMENT_3D('',#12547,#10111,#10112);
#8139=AXIS2_PLACEMENT_3D('',#12548,#10113,#10114);
#8140=AXIS2_PLACEMENT_3D('',#12552,#10116,#10117);
#8141=AXIS2_PLACEMENT_3D('',#12553,#10118,#10119);
#8142=AXIS2_PLACEMENT_3D('',#12554,#10120,#10121);
#8143=AXIS2_PLACEMENT_3D('',#12558,#10123,#10124);
#8144=AXIS2_PLACEMENT_3D('',#12559,#10125,#10126);
#8145=AXIS2_PLACEMENT_3D('',#12560,#10127,#10128);
#8146=AXIS2_PLACEMENT_3D('',#12564,#10130,#10131);
#8147=AXIS2_PLACEMENT_3D('',#12565,#10132,#10133);
#8148=AXIS2_PLACEMENT_3D('',#12566,#10134,#10135);
#8149=AXIS2_PLACEMENT_3D('',#12570,#10137,#10138);
#8150=AXIS2_PLACEMENT_3D('',#12571,#10139,#10140);
#8151=AXIS2_PLACEMENT_3D('',#12572,#10141,#10142);
#8152=AXIS2_PLACEMENT_3D('',#12576,#10144,#10145);
#8153=AXIS2_PLACEMENT_3D('',#12577,#10146,#10147);
#8154=AXIS2_PLACEMENT_3D('',#12578,#10148,#10149);
#8155=AXIS2_PLACEMENT_3D('',#12582,#10151,#10152);
#8156=AXIS2_PLACEMENT_3D('',#12583,#10153,#10154);
#8157=AXIS2_PLACEMENT_3D('',#12586,#10156,#10157);
#8158=AXIS2_PLACEMENT_3D('',#12589,#10159,#10160);
#8159=AXIS2_PLACEMENT_3D('',#12592,#10162,#10163);
#8160=AXIS2_PLACEMENT_3D('',#12593,#10164,#10165);
#8161=AXIS2_PLACEMENT_3D('',#12596,#10167,#10168);
#8162=AXIS2_PLACEMENT_3D('',#12597,#10169,#10170);
#8163=AXIS2_PLACEMENT_3D('',#12600,#10172,#10173);
#8164=AXIS2_PLACEMENT_3D('',#12601,#10174,#10175);
#8165=AXIS2_PLACEMENT_3D('',#12604,#10177,#10178);
#8166=AXIS2_PLACEMENT_3D('',#12605,#10179,#10180);
#8167=AXIS2_PLACEMENT_3D('',#12608,#10182,#10183);
#8168=AXIS2_PLACEMENT_3D('',#12609,#10184,#10185);
#8169=AXIS2_PLACEMENT_3D('',#12612,#10187,#10188);
#8170=AXIS2_PLACEMENT_3D('',#12613,#10189,#10190);
#8171=AXIS2_PLACEMENT_3D('',#12616,#10192,#10193);
#8172=AXIS2_PLACEMENT_3D('',#12617,#10194,#10195);
#8173=AXIS2_PLACEMENT_3D('',#12620,#10197,#10198);
#8174=AXIS2_PLACEMENT_3D('',#12621,#10199,#10200);
#8175=AXIS2_PLACEMENT_3D('',#12624,#10202,#10203);
#8176=AXIS2_PLACEMENT_3D('',#12625,#10204,#10205);
#8177=AXIS2_PLACEMENT_3D('',#12628,#10207,#10208);
#8178=AXIS2_PLACEMENT_3D('',#12629,#10209,#10210);
#8179=AXIS2_PLACEMENT_3D('',#12632,#10212,#10213);
#8180=AXIS2_PLACEMENT_3D('',#12633,#10214,#10215);
#8181=AXIS2_PLACEMENT_3D('',#12636,#10217,#10218);
#8182=AXIS2_PLACEMENT_3D('',#12637,#10219,#10220);
#8183=AXIS2_PLACEMENT_3D('',#12641,#10223,#10224);
#8184=AXIS2_PLACEMENT_3D('',#12645,#10227,#10228);
#8185=AXIS2_PLACEMENT_3D('',#12649,#10231,#10232);
#8186=AXIS2_PLACEMENT_3D('',#12653,#10235,#10236);
#8187=AXIS2_PLACEMENT_3D('',#12657,#10239,#10240);
#8188=AXIS2_PLACEMENT_3D('',#12661,#10243,#10244);
#8189=AXIS2_PLACEMENT_3D('',#12664,#10246,#10247);
#8190=AXIS2_PLACEMENT_3D('',#12665,#10248,#10249);
#8191=AXIS2_PLACEMENT_3D('',#12666,#10250,#10251);
#8192=AXIS2_PLACEMENT_3D('',#12667,#10252,#10253);
#8193=AXIS2_PLACEMENT_3D('',#12668,#10254,#10255);
#8194=AXIS2_PLACEMENT_3D('',#12669,#10256,#10257);
#8195=AXIS2_PLACEMENT_3D('',#12670,#10258,#10259);
#8196=AXIS2_PLACEMENT_3D('',#12671,#10260,#10261);
#8197=AXIS2_PLACEMENT_3D('',#12677,#10265,#10266);
#8198=AXIS2_PLACEMENT_3D('',#12681,#10269,#10270);
#8199=AXIS2_PLACEMENT_3D('',#12685,#10273,#10274);
#8200=AXIS2_PLACEMENT_3D('',#12687,#10276,#10277);
#8201=AXIS2_PLACEMENT_3D('',#12688,#10278,#10279);
#8202=AXIS2_PLACEMENT_3D('',#12691,#10281,#10282);
#8203=AXIS2_PLACEMENT_3D('',#12694,#10284,#10285);
#8204=AXIS2_PLACEMENT_3D('',#12697,#10287,#10288);
#8205=AXIS2_PLACEMENT_3D('',#12698,#10289,#10290);
#8206=AXIS2_PLACEMENT_3D('',#12701,#10292,#10293);
#8207=AXIS2_PLACEMENT_3D('',#12702,#10294,#10295);
#8208=AXIS2_PLACEMENT_3D('',#12705,#10297,#10298);
#8209=AXIS2_PLACEMENT_3D('',#12706,#10299,#10300);
#8210=AXIS2_PLACEMENT_3D('',#12709,#10302,#10303);
#8211=AXIS2_PLACEMENT_3D('',#12710,#10304,#10305);
#8212=AXIS2_PLACEMENT_3D('',#12713,#10307,#10308);
#8213=AXIS2_PLACEMENT_3D('',#12714,#10309,#10310);
#8214=AXIS2_PLACEMENT_3D('',#12717,#10312,#10313);
#8215=AXIS2_PLACEMENT_3D('',#12718,#10314,#10315);
#8216=AXIS2_PLACEMENT_3D('',#12721,#10317,#10318);
#8217=AXIS2_PLACEMENT_3D('',#12722,#10319,#10320);
#8218=AXIS2_PLACEMENT_3D('',#12725,#10322,#10323);
#8219=AXIS2_PLACEMENT_3D('',#12726,#10324,#10325);
#8220=AXIS2_PLACEMENT_3D('',#12729,#10327,#10328);
#8221=AXIS2_PLACEMENT_3D('',#12730,#10329,#10330);
#8222=AXIS2_PLACEMENT_3D('',#12733,#10332,#10333);
#8223=AXIS2_PLACEMENT_3D('',#12734,#10334,#10335);
#8224=AXIS2_PLACEMENT_3D('',#12738,#10338,#10339);
#8225=AXIS2_PLACEMENT_3D('',#12742,#10342,#10343);
#8226=AXIS2_PLACEMENT_3D('',#12745,#10345,#10346);
#8227=AXIS2_PLACEMENT_3D('',#12746,#10347,#10348);
#8228=AXIS2_PLACEMENT_3D('',#12749,#10350,#10351);
#8229=AXIS2_PLACEMENT_3D('',#12750,#10352,#10353);
#8230=AXIS2_PLACEMENT_3D('',#12753,#10355,#10356);
#8231=AXIS2_PLACEMENT_3D('',#12754,#10357,#10358);
#8232=AXIS2_PLACEMENT_3D('',#12757,#10360,#10361);
#8233=AXIS2_PLACEMENT_3D('',#12758,#10362,#10363);
#8234=AXIS2_PLACEMENT_3D('',#12761,#10365,#10366);
#8235=AXIS2_PLACEMENT_3D('',#12762,#10367,#10368);
#8236=AXIS2_PLACEMENT_3D('',#12765,#10370,#10371);
#8237=AXIS2_PLACEMENT_3D('',#12766,#10372,#10373);
#8238=AXIS2_PLACEMENT_3D('',#12769,#10375,#10376);
#8239=AXIS2_PLACEMENT_3D('',#12770,#10377,#10378);
#8240=AXIS2_PLACEMENT_3D('',#12773,#10380,#10381);
#8241=AXIS2_PLACEMENT_3D('',#12774,#10382,#10383);
#8242=AXIS2_PLACEMENT_3D('',#12777,#10385,#10386);
#8243=AXIS2_PLACEMENT_3D('',#12778,#10387,#10388);
#8244=AXIS2_PLACEMENT_3D('',#12781,#10390,#10391);
#8245=AXIS2_PLACEMENT_3D('',#12782,#10392,#10393);
#8246=AXIS2_PLACEMENT_3D('',#12786,#10396,#10397);
#8247=AXIS2_PLACEMENT_3D('',#12790,#10400,#10401);
#8248=AXIS2_PLACEMENT_3D('',#12793,#10403,#10404);
#8249=AXIS2_PLACEMENT_3D('',#12794,#10405,#10406);
#8250=AXIS2_PLACEMENT_3D('',#12797,#10408,#10409);
#8251=AXIS2_PLACEMENT_3D('',#12798,#10410,#10411);
#8252=AXIS2_PLACEMENT_3D('',#12801,#10413,#10414);
#8253=AXIS2_PLACEMENT_3D('',#12802,#10415,#10416);
#8254=AXIS2_PLACEMENT_3D('',#12805,#10418,#10419);
#8255=AXIS2_PLACEMENT_3D('',#12806,#10420,#10421);
#8256=AXIS2_PLACEMENT_3D('',#12809,#10423,#10424);
#8257=AXIS2_PLACEMENT_3D('',#12810,#10425,#10426);
#8258=AXIS2_PLACEMENT_3D('',#12813,#10428,#10429);
#8259=AXIS2_PLACEMENT_3D('',#12814,#10430,#10431);
#8260=AXIS2_PLACEMENT_3D('',#12817,#10433,#10434);
#8261=AXIS2_PLACEMENT_3D('',#12818,#10435,#10436);
#8262=AXIS2_PLACEMENT_3D('',#12821,#10438,#10439);
#8263=AXIS2_PLACEMENT_3D('',#12822,#10440,#10441);
#8264=AXIS2_PLACEMENT_3D('',#12825,#10443,#10444);
#8265=AXIS2_PLACEMENT_3D('',#12826,#10445,#10446);
#8266=AXIS2_PLACEMENT_3D('',#12829,#10448,#10449);
#8267=AXIS2_PLACEMENT_3D('',#12830,#10450,#10451);
#8268=AXIS2_PLACEMENT_3D('',#12834,#10454,#10455);
#8269=AXIS2_PLACEMENT_3D('',#12838,#10458,#10459);
#8270=AXIS2_PLACEMENT_3D('',#12841,#10461,#10462);
#8271=AXIS2_PLACEMENT_3D('',#12842,#10463,#10464);
#8272=AXIS2_PLACEMENT_3D('',#12845,#10466,#10467);
#8273=AXIS2_PLACEMENT_3D('',#12846,#10468,#10469);
#8274=AXIS2_PLACEMENT_3D('',#12849,#10471,#10472);
#8275=AXIS2_PLACEMENT_3D('',#12850,#10473,#10474);
#8276=AXIS2_PLACEMENT_3D('',#12853,#10476,#10477);
#8277=AXIS2_PLACEMENT_3D('',#12854,#10478,#10479);
#8278=AXIS2_PLACEMENT_3D('',#12857,#10481,#10482);
#8279=AXIS2_PLACEMENT_3D('',#12858,#10483,#10484);
#8280=AXIS2_PLACEMENT_3D('',#12861,#10486,#10487);
#8281=AXIS2_PLACEMENT_3D('',#12862,#10488,#10489);
#8282=AXIS2_PLACEMENT_3D('',#12865,#10491,#10492);
#8283=AXIS2_PLACEMENT_3D('',#12866,#10493,#10494);
#8284=AXIS2_PLACEMENT_3D('',#12869,#10496,#10497);
#8285=AXIS2_PLACEMENT_3D('',#12870,#10498,#10499);
#8286=AXIS2_PLACEMENT_3D('',#12871,#10500,#10501);
#8287=AXIS2_PLACEMENT_3D('',#12872,#10502,#10503);
#8288=AXIS2_PLACEMENT_3D('',#12873,#10504,#10505);
#8289=AXIS2_PLACEMENT_3D('',#12876,#10507,#10508);
#8290=AXIS2_PLACEMENT_3D('',#12879,#10510,#10511);
#8291=AXIS2_PLACEMENT_3D('',#12882,#10513,#10514);
#8292=AXIS2_PLACEMENT_3D('',#12883,#10515,#10516);
#8293=AXIS2_PLACEMENT_3D('',#12886,#10518,#10519);
#8294=AXIS2_PLACEMENT_3D('',#12887,#10520,#10521);
#8295=AXIS2_PLACEMENT_3D('',#12890,#10523,#10524);
#8296=AXIS2_PLACEMENT_3D('',#12891,#10525,#10526);
#8297=AXIS2_PLACEMENT_3D('',#12894,#10528,#10529);
#8298=AXIS2_PLACEMENT_3D('',#12895,#10530,#10531);
#8299=AXIS2_PLACEMENT_3D('',#12898,#10533,#10534);
#8300=AXIS2_PLACEMENT_3D('',#12899,#10535,#10536);
#8301=AXIS2_PLACEMENT_3D('',#12902,#10538,#10539);
#8302=AXIS2_PLACEMENT_3D('',#12903,#10540,#10541);
#8303=AXIS2_PLACEMENT_3D('',#12906,#10543,#10544);
#8304=AXIS2_PLACEMENT_3D('',#12907,#10545,#10546);
#8305=AXIS2_PLACEMENT_3D('',#12910,#10548,#10549);
#8306=AXIS2_PLACEMENT_3D('',#12911,#10550,#10551);
#8307=AXIS2_PLACEMENT_3D('',#12914,#10553,#10554);
#8308=AXIS2_PLACEMENT_3D('',#12915,#10555,#10556);
#8309=AXIS2_PLACEMENT_3D('',#12918,#10558,#10559);
#8310=AXIS2_PLACEMENT_3D('',#12919,#10560,#10561);
#8311=AXIS2_PLACEMENT_3D('',#12923,#10564,#10565);
#8312=AXIS2_PLACEMENT_3D('',#12927,#10568,#10569);
#8313=AXIS2_PLACEMENT_3D('',#12930,#10571,#10572);
#8314=AXIS2_PLACEMENT_3D('',#12931,#10573,#10574);
#8315=AXIS2_PLACEMENT_3D('',#12934,#10576,#10577);
#8316=AXIS2_PLACEMENT_3D('',#12935,#10578,#10579);
#8317=AXIS2_PLACEMENT_3D('',#12938,#10581,#10582);
#8318=AXIS2_PLACEMENT_3D('',#12939,#10583,#10584);
#8319=AXIS2_PLACEMENT_3D('',#12942,#10586,#10587);
#8320=AXIS2_PLACEMENT_3D('',#12943,#10588,#10589);
#8321=AXIS2_PLACEMENT_3D('',#12946,#10591,#10592);
#8322=AXIS2_PLACEMENT_3D('',#12947,#10593,#10594);
#8323=AXIS2_PLACEMENT_3D('',#12950,#10596,#10597);
#8324=AXIS2_PLACEMENT_3D('',#12951,#10598,#10599);
#8325=AXIS2_PLACEMENT_3D('',#12954,#10601,#10602);
#8326=AXIS2_PLACEMENT_3D('',#12955,#10603,#10604);
#8327=AXIS2_PLACEMENT_3D('',#12958,#10606,#10607);
#8328=AXIS2_PLACEMENT_3D('',#12959,#10608,#10609);
#8329=AXIS2_PLACEMENT_3D('',#12962,#10611,#10612);
#8330=AXIS2_PLACEMENT_3D('',#12963,#10613,#10614);
#8331=AXIS2_PLACEMENT_3D('',#12966,#10616,#10617);
#8332=AXIS2_PLACEMENT_3D('',#12967,#10618,#10619);
#8333=AXIS2_PLACEMENT_3D('',#12971,#10622,#10623);
#8334=AXIS2_PLACEMENT_3D('',#12975,#10626,#10627);
#8335=AXIS2_PLACEMENT_3D('',#12978,#10629,#10630);
#8336=AXIS2_PLACEMENT_3D('',#12979,#10631,#10632);
#8337=AXIS2_PLACEMENT_3D('',#12982,#10634,#10635);
#8338=AXIS2_PLACEMENT_3D('',#12983,#10636,#10637);
#8339=AXIS2_PLACEMENT_3D('',#12986,#10639,#10640);
#8340=AXIS2_PLACEMENT_3D('',#12987,#10641,#10642);
#8341=AXIS2_PLACEMENT_3D('',#12990,#10644,#10645);
#8342=AXIS2_PLACEMENT_3D('',#12991,#10646,#10647);
#8343=AXIS2_PLACEMENT_3D('',#12994,#10649,#10650);
#8344=AXIS2_PLACEMENT_3D('',#12995,#10651,#10652);
#8345=AXIS2_PLACEMENT_3D('',#12998,#10654,#10655);
#8346=AXIS2_PLACEMENT_3D('',#12999,#10656,#10657);
#8347=AXIS2_PLACEMENT_3D('',#13002,#10659,#10660);
#8348=AXIS2_PLACEMENT_3D('',#13003,#10661,#10662);
#8349=AXIS2_PLACEMENT_3D('',#13006,#10664,#10665);
#8350=AXIS2_PLACEMENT_3D('',#13007,#10666,#10667);
#8351=AXIS2_PLACEMENT_3D('',#13010,#10669,#10670);
#8352=AXIS2_PLACEMENT_3D('',#13011,#10671,#10672);
#8353=AXIS2_PLACEMENT_3D('',#13014,#10674,#10675);
#8354=AXIS2_PLACEMENT_3D('',#13015,#10676,#10677);
#8355=AXIS2_PLACEMENT_3D('',#13019,#10680,#10681);
#8356=AXIS2_PLACEMENT_3D('',#13023,#10684,#10685);
#8357=AXIS2_PLACEMENT_3D('',#13026,#10687,#10688);
#8358=AXIS2_PLACEMENT_3D('',#13027,#10689,#10690);
#8359=AXIS2_PLACEMENT_3D('',#13030,#10692,#10693);
#8360=AXIS2_PLACEMENT_3D('',#13031,#10694,#10695);
#8361=AXIS2_PLACEMENT_3D('',#13034,#10697,#10698);
#8362=AXIS2_PLACEMENT_3D('',#13035,#10699,#10700);
#8363=AXIS2_PLACEMENT_3D('',#13038,#10702,#10703);
#8364=AXIS2_PLACEMENT_3D('',#13039,#10704,#10705);
#8365=AXIS2_PLACEMENT_3D('',#13042,#10707,#10708);
#8366=AXIS2_PLACEMENT_3D('',#13043,#10709,#10710);
#8367=AXIS2_PLACEMENT_3D('',#13046,#10712,#10713);
#8368=AXIS2_PLACEMENT_3D('',#13047,#10714,#10715);
#8369=AXIS2_PLACEMENT_3D('',#13050,#10717,#10718);
#8370=AXIS2_PLACEMENT_3D('',#13051,#10719,#10720);
#8371=AXIS2_PLACEMENT_3D('',#13054,#10722,#10723);
#8372=AXIS2_PLACEMENT_3D('',#13055,#10724,#10725);
#8373=AXIS2_PLACEMENT_3D('',#13056,#10726,#10727);
#8374=AXIS2_PLACEMENT_3D('',#13057,#10728,#10729);
#8375=AXIS2_PLACEMENT_3D('',#13058,#10730,#10731);
#8376=AXIS2_PLACEMENT_3D('',#13064,#10735,#10736);
#8377=AXIS2_PLACEMENT_3D('',#13068,#10739,#10740);
#8378=AXIS2_PLACEMENT_3D('',#13072,#10743,#10744);
#8379=AXIS2_PLACEMENT_3D('',#13074,#10746,#10747);
#8380=AXIS2_PLACEMENT_3D('',#13075,#10748,#10749);
#8381=AXIS2_PLACEMENT_3D('',#13084,#10754,#10755);
#8382=AXIS2_PLACEMENT_3D('',#13085,#10756,#10757);
#8383=AXIS2_PLACEMENT_3D('',#13089,#10759,#10760);
#8384=AXIS2_PLACEMENT_3D('',#13090,#10761,#10762);
#8385=AXIS2_PLACEMENT_3D('',#13091,#10763,#10764);
#8386=AXIS2_PLACEMENT_3D('',#13095,#10766,#10767);
#8387=AXIS2_PLACEMENT_3D('',#13096,#10768,#10769);
#8388=AXIS2_PLACEMENT_3D('',#13097,#10770,#10771);
#8389=AXIS2_PLACEMENT_3D('',#13101,#10773,#10774);
#8390=AXIS2_PLACEMENT_3D('',#13102,#10775,#10776);
#8391=AXIS2_PLACEMENT_3D('',#13103,#10777,#10778);
#8392=AXIS2_PLACEMENT_3D('',#13107,#10780,#10781);
#8393=AXIS2_PLACEMENT_3D('',#13108,#10782,#10783);
#8394=AXIS2_PLACEMENT_3D('',#13114,#10787,#10788);
#8395=AXIS2_PLACEMENT_3D('',#13115,#10789,#10790);
#8396=AXIS2_PLACEMENT_3D('',#13119,#10792,#10793);
#8397=AXIS2_PLACEMENT_3D('',#13120,#10794,#10795);
#8398=AXIS2_PLACEMENT_3D('',#13121,#10796,#10797);
#8399=AXIS2_PLACEMENT_3D('',#13125,#10799,#10800);
#8400=AXIS2_PLACEMENT_3D('',#13126,#10801,#10802);
#8401=AXIS2_PLACEMENT_3D('',#13127,#10803,#10804);
#8402=AXIS2_PLACEMENT_3D('',#13131,#10806,#10807);
#8403=AXIS2_PLACEMENT_3D('',#13132,#10808,#10809);
#8404=AXIS2_PLACEMENT_3D('',#13133,#10810,#10811);
#8405=AXIS2_PLACEMENT_3D('',#13137,#10813,#10814);
#8406=AXIS2_PLACEMENT_3D('',#13138,#10815,#10816);
#8407=AXIS2_PLACEMENT_3D('',#13141,#10818,#10819);
#8408=AXIS2_PLACEMENT_3D('',#13144,#10821,#10822);
#8409=AXIS2_PLACEMENT_3D('',#13147,#10824,#10825);
#8410=AXIS2_PLACEMENT_3D('',#13148,#10826,#10827);
#8411=AXIS2_PLACEMENT_3D('',#13151,#10829,#10830);
#8412=AXIS2_PLACEMENT_3D('',#13152,#10831,#10832);
#8413=AXIS2_PLACEMENT_3D('',#13155,#10834,#10835);
#8414=AXIS2_PLACEMENT_3D('',#13156,#10836,#10837);
#8415=AXIS2_PLACEMENT_3D('',#13159,#10839,#10840);
#8416=AXIS2_PLACEMENT_3D('',#13160,#10841,#10842);
#8417=AXIS2_PLACEMENT_3D('',#13164,#10845,#10846);
#8418=AXIS2_PLACEMENT_3D('',#13167,#10848,#10849);
#8419=AXIS2_PLACEMENT_3D('',#13168,#10850,#10851);
#8420=AXIS2_PLACEMENT_3D('',#13171,#10853,#10854);
#8421=AXIS2_PLACEMENT_3D('',#13172,#10855,#10856);
#8422=AXIS2_PLACEMENT_3D('',#13175,#10858,#10859);
#8423=AXIS2_PLACEMENT_3D('',#13176,#10860,#10861);
#8424=AXIS2_PLACEMENT_3D('',#13179,#10863,#10864);
#8425=AXIS2_PLACEMENT_3D('',#13180,#10865,#10866);
#8426=AXIS2_PLACEMENT_3D('',#13183,#10868,#10869);
#8427=AXIS2_PLACEMENT_3D('',#13184,#10870,#10871);
#8428=AXIS2_PLACEMENT_3D('',#13187,#10873,#10874);
#8429=AXIS2_PLACEMENT_3D('',#13188,#10875,#10876);
#8430=AXIS2_PLACEMENT_3D('',#13191,#10878,#10879);
#8431=AXIS2_PLACEMENT_3D('',#13192,#10880,#10881);
#8432=AXIS2_PLACEMENT_3D('',#13195,#10883,#10884);
#8433=AXIS2_PLACEMENT_3D('',#13196,#10885,#10886);
#8434=AXIS2_PLACEMENT_3D('',#13200,#10889,#10890);
#8435=AXIS2_PLACEMENT_3D('',#13204,#10893,#10894);
#8436=AXIS2_PLACEMENT_3D('',#13207,#10896,#10897);
#8437=AXIS2_PLACEMENT_3D('',#13208,#10898,#10899);
#8438=AXIS2_PLACEMENT_3D('',#13211,#10901,#10902);
#8439=AXIS2_PLACEMENT_3D('',#13212,#10903,#10904);
#8440=AXIS2_PLACEMENT_3D('',#13215,#10906,#10907);
#8441=AXIS2_PLACEMENT_3D('',#13216,#10908,#10909);
#8442=AXIS2_PLACEMENT_3D('',#13219,#10911,#10912);
#8443=AXIS2_PLACEMENT_3D('',#13220,#10913,#10914);
#8444=AXIS2_PLACEMENT_3D('',#13223,#10916,#10917);
#8445=AXIS2_PLACEMENT_3D('',#13224,#10918,#10919);
#8446=AXIS2_PLACEMENT_3D('',#13227,#10921,#10922);
#8447=AXIS2_PLACEMENT_3D('',#13228,#10923,#10924);
#8448=AXIS2_PLACEMENT_3D('',#13231,#10926,#10927);
#8449=AXIS2_PLACEMENT_3D('',#13232,#10928,#10929);
#8450=AXIS2_PLACEMENT_3D('',#13235,#10931,#10932);
#8451=AXIS2_PLACEMENT_3D('',#13236,#10933,#10934);
#8452=AXIS2_PLACEMENT_3D('',#13239,#10936,#10937);
#8453=AXIS2_PLACEMENT_3D('',#13240,#10938,#10939);
#8454=AXIS2_PLACEMENT_3D('',#13243,#10941,#10942);
#8455=AXIS2_PLACEMENT_3D('',#13244,#10943,#10944);
#8456=AXIS2_PLACEMENT_3D('',#13247,#10946,#10947);
#8457=AXIS2_PLACEMENT_3D('',#13248,#10948,#10949);
#8458=AXIS2_PLACEMENT_3D('',#13251,#10951,#10952);
#8459=AXIS2_PLACEMENT_3D('',#13252,#10953,#10954);
#8460=AXIS2_PLACEMENT_3D('',#13253,#10955,#10956);
#8461=AXIS2_PLACEMENT_3D('',#13254,#10957,#10958);
#8462=AXIS2_PLACEMENT_3D('',#13255,#10959,#10960);
#8463=AXIS2_PLACEMENT_3D('',#13256,#10961,#10962);
#8464=AXIS2_PLACEMENT_3D('',#13257,#10963,#10964);
#8465=AXIS2_PLACEMENT_3D('',#13258,#10965,#10966);
#8466=AXIS2_PLACEMENT_3D('',#13264,#10970,#10971);
#8467=AXIS2_PLACEMENT_3D('',#13268,#10974,#10975);
#8468=AXIS2_PLACEMENT_3D('',#13272,#10978,#10979);
#8469=AXIS2_PLACEMENT_3D('',#13276,#10982,#10983);
#8470=AXIS2_PLACEMENT_3D('',#13280,#10986,#10987);
#8471=AXIS2_PLACEMENT_3D('',#13284,#10990,#10991);
#8472=AXIS2_PLACEMENT_3D('',#13288,#10994,#10995);
#8473=AXIS2_PLACEMENT_3D('',#13292,#10998,#10999);
#8474=AXIS2_PLACEMENT_3D('',#13296,#11002,#11003);
#8475=AXIS2_PLACEMENT_3D('',#13300,#11006,#11007);
#8476=AXIS2_PLACEMENT_3D('',#13304,#11010,#11011);
#8477=AXIS2_PLACEMENT_3D('',#13306,#11013,#11014);
#8478=AXIS2_PLACEMENT_3D('',#13307,#11015,#11016);
#8479=AXIS2_PLACEMENT_3D('',#13308,#11017,#11018);
#8480=AXIS2_PLACEMENT_3D('',#13309,#11019,#11020);
#8481=AXIS2_PLACEMENT_3D('',#13310,#11021,#11022);
#8482=DIRECTION('',(0.,0.,1.));
#8483=DIRECTION('',(1.,0.,0.));
#8484=DIRECTION('',(0.,0.,-1.));
#8485=DIRECTION('',(-1.,0.,0.));
#8486=DIRECTION('',(0.,0.,1.));
#8487=DIRECTION('',(1.,0.,0.));
#8488=DIRECTION('',(0.,0.,1.));
#8489=DIRECTION('',(1.,0.,0.));
#8490=DIRECTION('',(0.,0.,1.));
#8491=DIRECTION('',(1.,0.,0.));
#8492=DIRECTION('',(0.,0.,1.));
#8493=DIRECTION('',(1.,0.,0.));
#8494=DIRECTION('',(0.,0.,1.));
#8495=DIRECTION('',(1.,0.,0.));
#8496=DIRECTION('',(0.,0.,1.));
#8497=DIRECTION('',(1.,0.,0.));
#8498=DIRECTION('',(0.,0.,1.));
#8499=DIRECTION('',(1.,0.,0.));
#8500=DIRECTION('',(0.,0.,1.));
#8501=DIRECTION('',(1.,0.,0.));
#8502=DIRECTION('',(0.,0.,1.));
#8503=DIRECTION('',(1.,0.,0.));
#8504=DIRECTION('',(0.,0.,1.));
#8505=DIRECTION('',(1.,0.,0.));
#8506=DIRECTION('',(0.,0.,1.));
#8507=DIRECTION('',(1.,0.,0.));
#8508=DIRECTION('',(0.,0.,1.));
#8509=DIRECTION('',(1.,0.,0.));
#8510=DIRECTION('',(0.,0.,1.));
#8511=DIRECTION('',(1.,0.,0.));
#8512=DIRECTION('',(0.,0.,1.));
#8513=DIRECTION('',(1.,0.,0.));
#8514=DIRECTION('',(-0.242535625036333,-0.970142500145332,0.));
#8515=DIRECTION('',(-1.,0.,0.));
#8516=DIRECTION('',(0.,0.,1.));
#8517=DIRECTION('',(1.,0.,0.));
#8518=DIRECTION('',(0.,0.,1.));
#8519=DIRECTION('',(1.,0.,0.));
#8520=DIRECTION('',(0.,0.,1.));
#8521=DIRECTION('',(1.,0.,0.));
#8522=DIRECTION('',(0.,0.,1.));
#8523=DIRECTION('',(1.,0.,0.));
#8524=DIRECTION('',(0.,0.,1.));
#8525=DIRECTION('',(1.,0.,0.));
#8526=DIRECTION('',(0.,0.,1.));
#8527=DIRECTION('',(1.,0.,0.));
#8528=DIRECTION('',(0.,0.,1.));
#8529=DIRECTION('',(1.,0.,0.));
#8530=DIRECTION('',(0.,0.,1.));
#8531=DIRECTION('',(1.,0.,0.));
#8532=DIRECTION('',(1.,0.,0.));
#8533=DIRECTION('',(0.,0.,1.));
#8534=DIRECTION('',(1.,0.,0.));
#8535=DIRECTION('',(0.,0.,1.));
#8536=DIRECTION('',(1.,0.,0.));
#8537=DIRECTION('',(0.,0.,1.));
#8538=DIRECTION('',(1.,0.,0.));
#8539=DIRECTION('',(0.,0.,1.));
#8540=DIRECTION('',(1.,0.,0.));
#8541=DIRECTION('',(0.,0.,1.));
#8542=DIRECTION('',(1.,0.,0.));
#8543=DIRECTION('',(0.,0.,1.));
#8544=DIRECTION('',(1.,0.,0.));
#8545=DIRECTION('',(0.,0.,1.));
#8546=DIRECTION('',(1.,0.,0.));
#8547=DIRECTION('',(0.,0.,1.));
#8548=DIRECTION('',(1.,0.,0.));
#8549=DIRECTION('',(0.,0.,1.));
#8550=DIRECTION('',(1.,0.,0.));
#8551=DIRECTION('',(0.,0.,1.));
#8552=DIRECTION('',(1.,0.,0.));
#8553=DIRECTION('',(0.,0.,1.));
#8554=DIRECTION('',(1.,0.,0.));
#8555=DIRECTION('',(0.,0.,1.));
#8556=DIRECTION('',(1.,0.,0.));
#8557=DIRECTION('',(0.,0.,1.));
#8558=DIRECTION('',(1.,0.,0.));
#8559=DIRECTION('',(0.,0.,1.));
#8560=DIRECTION('',(1.,0.,0.));
#8561=DIRECTION('',(-1.,0.,0.));
#8562=DIRECTION('',(-0.0277458332426703,0.999615010260285,0.));
#8563=DIRECTION('',(0.,0.,1.));
#8564=DIRECTION('',(1.,0.,0.));
#8565=DIRECTION('',(0.,0.,1.));
#8566=DIRECTION('',(1.,0.,0.));
#8567=DIRECTION('',(0.,0.,1.));
#8568=DIRECTION('',(1.,0.,0.));
#8569=DIRECTION('',(0.,0.,1.));
#8570=DIRECTION('',(1.,0.,0.));
#8571=DIRECTION('',(0.,0.,1.));
#8572=DIRECTION('',(1.,0.,0.));
#8573=DIRECTION('',(0.,0.,1.));
#8574=DIRECTION('',(1.,0.,0.));
#8575=DIRECTION('',(0.,0.,1.));
#8576=DIRECTION('',(1.,0.,0.));
#8577=DIRECTION('',(0.,0.,1.));
#8578=DIRECTION('',(1.,0.,0.));
#8579=DIRECTION('',(0.,0.,1.));
#8580=DIRECTION('',(1.,0.,0.));
#8581=DIRECTION('',(0.,0.,1.));
#8582=DIRECTION('',(1.,0.,0.));
#8583=DIRECTION('',(-0.0162799875627401,-0.999867472220672,0.));
#8584=DIRECTION('',(0.0165929417353855,-0.999862327665447,0.));
#8585=DIRECTION('',(0.,0.,1.));
#8586=DIRECTION('',(1.,0.,0.));
#8587=DIRECTION('',(0.,0.,1.));
#8588=DIRECTION('',(1.,0.,0.));
#8589=DIRECTION('',(0.,0.,1.));
#8590=DIRECTION('',(1.,0.,0.));
#8591=DIRECTION('',(0.,0.,1.));
#8592=DIRECTION('',(1.,0.,0.));
#8593=DIRECTION('',(0.,0.,1.));
#8594=DIRECTION('',(1.,0.,0.));
#8595=DIRECTION('',(0.,0.,1.));
#8596=DIRECTION('',(1.,0.,0.));
#8597=DIRECTION('',(0.,0.,1.));
#8598=DIRECTION('',(1.,0.,0.));
#8599=DIRECTION('',(0.,0.,1.));
#8600=DIRECTION('',(1.,0.,0.));
#8601=DIRECTION('',(0.,0.,1.));
#8602=DIRECTION('',(1.,0.,0.));
#8603=DIRECTION('',(0.,0.,1.));
#8604=DIRECTION('',(1.,0.,0.));
#8605=DIRECTION('',(0.0255967439243632,0.999672349672867,0.));
#8606=DIRECTION('',(1.,0.,0.));
#8607=DIRECTION('',(0.,0.,1.));
#8608=DIRECTION('',(1.,0.,0.));
#8609=DIRECTION('',(0.,0.,1.));
#8610=DIRECTION('',(1.,0.,0.));
#8611=DIRECTION('',(0.,0.,1.));
#8612=DIRECTION('',(1.,0.,0.));
#8613=DIRECTION('',(0.,0.,1.));
#8614=DIRECTION('',(1.,0.,0.));
#8615=DIRECTION('',(0.,0.,1.));
#8616=DIRECTION('',(1.,0.,0.));
#8617=DIRECTION('',(0.,0.,1.));
#8618=DIRECTION('',(1.,0.,0.));
#8619=DIRECTION('',(0.,0.,1.));
#8620=DIRECTION('',(1.,0.,0.));
#8621=DIRECTION('',(0.,0.,1.));
#8622=DIRECTION('',(1.,0.,0.));
#8623=DIRECTION('',(0.,0.,1.));
#8624=DIRECTION('',(1.,0.,0.));
#8625=DIRECTION('',(0.,0.,1.));
#8626=DIRECTION('',(1.,0.,0.));
#8627=DIRECTION('',(1.,0.,0.));
#8628=DIRECTION('',(0.,-1.,0.));
#8629=DIRECTION('',(-1.,0.,0.));
#8630=DIRECTION('',(0.,1.,0.));
#8631=DIRECTION('',(0.,0.,1.));
#8632=DIRECTION('',(1.,0.,0.));
#8633=DIRECTION('',(0.,0.,1.));
#8634=DIRECTION('',(1.,0.,0.));
#8635=DIRECTION('',(0.,0.,1.));
#8636=DIRECTION('',(1.,0.,0.));
#8637=DIRECTION('',(0.,0.,1.));
#8638=DIRECTION('',(1.,0.,0.));
#8639=DIRECTION('',(0.,0.,1.));
#8640=DIRECTION('',(1.,0.,0.));
#8641=DIRECTION('',(0.,0.,1.));
#8642=DIRECTION('',(1.,0.,0.));
#8643=DIRECTION('',(0.,0.,1.));
#8644=DIRECTION('',(1.,0.,0.));
#8645=DIRECTION('',(0.,0.,1.));
#8646=DIRECTION('',(1.,0.,0.));
#8647=DIRECTION('',(0.,0.,1.));
#8648=DIRECTION('',(1.,0.,0.));
#8649=DIRECTION('',(0.,0.,1.));
#8650=DIRECTION('',(1.,0.,0.));
#8651=DIRECTION('',(0.,0.,1.));
#8652=DIRECTION('',(1.,0.,0.));
#8653=DIRECTION('',(0.,0.,1.));
#8654=DIRECTION('',(1.,0.,0.));
#8655=DIRECTION('',(0.,0.,1.));
#8656=DIRECTION('',(1.,0.,0.));
#8657=DIRECTION('',(0.999874770879907,0.0158253770208789,0.));
#8658=DIRECTION('',(0.,0.,1.));
#8659=DIRECTION('',(1.,0.,0.));
#8660=DIRECTION('',(0.,0.,1.));
#8661=DIRECTION('',(1.,0.,0.));
#8662=DIRECTION('',(0.,0.,1.));
#8663=DIRECTION('',(1.,0.,0.));
#8664=DIRECTION('',(0.,0.,1.));
#8665=DIRECTION('',(1.,0.,0.));
#8666=DIRECTION('',(0.,0.,1.));
#8667=DIRECTION('',(1.,0.,0.));
#8668=DIRECTION('',(0.,0.,1.));
#8669=DIRECTION('',(1.,0.,0.));
#8670=DIRECTION('',(0.,0.,1.));
#8671=DIRECTION('',(1.,0.,0.));
#8672=DIRECTION('',(0.,0.,1.));
#8673=DIRECTION('',(1.,0.,0.));
#8674=DIRECTION('',(0.,0.,1.));
#8675=DIRECTION('',(1.,0.,0.));
#8676=DIRECTION('',(0.,0.,1.));
#8677=DIRECTION('',(1.,0.,0.));
#8678=DIRECTION('',(0.,0.,1.));
#8679=DIRECTION('',(1.,0.,0.));
#8680=DIRECTION('',(0.,0.,1.));
#8681=DIRECTION('',(1.,0.,0.));
#8682=DIRECTION('',(0.,0.,1.));
#8683=DIRECTION('',(1.,0.,0.));
#8684=DIRECTION('',(0.,0.,1.));
#8685=DIRECTION('',(1.,0.,0.));
#8686=DIRECTION('',(-1.,0.,0.));
#8687=DIRECTION('',(0.,0.,1.));
#8688=DIRECTION('',(1.,0.,0.));
#8689=DIRECTION('',(0.,0.,1.));
#8690=DIRECTION('',(1.,0.,0.));
#8691=DIRECTION('',(0.,0.,1.));
#8692=DIRECTION('',(1.,0.,0.));
#8693=DIRECTION('',(0.,0.,1.));
#8694=DIRECTION('',(1.,0.,0.));
#8695=DIRECTION('',(0.,0.,1.));
#8696=DIRECTION('',(1.,0.,0.));
#8697=DIRECTION('',(0.,0.,1.));
#8698=DIRECTION('',(1.,0.,0.));
#8699=DIRECTION('',(0.,0.,1.));
#8700=DIRECTION('',(1.,0.,0.));
#8701=DIRECTION('',(0.,0.,1.));
#8702=DIRECTION('',(1.,0.,0.));
#8703=DIRECTION('',(0.,-1.,0.));
#8704=DIRECTION('',(-1.,0.,0.));
#8705=DIRECTION('',(0.,1.,0.));
#8706=DIRECTION('',(-1.,0.,0.));
#8707=DIRECTION('',(0.,1.,0.));
#8708=DIRECTION('',(-1.,0.,0.));
#8709=DIRECTION('',(0.,1.,0.));
#8710=DIRECTION('',(-0.999835255325283,0.0181510938685734,1.12183205214824E-14));
#8711=DIRECTION('',(-0.999863204147786,0.0165400420592932,8.51118283459305E-15));
#8712=DIRECTION('',(0.,0.,1.));
#8713=DIRECTION('',(1.,0.,0.));
#8714=DIRECTION('',(0.,0.,1.));
#8715=DIRECTION('',(1.,0.,0.));
#8716=DIRECTION('',(0.,0.,1.));
#8717=DIRECTION('',(1.,0.,0.));
#8718=DIRECTION('',(0.,0.,1.));
#8719=DIRECTION('',(1.,0.,0.));
#8720=DIRECTION('',(0.,0.,1.));
#8721=DIRECTION('',(1.,0.,0.));
#8722=DIRECTION('',(0.,0.,1.));
#8723=DIRECTION('',(1.,0.,0.));
#8724=DIRECTION('',(0.,0.,1.));
#8725=DIRECTION('',(1.,0.,0.));
#8726=DIRECTION('',(0.,0.,1.));
#8727=DIRECTION('',(1.,0.,0.));
#8728=DIRECTION('',(0.,0.,1.));
#8729=DIRECTION('',(1.,0.,0.));
#8730=DIRECTION('',(0.,0.,1.));
#8731=DIRECTION('',(1.,0.,0.));
#8732=DIRECTION('',(0.,0.,1.));
#8733=DIRECTION('',(1.,0.,0.));
#8734=DIRECTION('',(0.,0.,1.));
#8735=DIRECTION('',(1.,0.,0.));
#8736=DIRECTION('',(0.,0.,1.));
#8737=DIRECTION('',(1.,0.,0.));
#8738=DIRECTION('',(1.,0.,0.));
#8739=DIRECTION('',(0.,0.,1.));
#8740=DIRECTION('',(1.,0.,0.));
#8741=DIRECTION('',(0.,0.,1.));
#8742=DIRECTION('',(1.,0.,0.));
#8743=DIRECTION('',(0.,0.,1.));
#8744=DIRECTION('',(1.,0.,0.));
#8745=DIRECTION('',(0.,0.,1.));
#8746=DIRECTION('',(1.,0.,0.));
#8747=DIRECTION('',(-0.999867809836118,-0.0162592390204834,8.32214168487846E-15));
#8748=DIRECTION('',(0.,0.,1.));
#8749=DIRECTION('',(1.,0.,0.));
#8750=DIRECTION('',(0.,0.,1.));
#8751=DIRECTION('',(1.,0.,0.));
#8752=DIRECTION('',(0.,0.,1.));
#8753=DIRECTION('',(1.,0.,0.));
#8754=DIRECTION('',(0.0668863976483415,-0.997760597442908,3.09337224290246E-14));
#8755=DIRECTION('',(0.,0.,1.));
#8756=DIRECTION('',(1.,0.,0.));
#8757=DIRECTION('',(0.,0.,1.));
#8758=DIRECTION('',(1.,0.,0.));
#8759=DIRECTION('',(0.,0.,1.));
#8760=DIRECTION('',(1.,0.,0.));
#8761=DIRECTION('',(0.,0.,1.));
#8762=DIRECTION('',(1.,0.,0.));
#8763=DIRECTION('',(-0.999996936027187,0.00247546687290931,-1.12237641900977E-14));
#8764=DIRECTION('',(0.,0.,1.));
#8765=DIRECTION('',(1.,0.,0.));
#8766=DIRECTION('',(0.,0.,1.));
#8767=DIRECTION('',(1.,0.,0.));
#8768=DIRECTION('',(0.,0.,1.));
#8769=DIRECTION('',(1.,0.,0.));
#8770=DIRECTION('',(0.,0.,1.));
#8771=DIRECTION('',(1.,0.,0.));
#8772=DIRECTION('',(0.,0.,1.));
#8773=DIRECTION('',(1.,0.,0.));
#8774=DIRECTION('',(0.,0.,1.));
#8775=DIRECTION('',(1.,0.,0.));
#8776=DIRECTION('',(0.,0.,1.));
#8777=DIRECTION('',(1.,0.,0.));
#8778=DIRECTION('',(0.,0.,1.));
#8779=DIRECTION('',(1.,0.,0.));
#8780=DIRECTION('',(0.,0.,1.));
#8781=DIRECTION('',(1.,0.,0.));
#8782=DIRECTION('',(0.,0.,1.));
#8783=DIRECTION('',(1.,0.,0.));
#8784=DIRECTION('',(0.,0.,1.));
#8785=DIRECTION('',(1.,0.,0.));
#8786=DIRECTION('',(0.,0.,1.));
#8787=DIRECTION('',(1.,0.,0.));
#8788=DIRECTION('',(0.,0.,1.));
#8789=DIRECTION('',(1.,0.,0.));
#8790=DIRECTION('',(0.,0.,1.));
#8791=DIRECTION('',(1.,0.,0.));
#8792=DIRECTION('',(0.,0.,1.));
#8793=DIRECTION('',(1.,0.,0.));
#8794=DIRECTION('',(0.,0.,1.));
#8795=DIRECTION('',(1.,0.,0.));
#8796=DIRECTION('',(-1.,0.,0.));
#8797=DIRECTION('',(0.,0.,1.));
#8798=DIRECTION('',(1.,0.,0.));
#8799=DIRECTION('',(0.,0.,1.));
#8800=DIRECTION('',(1.,0.,0.));
#8801=DIRECTION('',(0.,0.,1.));
#8802=DIRECTION('',(1.,0.,0.));
#8803=DIRECTION('',(0.,0.,1.));
#8804=DIRECTION('',(1.,0.,0.));
#8805=DIRECTION('',(0.,0.,1.));
#8806=DIRECTION('',(1.,0.,0.));
#8807=DIRECTION('',(0.,0.,1.));
#8808=DIRECTION('',(1.,0.,0.));
#8809=DIRECTION('',(0.,0.,1.));
#8810=DIRECTION('',(1.,0.,0.));
#8811=DIRECTION('',(0.,0.,1.));
#8812=DIRECTION('',(1.,0.,0.));
#8813=DIRECTION('',(4.79394319563431E-13,-1.9233185275903E-13,-1.));
#8814=DIRECTION('',(0.989250959652125,-0.146227695144766,4.87013620834035E-13));
#8815=DIRECTION('',(0.,0.,1.));
#8816=DIRECTION('',(1.,0.,0.));
#8817=DIRECTION('',(0.,0.,1.));
#8818=DIRECTION('',(1.,0.,0.));
#8819=DIRECTION('',(0.,0.,1.));
#8820=DIRECTION('',(1.,0.,0.));
#8821=DIRECTION('',(0.,0.,1.));
#8822=DIRECTION('',(1.,0.,0.));
#8823=DIRECTION('',(0.,0.,1.));
#8824=DIRECTION('',(1.,0.,0.));
#8825=DIRECTION('',(0.,0.,1.));
#8826=DIRECTION('',(1.,0.,0.));
#8827=DIRECTION('',(0.,0.,1.));
#8828=DIRECTION('',(1.,0.,0.));
#8829=DIRECTION('',(0.,0.,1.));
#8830=DIRECTION('',(1.,0.,0.));
#8831=DIRECTION('',(0.,0.,1.));
#8832=DIRECTION('',(1.,0.,0.));
#8833=DIRECTION('',(0.,0.,1.));
#8834=DIRECTION('',(1.,0.,0.));
#8835=DIRECTION('',(0.,0.,1.));
#8836=DIRECTION('',(1.,0.,0.));
#8837=DIRECTION('',(0.,0.,1.));
#8838=DIRECTION('',(1.,0.,0.));
#8839=DIRECTION('',(0.,0.,1.));
#8840=DIRECTION('',(1.,0.,0.));
#8841=DIRECTION('',(0.,0.,1.));
#8842=DIRECTION('',(1.,0.,0.));
#8843=DIRECTION('',(0.,0.,1.));
#8844=DIRECTION('',(1.,0.,0.));
#8845=DIRECTION('',(0.,0.,1.));
#8846=DIRECTION('',(1.,0.,0.));
#8847=DIRECTION('',(0.,0.,1.));
#8848=DIRECTION('',(1.,0.,0.));
#8849=DIRECTION('',(0.,0.,1.));
#8850=DIRECTION('',(1.,0.,0.));
#8851=DIRECTION('',(0.,0.,1.));
#8852=DIRECTION('',(1.,0.,0.));
#8853=DIRECTION('',(0.,0.,1.));
#8854=DIRECTION('',(1.,0.,0.));
#8855=DIRECTION('',(-0.242535625036333,-0.970142500145332,0.));
#8856=DIRECTION('',(-1.,0.,0.));
#8857=DIRECTION('',(0.,0.,1.));
#8858=DIRECTION('',(1.,0.,0.));
#8859=DIRECTION('',(0.,0.,1.));
#8860=DIRECTION('',(1.,0.,0.));
#8861=DIRECTION('',(0.,0.,1.));
#8862=DIRECTION('',(1.,0.,0.));
#8863=DIRECTION('',(0.,0.,1.));
#8864=DIRECTION('',(1.,0.,0.));
#8865=DIRECTION('',(0.,0.,1.));
#8866=DIRECTION('',(1.,0.,0.));
#8867=DIRECTION('',(0.,0.,1.));
#8868=DIRECTION('',(1.,0.,0.));
#8869=DIRECTION('',(0.,0.,1.));
#8870=DIRECTION('',(1.,0.,0.));
#8871=DIRECTION('',(0.,0.,1.));
#8872=DIRECTION('',(1.,0.,0.));
#8873=DIRECTION('',(1.,0.,0.));
#8874=DIRECTION('',(0.,0.,1.));
#8875=DIRECTION('',(1.,0.,0.));
#8876=DIRECTION('',(0.,0.,1.));
#8877=DIRECTION('',(1.,0.,0.));
#8878=DIRECTION('',(0.,0.,1.));
#8879=DIRECTION('',(1.,0.,0.));
#8880=DIRECTION('',(0.,0.,1.));
#8881=DIRECTION('',(1.,0.,0.));
#8882=DIRECTION('',(0.,0.,1.));
#8883=DIRECTION('',(1.,0.,0.));
#8884=DIRECTION('',(0.,0.,1.));
#8885=DIRECTION('',(1.,0.,0.));
#8886=DIRECTION('',(0.,0.,1.));
#8887=DIRECTION('',(1.,0.,0.));
#8888=DIRECTION('',(-0.527509542734589,0.849549105304658,0.));
#8889=DIRECTION('',(0.,-1.,0.));
#8890=DIRECTION('',(-1.,0.,0.));
#8891=DIRECTION('',(0.,1.,0.));
#8892=DIRECTION('',(1.,0.,0.));
#8893=DIRECTION('',(0.,-1.,0.));
#8894=DIRECTION('',(0.,0.,1.));
#8895=DIRECTION('',(1.,0.,0.));
#8896=DIRECTION('',(0.,0.,1.));
#8897=DIRECTION('',(1.,0.,0.));
#8898=DIRECTION('',(0.,0.,1.));
#8899=DIRECTION('',(1.,0.,0.));
#8900=DIRECTION('',(0.,0.,1.));
#8901=DIRECTION('',(1.,0.,0.));
#8902=DIRECTION('',(0.,0.,1.));
#8903=DIRECTION('',(1.,0.,0.));
#8904=DIRECTION('',(0.,0.,1.));
#8905=DIRECTION('',(1.,0.,0.));
#8906=DIRECTION('',(0.,0.,1.));
#8907=DIRECTION('',(1.,0.,0.));
#8908=DIRECTION('',(0.,0.,1.));
#8909=DIRECTION('',(1.,0.,0.));
#8910=DIRECTION('',(0.,0.,1.));
#8911=DIRECTION('',(1.,0.,0.));
#8912=DIRECTION('',(0.,0.,1.));
#8913=DIRECTION('',(1.,0.,0.));
#8914=DIRECTION('',(0.,0.,1.));
#8915=DIRECTION('',(1.,0.,0.));
#8916=DIRECTION('',(0.,0.,1.));
#8917=DIRECTION('',(1.,0.,0.));
#8918=DIRECTION('',(0.,0.,1.));
#8919=DIRECTION('',(1.,0.,0.));
#8920=DIRECTION('',(0.,0.,1.));
#8921=DIRECTION('',(1.,0.,0.));
#8922=DIRECTION('',(0.,0.,1.));
#8923=DIRECTION('',(1.,0.,0.));
#8924=DIRECTION('',(0.,0.,1.));
#8925=DIRECTION('',(1.,0.,0.));
#8926=DIRECTION('',(0.,0.,1.));
#8927=DIRECTION('',(1.,0.,0.));
#8928=DIRECTION('',(0.,0.,1.));
#8929=DIRECTION('',(1.,0.,0.));
#8930=DIRECTION('',(0.,0.,1.));
#8931=DIRECTION('',(1.,0.,0.));
#8932=DIRECTION('',(0.,0.,1.));
#8933=DIRECTION('',(1.,0.,0.));
#8934=DIRECTION('',(0.,0.,1.));
#8935=DIRECTION('',(1.,0.,0.));
#8936=DIRECTION('',(0.,0.,1.));
#8937=DIRECTION('',(1.,0.,0.));
#8938=DIRECTION('',(-1.,0.,0.));
#8939=DIRECTION('',(-0.0277458332426602,0.999615010260285,0.));
#8940=DIRECTION('',(0.,0.,1.));
#8941=DIRECTION('',(1.,0.,0.));
#8942=DIRECTION('',(0.,0.,1.));
#8943=DIRECTION('',(1.,0.,0.));
#8944=DIRECTION('',(0.,0.,1.));
#8945=DIRECTION('',(1.,0.,0.));
#8946=DIRECTION('',(0.,0.,1.));
#8947=DIRECTION('',(1.,0.,0.));
#8948=DIRECTION('',(0.,0.,1.));
#8949=DIRECTION('',(1.,0.,0.));
#8950=DIRECTION('',(0.,0.,1.));
#8951=DIRECTION('',(1.,0.,0.));
#8952=DIRECTION('',(0.,0.,1.));
#8953=DIRECTION('',(1.,0.,0.));
#8954=DIRECTION('',(0.,0.,1.));
#8955=DIRECTION('',(1.,0.,0.));
#8956=DIRECTION('',(0.,0.,1.));
#8957=DIRECTION('',(1.,0.,0.));
#8958=DIRECTION('',(0.,0.,1.));
#8959=DIRECTION('',(1.,0.,0.));
#8960=DIRECTION('',(-0.0162799875627869,-0.999867472220672,0.));
#8961=DIRECTION('',(0.0165929417354331,-0.999862327665446,0.));
#8962=DIRECTION('',(0.,0.,1.));
#8963=DIRECTION('',(1.,0.,0.));
#8964=DIRECTION('',(0.,0.,1.));
#8965=DIRECTION('',(1.,0.,0.));
#8966=DIRECTION('',(0.,0.,1.));
#8967=DIRECTION('',(1.,0.,0.));
#8968=DIRECTION('',(0.,0.,1.));
#8969=DIRECTION('',(1.,0.,0.));
#8970=DIRECTION('',(0.,0.,1.));
#8971=DIRECTION('',(1.,0.,0.));
#8972=DIRECTION('',(0.,0.,1.));
#8973=DIRECTION('',(1.,0.,0.));
#8974=DIRECTION('',(0.,0.,1.));
#8975=DIRECTION('',(1.,0.,0.));
#8976=DIRECTION('',(0.,0.,1.));
#8977=DIRECTION('',(1.,0.,0.));
#8978=DIRECTION('',(0.,0.,1.));
#8979=DIRECTION('',(1.,0.,0.));
#8980=DIRECTION('',(0.,0.,1.));
#8981=DIRECTION('',(1.,0.,0.));
#8982=DIRECTION('',(0.0255967439243558,0.999672349672867,0.));
#8983=DIRECTION('',(1.,0.,0.));
#8984=DIRECTION('',(0.,0.,1.));
#8985=DIRECTION('',(1.,0.,0.));
#8986=DIRECTION('',(0.,0.,1.));
#8987=DIRECTION('',(1.,0.,0.));
#8988=DIRECTION('',(0.,0.,1.));
#8989=DIRECTION('',(1.,0.,0.));
#8990=DIRECTION('',(0.,0.,1.));
#8991=DIRECTION('',(1.,0.,0.));
#8992=DIRECTION('',(0.,0.,1.));
#8993=DIRECTION('',(1.,0.,0.));
#8994=DIRECTION('',(0.,0.,1.));
#8995=DIRECTION('',(1.,0.,0.));
#8996=DIRECTION('',(0.,0.,1.));
#8997=DIRECTION('',(1.,0.,0.));
#8998=DIRECTION('',(0.,0.,1.));
#8999=DIRECTION('',(1.,0.,0.));
#9000=DIRECTION('',(0.,0.,1.));
#9001=DIRECTION('',(1.,0.,0.));
#9002=DIRECTION('',(0.,0.,1.));
#9003=DIRECTION('',(1.,0.,0.));
#9004=DIRECTION('',(1.,0.,0.));
#9005=DIRECTION('',(0.,-1.,0.));
#9006=DIRECTION('',(-1.,0.,0.));
#9007=DIRECTION('',(0.,1.,0.));
#9008=DIRECTION('',(0.,1.,0.));
#9009=DIRECTION('',(1.,0.,0.));
#9010=DIRECTION('',(0.,-1.,0.));
#9011=DIRECTION('',(-1.,0.,0.));
#9012=DIRECTION('',(0.,-1.,0.));
#9013=DIRECTION('',(1.,0.,0.));
#9014=DIRECTION('',(0.,-1.,0.));
#9015=DIRECTION('',(-1.,0.,0.));
#9016=DIRECTION('',(0.,-1.,0.));
#9017=DIRECTION('',(1.,0.,0.));
#9018=DIRECTION('',(0.,-1.,0.));
#9019=DIRECTION('',(-1.,0.,0.));
#9020=DIRECTION('',(0.,-1.,0.));
#9021=DIRECTION('',(0.,0.,-1.));
#9022=DIRECTION('',(-1.,0.,0.));
#9023=DIRECTION('',(0.,0.,-1.));
#9024=DIRECTION('',(-1.,0.,0.));
#9025=DIRECTION('',(0.,0.,-1.));
#9026=DIRECTION('',(0.,0.,-1.));
#9027=DIRECTION('',(-1.,0.,0.));
#9028=DIRECTION('',(0.,0.,-1.));
#9029=DIRECTION('',(0.,0.,1.));
#9030=DIRECTION('',(1.,0.,0.));
#9031=DIRECTION('',(1.,0.,0.));
#9032=DIRECTION('',(0.,0.,1.));
#9033=DIRECTION('',(1.,0.,0.));
#9034=DIRECTION('',(1.,0.,0.));
#9035=DIRECTION('',(0.,0.,1.));
#9036=DIRECTION('',(1.,0.,0.));
#9037=DIRECTION('',(0.,0.,-1.));
#9038=DIRECTION('',(-1.,0.,0.));
#9039=DIRECTION('',(0.,0.,1.));
#9040=DIRECTION('',(0.,0.,1.));
#9041=DIRECTION('',(1.,0.,0.));
#9042=DIRECTION('',(0.,0.,1.));
#9043=DIRECTION('',(0.,0.,1.));
#9044=DIRECTION('',(1.,0.,0.));
#9045=DIRECTION('',(0.,0.,-1.));
#9046=DIRECTION('',(0.,0.,1.));
#9047=DIRECTION('',(1.,0.,0.));
#9048=DIRECTION('',(0.,0.,-1.));
#9049=DIRECTION('',(0.,0.,1.));
#9050=DIRECTION('',(1.,0.,0.));
#9051=DIRECTION('',(0.,0.,1.));
#9052=DIRECTION('',(0.,0.,-1.));
#9053=DIRECTION('',(-1.,0.,0.));
#9054=DIRECTION('',(0.,0.,1.));
#9055=DIRECTION('',(0.,0.,1.));
#9056=DIRECTION('',(1.,0.,0.));
#9057=DIRECTION('',(1.,0.,0.));
#9058=DIRECTION('',(0.,0.,-1.));
#9059=DIRECTION('',(0.,-1.,0.));
#9060=DIRECTION('',(0.,-1.,0.));
#9061=DIRECTION('',(1.,0.,0.));
#9062=DIRECTION('',(0.,0.,-1.));
#9063=DIRECTION('',(0.,-1.,0.));
#9064=DIRECTION('',(0.,-1.,0.));
#9065=DIRECTION('',(0.,0.,1.));
#9066=DIRECTION('',(1.,0.,0.));
#9067=DIRECTION('',(0.,0.,1.));
#9068=DIRECTION('',(1.,0.,0.));
#9069=DIRECTION('',(-1.,0.,0.));
#9070=DIRECTION('',(0.,0.,1.));
#9071=DIRECTION('',(1.,0.,0.));
#9072=DIRECTION('',(-1.,-2.19888178751675E-16,0.));
#9073=DIRECTION('',(1.,-2.19888178751675E-16,0.));
#9074=DIRECTION('',(0.,0.,-1.));
#9075=DIRECTION('',(-1.,0.,0.));
#9076=DIRECTION('',(1.,0.,0.));
#9077=DIRECTION('',(0.,0.,-1.));
#9078=DIRECTION('',(-1.,0.,0.));
#9079=DIRECTION('',(0.,0.,1.));
#9080=DIRECTION('',(1.,0.,0.));
#9081=DIRECTION('',(0.,0.,1.));
#9082=DIRECTION('',(1.,0.,0.));
#9083=DIRECTION('',(0.,0.,1.));
#9084=DIRECTION('',(-1.,0.,0.));
#9085=DIRECTION('',(0.,0.,1.));
#9086=DIRECTION('',(0.,0.,-1.));
#9087=DIRECTION('',(-1.,0.,0.));
#9088=DIRECTION('',(0.,0.,1.));
#9089=DIRECTION('',(2.19888178751675E-16,1.,0.));
#9090=DIRECTION('',(1.,-2.19888178751675E-16,0.));
#9091=DIRECTION('',(1.,-2.19888178751675E-16,0.));
#9092=DIRECTION('',(0.,0.,1.));
#9093=DIRECTION('',(-1.,0.,0.));
#9094=DIRECTION('',(0.,0.,-1.));
#9095=DIRECTION('',(-1.,0.,0.));
#9096=DIRECTION('',(0.,1.,0.));
#9097=DIRECTION('',(0.,0.,1.));
#9098=DIRECTION('',(1.,0.,0.));
#9099=DIRECTION('',(0.,0.,1.));
#9100=DIRECTION('',(-1.,0.,0.));
#9101=DIRECTION('',(0.,0.,1.));
#9102=DIRECTION('',(1.,0.,0.));
#9103=DIRECTION('',(0.,0.,1.));
#9104=DIRECTION('',(0.,0.,1.));
#9105=DIRECTION('',(1.,0.,0.));
#9106=DIRECTION('',(0.,0.,1.));
#9107=DIRECTION('',(-2.19888178751675E-16,1.,0.));
#9108=DIRECTION('',(-1.,-2.19888178751675E-16,0.));
#9109=DIRECTION('',(-1.,-2.19888178751675E-16,0.));
#9110=DIRECTION('',(0.,0.,1.));
#9111=DIRECTION('',(1.,0.,0.));
#9112=DIRECTION('',(0.,0.,1.));
#9113=DIRECTION('',(1.,0.,0.));
#9114=DIRECTION('',(0.,1.,0.));
#9115=DIRECTION('',(0.,0.,1.));
#9116=DIRECTION('',(-1.,0.,0.));
#9117=DIRECTION('',(0.,0.,1.));
#9118=DIRECTION('',(1.,0.,0.));
#9119=DIRECTION('',(0.,0.,-1.));
#9120=DIRECTION('',(-1.,0.,0.));
#9121=DIRECTION('',(0.,0.,1.));
#9122=DIRECTION('',(1.,0.,0.));
#9123=DIRECTION('',(0.,0.,1.));
#9124=DIRECTION('',(1.,0.,0.));
#9125=DIRECTION('',(0.,0.,1.));
#9126=DIRECTION('',(1.,0.,0.));
#9127=DIRECTION('',(0.,0.,-1.));
#9128=DIRECTION('',(-1.,0.,0.));
#9129=DIRECTION('',(0.,0.,1.));
#9130=DIRECTION('',(1.,0.,0.));
#9131=DIRECTION('',(0.,0.,1.));
#9132=DIRECTION('',(0.,0.,1.));
#9133=DIRECTION('',(0.,0.,1.));
#9134=DIRECTION('',(1.,0.,0.));
#9135=DIRECTION('',(0.,0.,1.));
#9136=DIRECTION('',(0.,0.,1.));
#9137=DIRECTION('',(0.,-1.,0.));
#9138=DIRECTION('',(0.,0.,-1.));
#9139=DIRECTION('',(1.,0.,0.));
#9140=DIRECTION('',(0.,0.,1.));
#9141=DIRECTION('',(1.,0.,0.));
#9142=DIRECTION('',(0.,-1.,0.));
#9143=DIRECTION('',(0.,0.,-1.));
#9144=DIRECTION('',(1.,0.,0.));
#9145=DIRECTION('',(0.,0.,1.));
#9146=DIRECTION('',(1.,0.,0.));
#9147=DIRECTION('',(1.,0.,0.));
#9148=DIRECTION('',(0.,0.,-1.));
#9149=DIRECTION('',(0.,0.,-1.));
#9150=DIRECTION('',(0.,1.,0.));
#9151=DIRECTION('',(1.,0.,0.));
#9152=DIRECTION('',(0.,0.,-1.));
#9153=DIRECTION('',(0.,1.,0.));
#9154=DIRECTION('',(0.,0.,-1.));
#9155=DIRECTION('',(0.,0.,-1.));
#9156=DIRECTION('',(-1.,0.,0.));
#9157=DIRECTION('',(-1.,0.,0.));
#9158=DIRECTION('',(0.,-1.,0.));
#9159=DIRECTION('',(1.,0.,0.));
#9160=DIRECTION('',(-0.0165400420592932,-0.999863204147786,5.60731459704782E-28));
#9161=DIRECTION('',(-0.999863204147786,0.0165400420592932,8.51118283459305E-15));
#9162=DIRECTION('',(0.,0.,1.));
#9163=DIRECTION('',(0.999863204147786,-0.0165400420592932,0.));
#9164=DIRECTION('',(0.,0.,1.));
#9165=DIRECTION('',(-0.0181510938685734,-0.999835255325283,6.83720507795413E-29));
#9166=DIRECTION('',(-0.999835255325283,0.0181510938685734,1.12183205214824E-14));
#9167=DIRECTION('',(0.,0.,1.));
#9168=DIRECTION('',(0.999835255325283,-0.0181510938685734,0.));
#9169=DIRECTION('',(0.,0.,1.));
#9170=DIRECTION('',(0.0935556108948886,0.995614055580818,0.));
#9171=DIRECTION('',(0.,0.,1.));
#9172=DIRECTION('',(0.,0.,1.));
#9173=DIRECTION('',(1.,0.,0.));
#9174=DIRECTION('',(0.,0.,1.));
#9175=DIRECTION('',(0.256252249135506,0.966609944503466,0.));
#9176=DIRECTION('',(0.,0.,1.));
#9177=DIRECTION('',(0.,0.,1.));
#9178=DIRECTION('',(1.,0.,0.));
#9179=DIRECTION('',(0.,0.,1.));
#9180=DIRECTION('',(0.638854318842488,0.769327732046818,0.));
#9181=DIRECTION('',(0.,0.,1.));
#9182=DIRECTION('',(0.,0.,1.));
#9183=DIRECTION('',(1.,0.,0.));
#9184=DIRECTION('',(0.,0.,1.));
#9185=DIRECTION('',(0.929524458671514,0.368760465250043,0.));
#9186=DIRECTION('',(0.,0.,1.));
#9187=DIRECTION('',(0.,0.,1.));
#9188=DIRECTION('',(1.,0.,0.));
#9189=DIRECTION('',(0.,0.,1.));
#9190=DIRECTION('',(0.996800181418778,0.079933712058753,0.));
#9191=DIRECTION('',(0.,0.,1.));
#9192=DIRECTION('',(0.,0.,1.));
#9193=DIRECTION('',(1.,0.,0.));
#9194=DIRECTION('',(0.,0.,1.));
#9195=DIRECTION('',(0.997509683072985,-0.0705296545832512,0.));
#9196=DIRECTION('',(0.,0.,1.));
#9197=DIRECTION('',(0.,0.,1.));
#9198=DIRECTION('',(1.,0.,0.));
#9199=DIRECTION('',(0.,0.,1.));
#9200=DIRECTION('',(0.927892445651995,-0.372847970762829,0.));
#9201=DIRECTION('',(0.,0.,1.));
#9202=DIRECTION('',(5.6829301468736E-17,-2.27997796311754E-17,-1.));
#9203=DIRECTION('',(0.989250959652125,-0.146227695144766,0.));
#9204=DIRECTION('',(0.,0.,1.));
#9205=DIRECTION('',(0.642114411433514,-0.766608819822334,0.));
#9206=DIRECTION('',(0.,0.,1.));
#9207=DIRECTION('',(0.,0.,1.));
#9208=DIRECTION('',(1.,0.,0.));
#9209=DIRECTION('',(0.,0.,1.));
#9210=DIRECTION('',(0.316477625496915,-0.948599974994641,0.));
#9211=DIRECTION('',(0.,0.,1.));
#9212=DIRECTION('',(0.,0.,1.));
#9213=DIRECTION('',(1.,0.,0.));
#9214=DIRECTION('',(0.,0.,1.));
#9215=DIRECTION('',(0.126564127805545,-0.991958427330915,0.));
#9216=DIRECTION('',(0.,0.,1.));
#9217=DIRECTION('',(0.,0.,1.));
#9218=DIRECTION('',(1.,0.,0.));
#9219=DIRECTION('',(0.,0.,1.));
#9220=DIRECTION('',(0.0283632383446399,-0.999597682425587,0.));
#9221=DIRECTION('',(0.,0.,1.));
#9222=DIRECTION('',(0.,0.,1.));
#9223=DIRECTION('',(1.,0.,0.));
#9224=DIRECTION('',(0.,0.,1.));
#9225=DIRECTION('',(-0.0372048557719258,-0.99930765968594,0.));
#9226=DIRECTION('',(0.,0.,1.));
#9227=DIRECTION('',(0.,0.,1.));
#9228=DIRECTION('',(1.,0.,0.));
#9229=DIRECTION('',(0.,0.,1.));
#9230=DIRECTION('',(-0.213181055594073,-0.977012711041057,0.));
#9231=DIRECTION('',(0.,0.,1.));
#9232=DIRECTION('',(0.,0.,1.));
#9233=DIRECTION('',(1.,0.,0.));
#9234=DIRECTION('',(0.,0.,1.));
#9235=DIRECTION('',(-0.645672624125603,-0.763614341441252,0.));
#9236=DIRECTION('',(0.,0.,1.));
#9237=DIRECTION('',(0.,0.,1.));
#9238=DIRECTION('',(1.,0.,0.));
#9239=DIRECTION('',(0.,0.,1.));
#9240=DIRECTION('',(-0.975621558888554,-0.219459731686405,0.));
#9241=DIRECTION('',(0.,0.,1.));
#9242=DIRECTION('',(0.,0.,1.));
#9243=DIRECTION('',(1.,0.,0.));
#9244=DIRECTION('',(0.,1.,0.));
#9245=DIRECTION('',(0.,0.,1.));
#9246=DIRECTION('',(0.,0.,1.));
#9247=DIRECTION('',(-1.,0.,0.));
#9248=DIRECTION('',(0.,0.,1.));
#9249=DIRECTION('',(-0.976314211954022,-0.216357480888917,0.));
#9250=DIRECTION('',(0.,0.,1.));
#9251=DIRECTION('',(0.,0.,1.));
#9252=DIRECTION('',(1.,0.,0.));
#9253=DIRECTION('',(0.,0.,1.));
#9254=DIRECTION('',(-0.697322909294463,-0.716757113793164,0.));
#9255=DIRECTION('',(0.,0.,1.));
#9256=DIRECTION('',(0.,0.,1.));
#9257=DIRECTION('',(1.,0.,0.));
#9258=DIRECTION('',(0.,0.,1.));
#9259=DIRECTION('',(-0.289737186621486,-0.957106244201064,0.));
#9260=DIRECTION('',(0.,0.,1.));
#9261=DIRECTION('',(0.,0.,1.));
#9262=DIRECTION('',(1.,0.,0.));
#9263=DIRECTION('',(0.,0.,1.));
#9264=DIRECTION('',(-0.0639686562878485,-0.997951908166284,0.));
#9265=DIRECTION('',(0.,0.,1.));
#9266=DIRECTION('',(0.,0.,1.));
#9267=DIRECTION('',(1.,0.,0.));
#9268=DIRECTION('',(0.,0.,1.));
#9269=DIRECTION('',(0.0359857484769355,-0.999352303197704,0.));
#9270=DIRECTION('',(0.,0.,1.));
#9271=DIRECTION('',(0.,0.,1.));
#9272=DIRECTION('',(1.,0.,0.));
#9273=DIRECTION('',(0.,0.,1.));
#9274=DIRECTION('',(0.141867195115732,-0.989885699942168,0.));
#9275=DIRECTION('',(0.,0.,1.));
#9276=DIRECTION('',(0.,0.,1.));
#9277=DIRECTION('',(1.,0.,0.));
#9278=DIRECTION('',(0.,0.,1.));
#9279=DIRECTION('',(0.340678042146791,-0.940180020846555,0.));
#9280=DIRECTION('',(0.,0.,1.));
#9281=DIRECTION('',(0.,0.,1.));
#9282=DIRECTION('',(1.,0.,0.));
#9283=DIRECTION('',(0.,0.,1.));
#9284=DIRECTION('',(0.645635642620155,-0.763645609545723,0.));
#9285=DIRECTION('',(0.,0.,1.));
#9286=DIRECTION('',(0.,0.,1.));
#9287=DIRECTION('',(1.,0.,0.));
#9288=DIRECTION('',(0.,0.,1.));
#9289=DIRECTION('',(0.907343321782662,-0.420390409520014,0.));
#9290=DIRECTION('',(0.,0.,1.));
#9291=DIRECTION('',(0.,0.,1.));
#9292=DIRECTION('',(1.,0.,0.));
#9293=DIRECTION('',(0.,0.,1.));
#9294=DIRECTION('',(0.994330685442654,-0.106331970672712,0.));
#9295=DIRECTION('',(0.,0.,1.));
#9296=DIRECTION('',(0.,0.,1.));
#9297=DIRECTION('',(1.,0.,0.));
#9298=DIRECTION('',(0.,0.,1.));
#9299=DIRECTION('',(0.994058379947153,0.10884823037993,0.));
#9300=DIRECTION('',(0.,0.,1.));
#9301=DIRECTION('',(0.,0.,1.));
#9302=DIRECTION('',(1.,0.,0.));
#9303=DIRECTION('',(0.,0.,1.));
#9304=DIRECTION('',(0.89960754583737,0.436699282656228,0.));
#9305=DIRECTION('',(0.,0.,1.));
#9306=DIRECTION('',(0.,0.,1.));
#9307=DIRECTION('',(1.,0.,0.));
#9308=DIRECTION('',(0.,0.,1.));
#9309=DIRECTION('',(0.65538033880128,0.755299021257621,0.));
#9310=DIRECTION('',(0.,0.,1.));
#9311=DIRECTION('',(0.,0.,1.));
#9312=DIRECTION('',(1.,0.,0.));
#9313=DIRECTION('',(0.,0.,1.));
#9314=DIRECTION('',(0.355036188694973,0.934852557742101,0.));
#9315=DIRECTION('',(0.,0.,1.));
#9316=DIRECTION('',(0.,0.,1.));
#9317=DIRECTION('',(1.,0.,0.));
#9318=DIRECTION('',(0.,0.,1.));
#9319=DIRECTION('',(0.12147492333375,0.992594500791265,0.));
#9320=DIRECTION('',(0.,0.,1.));
#9321=DIRECTION('',(0.,0.,1.));
#9322=DIRECTION('',(1.,0.,0.));
#9323=DIRECTION('',(0.,0.,1.));
#9324=DIRECTION('',(0.026809023719609,0.999640573529907,0.));
#9325=DIRECTION('',(0.,0.,1.));
#9326=DIRECTION('',(0.,0.,1.));
#9327=DIRECTION('',(1.,0.,0.));
#9328=DIRECTION('',(0.00247546687290931,0.999996936027187,-8.53762038651884E-29));
#9329=DIRECTION('',(-0.999996936027187,0.00247546687290931,-1.12237641900977E-14));
#9330=DIRECTION('',(0.,0.,1.));
#9331=DIRECTION('',(-0.999996936027187,0.00247546687290931,0.));
#9332=DIRECTION('',(0.,0.,1.));
#9333=DIRECTION('',(-0.0475161795780731,-0.998870468418355,0.));
#9334=DIRECTION('',(0.,0.,1.));
#9335=DIRECTION('',(0.,0.,1.));
#9336=DIRECTION('',(1.,0.,0.));
#9337=DIRECTION('',(0.,0.,1.));
#9338=DIRECTION('',(-0.200263494447696,-0.979742074625561,0.));
#9339=DIRECTION('',(0.,0.,1.));
#9340=DIRECTION('',(0.,0.,1.));
#9341=DIRECTION('',(1.,0.,0.));
#9342=DIRECTION('',(0.,0.,1.));
#9343=DIRECTION('',(-0.571847283454517,-0.820360094352285,0.));
#9344=DIRECTION('',(0.,0.,1.));
#9345=DIRECTION('',(0.,0.,1.));
#9346=DIRECTION('',(1.,0.,0.));
#9347=DIRECTION('',(0.,0.,1.));
#9348=DIRECTION('',(-0.930235035200212,-0.366964275217711,0.));
#9349=DIRECTION('',(0.,0.,1.));
#9350=DIRECTION('',(0.,0.,1.));
#9351=DIRECTION('',(1.,0.,0.));
#9352=DIRECTION('',(0.997760597442908,0.0668863976483415,3.69209296751594E-27));
#9353=DIRECTION('',(0.0668863976483415,-0.997760597442908,3.09337224290246E-14));
#9354=DIRECTION('',(0.,0.,1.));
#9355=DIRECTION('',(-0.0668863976483415,0.997760597442908,0.));
#9356=DIRECTION('',(0.,0.,1.));
#9357=DIRECTION('',(-0.955735543185571,0.294227074708942,0.));
#9358=DIRECTION('',(0.,0.,1.));
#9359=DIRECTION('',(0.,0.,1.));
#9360=DIRECTION('',(1.,0.,0.));
#9361=DIRECTION('',(0.,0.,1.));
#9362=DIRECTION('',(-0.513107064915134,0.858324612215085,0.));
#9363=DIRECTION('',(0.,0.,1.));
#9364=DIRECTION('',(0.,0.,1.));
#9365=DIRECTION('',(1.,0.,0.));
#9366=DIRECTION('',(0.,0.,1.));
#9367=DIRECTION('',(-0.133310456830385,0.991074327232662,0.));
#9368=DIRECTION('',(0.,0.,1.));
#9369=DIRECTION('',(0.,0.,1.));
#9370=DIRECTION('',(1.,0.,0.));
#9371=DIRECTION('',(0.0162592390204834,-0.999867809836118,1.35112805937388E-27));
#9372=DIRECTION('',(-0.999867809836118,-0.0162592390204834,8.32214168487846E-15));
#9373=DIRECTION('',(0.,0.,1.));
#9374=DIRECTION('',(0.999867809836118,0.0162592390204833,0.));
#9375=DIRECTION('',(0.,0.,1.));
#9376=DIRECTION('',(0.0372095420803419,0.999307485200712,0.));
#9377=DIRECTION('',(0.,0.,1.));
#9378=DIRECTION('',(0.,0.,1.));
#9379=DIRECTION('',(1.,0.,0.));
#9380=DIRECTION('',(0.,0.,1.));
#9381=DIRECTION('',(0.202813881861997,0.979217304444763,0.));
#9382=DIRECTION('',(0.,0.,1.));
#9383=DIRECTION('',(0.,0.,1.));
#9384=DIRECTION('',(1.,0.,0.));
#9385=DIRECTION('',(0.,0.,1.));
#9386=DIRECTION('',(0.613657867773001,0.789572049480156,0.));
#9387=DIRECTION('',(0.,0.,1.));
#9388=DIRECTION('',(0.,0.,1.));
#9389=DIRECTION('',(1.,0.,0.));
#9390=DIRECTION('',(0.,0.,1.));
#9391=DIRECTION('',(0.97057458771624,0.24080068454938,0.));
#9392=DIRECTION('',(0.,0.,1.));
#9393=DIRECTION('',(0.,0.,1.));
#9394=DIRECTION('',(1.,0.,0.));
#9395=DIRECTION('',(0.,-1.,0.));
#9396=DIRECTION('',(0.,0.,-1.));
#9397=DIRECTION('',(0.,0.,1.));
#9398=DIRECTION('',(1.,0.,0.));
#9399=DIRECTION('',(0.,0.,1.));
#9400=DIRECTION('',(0.980277345599864,0.197626733271803,0.));
#9401=DIRECTION('',(0.,0.,1.));
#9402=DIRECTION('',(0.,0.,1.));
#9403=DIRECTION('',(1.,0.,0.));
#9404=DIRECTION('',(0.,0.,1.));
#9405=DIRECTION('',(0.724681241379095,0.689084246223388,0.));
#9406=DIRECTION('',(0.,0.,1.));
#9407=DIRECTION('',(0.,0.,1.));
#9408=DIRECTION('',(1.,0.,0.));
#9409=DIRECTION('',(0.,0.,1.));
#9410=DIRECTION('',(0.310196052966,0.950672608590526,0.));
#9411=DIRECTION('',(0.,0.,1.));
#9412=DIRECTION('',(0.,0.,1.));
#9413=DIRECTION('',(1.,0.,0.));
#9414=DIRECTION('',(0.,0.,1.));
#9415=DIRECTION('',(0.0688479628479836,0.997627163830097,0.));
#9416=DIRECTION('',(0.,0.,1.));
#9417=DIRECTION('',(0.,0.,1.));
#9418=DIRECTION('',(1.,0.,0.));
#9419=DIRECTION('',(0.,0.,1.));
#9420=DIRECTION('',(-0.0554689968916539,0.998460410023269,0.));
#9421=DIRECTION('',(0.,0.,1.));
#9422=DIRECTION('',(0.,0.,1.));
#9423=DIRECTION('',(1.,0.,0.));
#9424=DIRECTION('',(0.,0.,1.));
#9425=DIRECTION('',(-0.255813653982853,0.96672611138623,0.));
#9426=DIRECTION('',(0.,0.,1.));
#9427=DIRECTION('',(0.,0.,1.));
#9428=DIRECTION('',(1.,0.,0.));
#9429=DIRECTION('',(0.,0.,1.));
#9430=DIRECTION('',(-0.643482957373987,0.765460438931515,0.));
#9431=DIRECTION('',(0.,0.,1.));
#9432=DIRECTION('',(0.,0.,1.));
#9433=DIRECTION('',(1.,0.,0.));
#9434=DIRECTION('',(0.,0.,1.));
#9435=DIRECTION('',(-0.967119521411954,0.254322298086332,0.));
#9436=DIRECTION('',(0.,0.,1.));
#9437=DIRECTION('',(0.,0.,1.));
#9438=DIRECTION('',(1.,0.,0.));
#9439=DIRECTION('',(0.,0.,1.));
#9440=DIRECTION('',(-0.995018171953003,-0.0996937183743513,0.));
#9441=DIRECTION('',(0.,0.,1.));
#9442=DIRECTION('',(0.,0.,1.));
#9443=DIRECTION('',(1.,0.,0.));
#9444=DIRECTION('',(0.,0.,1.));
#9445=DIRECTION('',(-0.915361838862053,-0.402632219221315,0.));
#9446=DIRECTION('',(0.,0.,1.));
#9447=DIRECTION('',(0.,0.,1.));
#9448=DIRECTION('',(1.,0.,0.));
#9449=DIRECTION('',(0.,0.,1.));
#9450=DIRECTION('',(-0.620384445656561,-0.784297864071681,0.));
#9451=DIRECTION('',(0.,0.,1.));
#9452=DIRECTION('',(0.,0.,1.));
#9453=DIRECTION('',(1.,0.,0.));
#9454=DIRECTION('',(0.,0.,1.));
#9455=DIRECTION('',(-0.282086724822131,-0.959388909503921,0.));
#9456=DIRECTION('',(0.,0.,1.));
#9457=DIRECTION('',(0.,0.,1.));
#9458=DIRECTION('',(1.,0.,0.));
#9459=DIRECTION('',(0.,0.,1.));
#9460=DIRECTION('',(-0.095643781832661,-0.99541562525246,0.));
#9461=DIRECTION('',(0.,0.,1.));
#9462=DIRECTION('',(1.,0.,0.));
#9463=DIRECTION('',(0.,0.,1.));
#9464=DIRECTION('',(1.,0.,0.));
#9465=DIRECTION('',(-0.023088172615876,0.999733432613544,-2.71246111916173E-28));
#9466=DIRECTION('',(-0.999733432613544,-0.023088172615876,-1.2395065107096E-14));
#9467=DIRECTION('',(-0.999733432613544,-0.023088172615876,0.));
#9468=DIRECTION('',(0.,0.,1.));
#9469=DIRECTION('',(-0.999733432613544,-0.023088172615876,-1.2395065107096E-14));
#9470=DIRECTION('',(0.,0.,1.));
#9471=DIRECTION('',(0.,0.,1.));
#9472=DIRECTION('',(0.0826900882115697,0.996575310406375,0.));
#9473=DIRECTION('',(0.,0.,1.));
#9474=DIRECTION('',(1.,0.,0.));
#9475=DIRECTION('',(0.,0.,1.));
#9476=DIRECTION('',(0.,0.,1.));
#9477=DIRECTION('',(1.,0.,0.));
#9478=DIRECTION('',(0.,0.,1.));
#9479=DIRECTION('',(0.399478117105955,0.916742730515754,0.));
#9480=DIRECTION('',(0.,0.,1.));
#9481=DIRECTION('',(1.,0.,0.));
#9482=DIRECTION('',(0.,0.,1.));
#9483=DIRECTION('',(0.,0.,1.));
#9484=DIRECTION('',(1.,0.,0.));
#9485=DIRECTION('',(0.,0.,1.));
#9486=DIRECTION('',(0.80994450858505,0.586506515746348,0.));
#9487=DIRECTION('',(0.,0.,1.));
#9488=DIRECTION('',(1.,0.,0.));
#9489=DIRECTION('',(0.,0.,1.));
#9490=DIRECTION('',(0.,0.,1.));
#9491=DIRECTION('',(1.,0.,0.));
#9492=DIRECTION('',(0.,0.,1.));
#9493=DIRECTION('',(0.988901461149969,0.148572878196043,0.));
#9494=DIRECTION('',(0.,0.,1.));
#9495=DIRECTION('',(1.,0.,0.));
#9496=DIRECTION('',(0.,0.,1.));
#9497=DIRECTION('',(0.,0.,1.));
#9498=DIRECTION('',(1.,0.,0.));
#9499=DIRECTION('',(0.,-1.,0.));
#9500=DIRECTION('',(0.,0.,-1.));
#9501=DIRECTION('',(1.,0.,0.));
#9502=DIRECTION('',(0.,0.,1.));
#9503=DIRECTION('',(1.,0.,0.));
#9504=DIRECTION('',(0.,0.,1.));
#9505=DIRECTION('',(-0.996713867086507,0.0810028836367018,0.));
#9506=DIRECTION('',(0.,0.,1.));
#9507=DIRECTION('',(1.,0.,0.));
#9508=DIRECTION('',(0.,0.,1.));
#9509=DIRECTION('',(0.,0.,1.));
#9510=DIRECTION('',(1.,0.,0.));
#9511=DIRECTION('',(0.,0.,1.));
#9512=DIRECTION('',(-0.932311408491313,0.36165651880886,0.));
#9513=DIRECTION('',(0.,0.,1.));
#9514=DIRECTION('',(1.,0.,0.));
#9515=DIRECTION('',(0.,0.,1.));
#9516=DIRECTION('',(0.,0.,1.));
#9517=DIRECTION('',(1.,0.,0.));
#9518=DIRECTION('',(0.,0.,1.));
#9519=DIRECTION('',(-0.684032787454687,0.729451263407618,0.));
#9520=DIRECTION('',(0.,0.,1.));
#9521=DIRECTION('',(1.,0.,0.));
#9522=DIRECTION('',(0.,0.,1.));
#9523=DIRECTION('',(0.,0.,1.));
#9524=DIRECTION('',(1.,0.,0.));
#9525=DIRECTION('',(0.,0.,1.));
#9526=DIRECTION('',(-0.380333385129932,0.924849455941672,0.));
#9527=DIRECTION('',(0.,0.,1.));
#9528=DIRECTION('',(1.,0.,0.));
#9529=DIRECTION('',(0.,0.,1.));
#9530=DIRECTION('',(0.,0.,1.));
#9531=DIRECTION('',(1.,0.,0.));
#9532=DIRECTION('',(0.,0.,1.));
#9533=DIRECTION('',(-0.0865271720976647,-0.996249491085833,0.));
#9534=DIRECTION('',(0.,0.,1.));
#9535=DIRECTION('',(0.,0.,1.));
#9536=DIRECTION('',(1.,0.,0.));
#9537=DIRECTION('',(0.,0.,1.));
#9538=DIRECTION('',(0.,0.,1.));
#9539=DIRECTION('',(0.0656598176196546,-0.997842065835147,0.));
#9540=DIRECTION('',(0.,0.,1.));
#9541=DIRECTION('',(0.,0.,1.));
#9542=DIRECTION('',(1.,0.,0.));
#9543=DIRECTION('',(0.,0.,1.));
#9544=DIRECTION('',(0.29640101813798,-0.955063577175242,0.));
#9545=DIRECTION('',(0.,0.,1.));
#9546=DIRECTION('',(0.,0.,1.));
#9547=DIRECTION('',(1.,0.,0.));
#9548=DIRECTION('',(0.,0.,1.));
#9549=DIRECTION('',(0.707909624789871,-0.706303025004045,0.));
#9550=DIRECTION('',(0.,0.,1.));
#9551=DIRECTION('',(0.,0.,1.));
#9552=DIRECTION('',(1.,0.,0.));
#9553=DIRECTION('',(0.,0.,1.));
#9554=DIRECTION('',(0.977695357812033,-0.210028063155381,0.));
#9555=DIRECTION('',(0.,0.,1.));
#9556=DIRECTION('',(0.,0.,1.));
#9557=DIRECTION('',(1.,0.,0.));
#9558=DIRECTION('',(0.,-1.,0.));
#9559=DIRECTION('',(0.,0.,-1.));
#9560=DIRECTION('',(0.,0.,1.));
#9561=DIRECTION('',(1.,0.,0.));
#9562=DIRECTION('',(0.,0.,1.));
#9563=DIRECTION('',(0.975621558888549,-0.219459731686425,0.));
#9564=DIRECTION('',(0.,0.,1.));
#9565=DIRECTION('',(0.,0.,1.));
#9566=DIRECTION('',(1.,0.,0.));
#9567=DIRECTION('',(0.,0.,1.));
#9568=DIRECTION('',(0.645672624204436,-0.763614341374596,0.));
#9569=DIRECTION('',(0.,0.,1.));
#9570=DIRECTION('',(0.,0.,1.));
#9571=DIRECTION('',(1.,0.,0.));
#9572=DIRECTION('',(0.,0.,1.));
#9573=DIRECTION('',(0.213365477263468,-0.976972452586117,0.));
#9574=DIRECTION('',(0.,0.,1.));
#9575=DIRECTION('',(0.,0.,1.));
#9576=DIRECTION('',(1.,0.,0.));
#9577=DIRECTION('',(0.,0.,1.));
#9578=DIRECTION('',(0.037209542079598,-0.99930748520074,0.));
#9579=DIRECTION('',(0.,0.,1.));
#9580=DIRECTION('',(0.,0.,1.));
#9581=DIRECTION('',(1.,0.,0.));
#9582=DIRECTION('',(0.,0.,1.));
#9583=DIRECTION('',(-0.0468020670776298,-0.998904182851018,0.));
#9584=DIRECTION('',(0.,0.,1.));
#9585=DIRECTION('',(0.,0.,1.));
#9586=DIRECTION('',(1.,0.,0.));
#9587=DIRECTION('',(0.,0.,1.));
#9588=DIRECTION('',(-0.310762373227554,-0.950487636629735,0.));
#9589=DIRECTION('',(0.,0.,1.));
#9590=DIRECTION('',(0.,0.,1.));
#9591=DIRECTION('',(1.,0.,0.));
#9592=DIRECTION('',(0.,0.,1.));
#9593=DIRECTION('',(-0.81244884228006,-0.583032485096491,0.));
#9594=DIRECTION('',(0.,0.,1.));
#9595=DIRECTION('',(0.,0.,1.));
#9596=DIRECTION('',(1.,0.,0.));
#9597=DIRECTION('',(0.,0.,1.));
#9598=DIRECTION('',(-0.991646602440302,-0.128984556705856,0.));
#9599=DIRECTION('',(0.,0.,1.));
#9600=DIRECTION('',(0.,0.,1.));
#9601=DIRECTION('',(1.,0.,0.));
#9602=DIRECTION('',(0.,1.,0.));
#9603=DIRECTION('',(0.,0.,1.));
#9604=DIRECTION('',(0.,0.,1.));
#9605=DIRECTION('',(-1.,0.,0.));
#9606=DIRECTION('',(-0.970142500145332,0.242535625036333,0.));
#9607=DIRECTION('',(-0.242535625036333,-0.970142500145332,0.));
#9608=DIRECTION('',(0.,0.,1.));
#9609=DIRECTION('',(-0.242535625036333,-0.970142500145332,0.));
#9610=DIRECTION('',(0.,0.,1.));
#9611=DIRECTION('',(0.998388666318637,0.0567456691430596,0.));
#9612=DIRECTION('',(0.,0.,1.));
#9613=DIRECTION('',(0.,0.,1.));
#9614=DIRECTION('',(1.,0.,0.));
#9615=DIRECTION('',(0.,0.,1.));
#9616=DIRECTION('',(0.968596890479747,0.248636408743701,0.));
#9617=DIRECTION('',(0.,0.,1.));
#9618=DIRECTION('',(0.,0.,1.));
#9619=DIRECTION('',(1.,0.,0.));
#9620=DIRECTION('',(0.,0.,1.));
#9621=DIRECTION('',(0.85204883088266,0.523462309809877,0.));
#9622=DIRECTION('',(0.,0.,1.));
#9623=DIRECTION('',(0.,0.,1.));
#9624=DIRECTION('',(1.,0.,0.));
#9625=DIRECTION('',(0.,0.,1.));
#9626=DIRECTION('',(0.625224740579457,0.780444760228007,0.));
#9627=DIRECTION('',(0.,0.,1.));
#9628=DIRECTION('',(0.,0.,1.));
#9629=DIRECTION('',(1.,0.,0.));
#9630=DIRECTION('',(0.,0.,1.));
#9631=DIRECTION('',(0.324503016485285,0.945884661199214,0.));
#9632=DIRECTION('',(0.,0.,1.));
#9633=DIRECTION('',(0.,0.,1.));
#9634=DIRECTION('',(1.,0.,0.));
#9635=DIRECTION('',(0.,0.,1.));
#9636=DIRECTION('',(0.0885233564524611,0.996074101341055,0.));
#9637=DIRECTION('',(0.,0.,1.));
#9638=DIRECTION('',(0.,0.,1.));
#9639=DIRECTION('',(1.,0.,0.));
#9640=DIRECTION('',(0.,0.,1.));
#9641=DIRECTION('',(-0.0942288903593641,0.995550559349772,0.));
#9642=DIRECTION('',(0.,0.,1.));
#9643=DIRECTION('',(0.,0.,1.));
#9644=DIRECTION('',(1.,0.,0.));
#9645=DIRECTION('',(0.,0.,1.));
#9646=DIRECTION('',(-0.431869814221774,0.901935953138609,0.));
#9647=DIRECTION('',(0.,0.,1.));
#9648=DIRECTION('',(0.,0.,1.));
#9649=DIRECTION('',(1.,0.,0.));
#9650=DIRECTION('',(0.,0.,1.));
#9651=DIRECTION('',(-0.845445448495838,0.534061788202144,0.));
#9652=DIRECTION('',(0.,0.,1.));
#9653=DIRECTION('',(0.,0.,1.));
#9654=DIRECTION('',(1.,0.,0.));
#9655=DIRECTION('',(0.,0.,1.));
#9656=DIRECTION('',(-0.991523288587568,0.129929089077445,0.));
#9657=DIRECTION('',(0.,0.,1.));
#9658=DIRECTION('',(0.,0.,1.));
#9659=DIRECTION('',(1.,0.,0.));
#9660=DIRECTION('',(0.,0.,1.));
#9661=DIRECTION('',(-0.989097997589696,-0.147258789768402,0.));
#9662=DIRECTION('',(0.,0.,1.));
#9663=DIRECTION('',(0.,0.,1.));
#9664=DIRECTION('',(1.,0.,0.));
#9665=DIRECTION('',(0.,0.,1.));
#9666=DIRECTION('',(-0.8159874379678,-0.578069633416897,0.));
#9667=DIRECTION('',(0.,0.,1.));
#9668=DIRECTION('',(0.,0.,1.));
#9669=DIRECTION('',(1.,0.,0.));
#9670=DIRECTION('',(0.,0.,1.));
#9671=DIRECTION('',(-0.396337948437541,-0.918104694807907,0.));
#9672=DIRECTION('',(0.,0.,1.));
#9673=DIRECTION('',(1.,0.,0.));
#9674=DIRECTION('',(0.,0.,1.));
#9675=DIRECTION('',(-0.134822080976774,0.990869823176128,0.));
#9676=DIRECTION('',(0.,0.,1.));
#9677=DIRECTION('',(1.,0.,0.));
#9678=DIRECTION('',(0.,0.,1.));
#9679=DIRECTION('',(1.,0.,0.));
#9680=DIRECTION('',(0.,0.,1.));
#9681=DIRECTION('',(1.,0.,0.));
#9682=DIRECTION('',(0.,0.,1.));
#9683=DIRECTION('',(0.0606068462080807,-0.998161715451314,0.));
#9684=DIRECTION('',(0.,0.,1.));
#9685=DIRECTION('',(1.,0.,0.));
#9686=DIRECTION('',(0.,0.,1.));
#9687=DIRECTION('',(0.,0.,1.));
#9688=DIRECTION('',(1.,0.,0.));
#9689=DIRECTION('',(0.,0.,1.));
#9690=DIRECTION('',(0.,0.,1.));
#9691=DIRECTION('',(-0.0306549268118059,-0.999530027293909,0.));
#9692=DIRECTION('',(0.,0.,1.));
#9693=DIRECTION('',(1.,0.,0.));
#9694=DIRECTION('',(0.,0.,1.));
#9695=DIRECTION('',(0.,0.,1.));
#9696=DIRECTION('',(1.,0.,0.));
#9697=DIRECTION('',(0.,0.,1.));
#9698=DIRECTION('',(-0.192435696706539,-0.981309585519814,0.));
#9699=DIRECTION('',(0.,0.,1.));
#9700=DIRECTION('',(1.,0.,0.));
#9701=DIRECTION('',(0.,0.,1.));
#9702=DIRECTION('',(0.,0.,1.));
#9703=DIRECTION('',(1.,0.,0.));
#9704=DIRECTION('',(0.,0.,1.));
#9705=DIRECTION('',(-0.651410614377085,-0.758725386076457,0.));
#9706=DIRECTION('',(0.,0.,1.));
#9707=DIRECTION('',(1.,0.,0.));
#9708=DIRECTION('',(0.,0.,1.));
#9709=DIRECTION('',(0.,0.,1.));
#9710=DIRECTION('',(1.,0.,0.));
#9711=DIRECTION('',(0.,0.,1.));
#9712=DIRECTION('',(-0.981645516666401,-0.190714654939663,0.));
#9713=DIRECTION('',(0.,0.,1.));
#9714=DIRECTION('',(1.,0.,0.));
#9715=DIRECTION('',(0.,0.,1.));
#9716=DIRECTION('',(0.,0.,1.));
#9717=DIRECTION('',(1.,0.,0.));
#9718=DIRECTION('',(0.,0.,1.));
#9719=DIRECTION('',(-0.982158029007765,0.188057454134586,0.));
#9720=DIRECTION('',(0.,0.,1.));
#9721=DIRECTION('',(1.,0.,0.));
#9722=DIRECTION('',(0.,0.,1.));
#9723=DIRECTION('',(0.,0.,1.));
#9724=DIRECTION('',(1.,0.,0.));
#9725=DIRECTION('',(0.,0.,1.));
#9726=DIRECTION('',(-0.649334631067668,0.760502818466977,0.));
#9727=DIRECTION('',(0.,0.,1.));
#9728=DIRECTION('',(1.,0.,0.));
#9729=DIRECTION('',(0.,0.,1.));
#9730=DIRECTION('',(0.,0.,1.));
#9731=DIRECTION('',(1.,0.,0.));
#9732=DIRECTION('',(0.,0.,1.));
#9733=DIRECTION('',(-0.17878969734948,0.98388731271507,0.));
#9734=DIRECTION('',(0.,0.,1.));
#9735=DIRECTION('',(1.,0.,0.));
#9736=DIRECTION('',(0.,0.,1.));
#9737=DIRECTION('',(0.,0.,1.));
#9738=DIRECTION('',(1.,0.,0.));
#9739=DIRECTION('',(0.,0.,1.));
#9740=DIRECTION('',(-0.0233805824753147,0.999726636817843,0.));
#9741=DIRECTION('',(0.,0.,1.));
#9742=DIRECTION('',(1.,0.,0.));
#9743=DIRECTION('',(0.,0.,1.));
#9744=DIRECTION('',(0.,0.,1.));
#9745=DIRECTION('',(1.,0.,0.));
#9746=DIRECTION('',(0.,0.,1.));
#9747=DIRECTION('',(0.0418544555510614,0.999123718340489,0.));
#9748=DIRECTION('',(0.,0.,1.));
#9749=DIRECTION('',(1.,0.,0.));
#9750=DIRECTION('',(0.,0.,1.));
#9751=DIRECTION('',(0.,0.,1.));
#9752=DIRECTION('',(1.,0.,0.));
#9753=DIRECTION('',(0.,0.,1.));
#9754=DIRECTION('',(0.198819364614415,0.980036152524141,0.));
#9755=DIRECTION('',(0.,0.,1.));
#9756=DIRECTION('',(1.,0.,0.));
#9757=DIRECTION('',(0.,0.,1.));
#9758=DIRECTION('',(0.,0.,1.));
#9759=DIRECTION('',(1.,0.,0.));
#9760=DIRECTION('',(0.,0.,1.));
#9761=DIRECTION('',(0.557024562981812,0.830496018193297,0.));
#9762=DIRECTION('',(0.,0.,1.));
#9763=DIRECTION('',(1.,0.,0.));
#9764=DIRECTION('',(0.,0.,1.));
#9765=DIRECTION('',(0.,0.,1.));
#9766=DIRECTION('',(1.,0.,0.));
#9767=DIRECTION('',(0.,0.,1.));
#9768=DIRECTION('',(0.952103652564506,0.305775464635942,0.));
#9769=DIRECTION('',(0.,0.,1.));
#9770=DIRECTION('',(1.,0.,0.));
#9771=DIRECTION('',(0.,0.,1.));
#9772=DIRECTION('',(0.,0.,1.));
#9773=DIRECTION('',(1.,0.,0.));
#9774=DIRECTION('',(0.,0.,1.));
#9775=DIRECTION('',(0.965978789645974,-0.258621302204785,0.));
#9776=DIRECTION('',(0.,0.,1.));
#9777=DIRECTION('',(1.,0.,0.));
#9778=DIRECTION('',(0.,0.,1.));
#9779=DIRECTION('',(0.,0.,1.));
#9780=DIRECTION('',(1.,0.,0.));
#9781=DIRECTION('',(0.,0.,1.));
#9782=DIRECTION('',(0.642437598144514,-0.766338001465612,0.));
#9783=DIRECTION('',(0.,0.,1.));
#9784=DIRECTION('',(1.,0.,0.));
#9785=DIRECTION('',(0.,0.,1.));
#9786=DIRECTION('',(0.,0.,1.));
#9787=DIRECTION('',(1.,0.,0.));
#9788=DIRECTION('',(0.,0.,1.));
#9789=DIRECTION('',(0.817643563682337,-0.575724763032517,0.));
#9790=DIRECTION('',(0.,0.,1.));
#9791=DIRECTION('',(0.,0.,1.));
#9792=DIRECTION('',(1.,0.,0.));
#9793=DIRECTION('',(0.,0.,1.));
#9794=DIRECTION('',(1.,0.,0.));
#9795=DIRECTION('',(0.,0.,-1.));
#9796=DIRECTION('',(0.,0.,1.));
#9797=DIRECTION('',(0.,1.,0.));
#9798=DIRECTION('',(0.,1.,0.));
#9799=DIRECTION('',(0.,0.,1.));
#9800=DIRECTION('',(0.,0.,1.));
#9801=DIRECTION('',(-1.,0.,0.));
#9802=DIRECTION('',(-1.,0.,0.));
#9803=DIRECTION('',(0.,0.,1.));
#9804=DIRECTION('',(0.,0.,1.));
#9805=DIRECTION('',(0.,-1.,0.));
#9806=DIRECTION('',(0.,0.,1.));
#9807=DIRECTION('',(0.993424659854519,0.114487751279046,0.));
#9808=DIRECTION('',(0.,0.,1.));
#9809=DIRECTION('',(0.,0.,1.));
#9810=DIRECTION('',(1.,0.,0.));
#9811=DIRECTION('',(0.,0.,1.));
#9812=DIRECTION('',(0.869944574070681,0.493149508815512,0.));
#9813=DIRECTION('',(0.,0.,1.));
#9814=DIRECTION('',(0.,0.,1.));
#9815=DIRECTION('',(1.,0.,0.));
#9816=DIRECTION('',(0.,0.,1.));
#9817=DIRECTION('',(0.466096417990731,0.884733931267593,0.));
#9818=DIRECTION('',(0.,0.,1.));
#9819=DIRECTION('',(0.,0.,1.));
#9820=DIRECTION('',(1.,0.,0.));
#9821=DIRECTION('',(0.,0.,1.));
#9822=DIRECTION('',(0.103064642513794,0.994674660109276,0.));
#9823=DIRECTION('',(0.,0.,1.));
#9824=DIRECTION('',(0.,0.,1.));
#9825=DIRECTION('',(1.,0.,0.));
#9826=DIRECTION('',(0.,0.,1.));
#9827=DIRECTION('',(-0.0632137989987294,0.998000007823721,0.));
#9828=DIRECTION('',(0.,0.,1.));
#9829=DIRECTION('',(0.,0.,1.));
#9830=DIRECTION('',(1.,0.,0.));
#9831=DIRECTION('',(0.,0.,1.));
#9832=DIRECTION('',(-0.287997131448595,0.957631271564051,0.));
#9833=DIRECTION('',(0.,0.,1.));
#9834=DIRECTION('',(0.,0.,1.));
#9835=DIRECTION('',(1.,0.,0.));
#9836=DIRECTION('',(0.,0.,1.));
#9837=DIRECTION('',(-0.695811690406443,0.718224262674082,0.));
#9838=DIRECTION('',(0.,0.,1.));
#9839=DIRECTION('',(0.,0.,1.));
#9840=DIRECTION('',(1.,0.,0.));
#9841=DIRECTION('',(0.,0.,1.));
#9842=DIRECTION('',(-0.976096804230102,0.217336211367967,0.));
#9843=DIRECTION('',(0.,0.,1.));
#9844=DIRECTION('',(0.,0.,1.));
#9845=DIRECTION('',(1.,0.,0.));
#9846=DIRECTION('',(0.,1.,0.));
#9847=DIRECTION('',(0.,0.,1.));
#9848=DIRECTION('',(0.,0.,1.));
#9849=DIRECTION('',(-1.,0.,0.));
#9850=DIRECTION('',(0.,0.,1.));
#9851=DIRECTION('',(-0.968424465477177,0.249307149246153,0.));
#9852=DIRECTION('',(0.,0.,1.));
#9853=DIRECTION('',(0.,0.,1.));
#9854=DIRECTION('',(1.,0.,0.));
#9855=DIRECTION('',(0.,0.,1.));
#9856=DIRECTION('',(-0.603669277171667,0.797234848585432,0.));
#9857=DIRECTION('',(0.,0.,1.));
#9858=DIRECTION('',(0.,0.,1.));
#9859=DIRECTION('',(1.,0.,0.));
#9860=DIRECTION('',(0.,0.,1.));
#9861=DIRECTION('',(-0.191485572149844,0.981495428241236,0.));
#9862=DIRECTION('',(0.,0.,1.));
#9863=DIRECTION('',(0.,0.,1.));
#9864=DIRECTION('',(1.,0.,0.));
#9865=DIRECTION('',(0.,0.,1.));
#9866=DIRECTION('',(-0.0323264034521081,0.999477365246383,0.));
#9867=DIRECTION('',(0.,0.,1.));
#9868=DIRECTION('',(0.,0.,1.));
#9869=DIRECTION('',(1.,0.,0.));
#9870=DIRECTION('',(0.,0.,1.));
#9871=DIRECTION('',(0.0310297834642608,0.999518460328853,0.));
#9872=DIRECTION('',(0.,0.,1.));
#9873=DIRECTION('',(0.,0.,1.));
#9874=DIRECTION('',(1.,0.,0.));
#9875=DIRECTION('',(0.,0.,1.));
#9876=DIRECTION('',(0.179368370004938,0.983781981864768,0.));
#9877=DIRECTION('',(0.,0.,1.));
#9878=DIRECTION('',(0.,0.,1.));
#9879=DIRECTION('',(1.,0.,0.));
#9880=DIRECTION('',(0.,0.,1.));
#9881=DIRECTION('',(0.498197482806772,0.867063589435628,0.));
#9882=DIRECTION('',(0.,0.,1.));
#9883=DIRECTION('',(0.,0.,1.));
#9884=DIRECTION('',(1.,0.,0.));
#9885=DIRECTION('',(0.,0.,1.));
#9886=DIRECTION('',(0.831366531834487,0.555724472868972,0.));
#9887=DIRECTION('',(0.,0.,1.));
#9888=DIRECTION('',(0.,0.,1.));
#9889=DIRECTION('',(1.,0.,0.));
#9890=DIRECTION('',(0.,0.,1.));
#9891=DIRECTION('',(0.972067326208614,0.234702180044491,0.));
#9892=DIRECTION('',(0.,0.,1.));
#9893=DIRECTION('',(0.,0.,1.));
#9894=DIRECTION('',(1.,0.,0.));
#9895=DIRECTION('',(0.,0.,1.));
#9896=DIRECTION('',(0.998617510883993,0.0525648832953991,0.));
#9897=DIRECTION('',(0.,0.,1.));
#9898=DIRECTION('',(0.,0.,1.));
#9899=DIRECTION('',(1.,0.,0.));
#9900=DIRECTION('',(0.,0.,1.));
#9901=DIRECTION('',(0.663153525927795,0.748483400650632,0.));
#9902=DIRECTION('',(0.,0.,1.));
#9903=DIRECTION('',(0.,0.,1.));
#9904=DIRECTION('',(1.,0.,0.));
#9905=DIRECTION('',(0.,0.,1.));
#9906=DIRECTION('',(0.401833396659537,0.915712794127645,0.));
#9907=DIRECTION('',(0.,0.,1.));
#9908=DIRECTION('',(0.,0.,1.));
#9909=DIRECTION('',(1.,0.,0.));
#9910=DIRECTION('',(0.,0.,1.));
#9911=DIRECTION('',(0.194503279303833,0.980901867844105,0.));
#9912=DIRECTION('',(0.,0.,1.));
#9913=DIRECTION('',(0.,0.,1.));
#9914=DIRECTION('',(1.,0.,0.));
#9915=DIRECTION('',(0.,0.,1.));
#9916=DIRECTION('',(0.0532970781242114,0.998578700685841,0.));
#9917=DIRECTION('',(0.,0.,1.));
#9918=DIRECTION('',(0.,0.,1.));
#9919=DIRECTION('',(1.,0.,0.));
#9920=DIRECTION('',(0.0158253770208789,-0.999874770879907,-4.11945231544549E-28));
#9921=DIRECTION('',(-0.999874770879907,-0.0158253770208789,1.1399048042398E-14));
#9922=DIRECTION('',(0.,0.,1.));
#9923=DIRECTION('',(-0.999874770879907,-0.0158253770208789,1.1399048042398E-14));
#9924=DIRECTION('',(0.,0.,1.));
#9925=DIRECTION('',(-0.0963105269976784,0.995351336156952,0.));
#9926=DIRECTION('',(0.,0.,1.));
#9927=DIRECTION('',(0.,0.,1.));
#9928=DIRECTION('',(1.,0.,0.));
#9929=DIRECTION('',(0.,0.,1.));
#9930=DIRECTION('',(-0.268179703433872,0.963368904763964,0.));
#9931=DIRECTION('',(0.,0.,1.));
#9932=DIRECTION('',(0.,0.,1.));
#9933=DIRECTION('',(1.,0.,0.));
#9934=DIRECTION('',(0.,0.,1.));
#9935=DIRECTION('',(-0.559172459647364,0.829051361721285,0.));
#9936=DIRECTION('',(0.,0.,1.));
#9937=DIRECTION('',(0.,0.,1.));
#9938=DIRECTION('',(1.,0.,0.));
#9939=DIRECTION('',(0.,0.,1.));
#9940=DIRECTION('',(-0.858435725309982,0.512921149409463,0.));
#9941=DIRECTION('',(0.,0.,1.));
#9942=DIRECTION('',(0.,0.,1.));
#9943=DIRECTION('',(1.,0.,0.));
#9944=DIRECTION('',(0.,0.,1.));
#9945=DIRECTION('',(-0.989166251582839,0.146799614200977,0.));
#9946=DIRECTION('',(0.,0.,1.));
#9947=DIRECTION('',(0.,0.,1.));
#9948=DIRECTION('',(1.,0.,0.));
#9949=DIRECTION('',(0.,0.,1.));
#9950=DIRECTION('',(-0.96514034688102,-0.261732899770709,0.));
#9951=DIRECTION('',(0.,0.,1.));
#9952=DIRECTION('',(0.,0.,1.));
#9953=DIRECTION('',(1.,0.,0.));
#9954=DIRECTION('',(0.,0.,1.));
#9955=DIRECTION('',(-0.647684684039333,-0.761908491920696,0.));
#9956=DIRECTION('',(0.,0.,1.));
#9957=DIRECTION('',(0.,0.,1.));
#9958=DIRECTION('',(1.,0.,0.));
#9959=DIRECTION('',(0.,0.,1.));
#9960=DIRECTION('',(-0.271471979164382,-0.962446343714066,0.));
#9961=DIRECTION('',(0.,0.,1.));
#9962=DIRECTION('',(0.,0.,1.));
#9963=DIRECTION('',(1.,0.,0.));
#9964=DIRECTION('',(0.,0.,1.));
#9965=DIRECTION('',(-0.0637787841853003,-0.99796406081975,0.));
#9966=DIRECTION('',(0.,0.,1.));
#9967=DIRECTION('',(0.,0.,1.));
#9968=DIRECTION('',(1.,0.,0.));
#9969=DIRECTION('',(0.,0.,1.));
#9970=DIRECTION('',(0.0771141871579588,-0.997022267624433,0.));
#9971=DIRECTION('',(0.,0.,1.));
#9972=DIRECTION('',(0.,0.,1.));
#9973=DIRECTION('',(1.,0.,0.));
#9974=DIRECTION('',(0.,0.,1.));
#9975=DIRECTION('',(0.316641252778551,-0.948545368993402,0.));
#9976=DIRECTION('',(0.,0.,1.));
#9977=DIRECTION('',(0.,0.,1.));
#9978=DIRECTION('',(1.,0.,0.));
#9979=DIRECTION('',(0.,0.,1.));
#9980=DIRECTION('',(0.625669237452687,-0.780088459923215,0.));
#9981=DIRECTION('',(0.,0.,1.));
#9982=DIRECTION('',(1.,0.,0.));
#9983=DIRECTION('',(0.,0.,1.));
#9984=DIRECTION('',(0.262555330098625,-0.964916938724159,0.));
#9985=DIRECTION('',(0.,0.,1.));
#9986=DIRECTION('',(1.,0.,0.));
#9987=DIRECTION('',(0.,0.,1.));
#9988=DIRECTION('',(1.,0.,0.));
#9989=DIRECTION('',(0.,0.,1.));
#9990=DIRECTION('',(1.,0.,0.));
#9991=DIRECTION('',(0.,0.,1.));
#9992=DIRECTION('',(0.0385302150387184,-0.999257435563564,0.));
#9993=DIRECTION('',(0.,0.,1.));
#9994=DIRECTION('',(1.,0.,0.));
#9995=DIRECTION('',(0.,0.,1.));
#9996=DIRECTION('',(0.,0.,1.));
#9997=DIRECTION('',(1.,0.,0.));
#9998=DIRECTION('',(0.,0.,1.));
#9999=DIRECTION('',(0.,0.,1.));
#10000=DIRECTION('',(-0.0273612077658605,-0.999625612071636,0.));
#10001=DIRECTION('',(0.,0.,1.));
#10002=DIRECTION('',(1.,0.,0.));
#10003=DIRECTION('',(0.,0.,1.));
#10004=DIRECTION('',(0.,0.,1.));
#10005=DIRECTION('',(1.,0.,0.));
#10006=DIRECTION('',(0.,0.,1.));
#10007=DIRECTION('',(-0.150191409896308,-0.988656937665113,0.));
#10008=DIRECTION('',(0.,0.,1.));
#10009=DIRECTION('',(1.,0.,0.));
#10010=DIRECTION('',(0.,0.,1.));
#10011=DIRECTION('',(0.,0.,1.));
#10012=DIRECTION('',(1.,0.,0.));
#10013=DIRECTION('',(0.,0.,1.));
#10014=DIRECTION('',(-0.423927901089919,-0.905695939417582,0.));
#10015=DIRECTION('',(0.,0.,1.));
#10016=DIRECTION('',(1.,0.,0.));
#10017=DIRECTION('',(0.,0.,1.));
#10018=DIRECTION('',(0.,0.,1.));
#10019=DIRECTION('',(1.,0.,0.));
#10020=DIRECTION('',(0.,0.,1.));
#10021=DIRECTION('',(-0.770126445234701,-0.637891259032575,0.));
#10022=DIRECTION('',(0.,0.,1.));
#10023=DIRECTION('',(1.,0.,0.));
#10024=DIRECTION('',(0.,0.,1.));
#10025=DIRECTION('',(0.,0.,1.));
#10026=DIRECTION('',(1.,0.,0.));
#10027=DIRECTION('',(0.,0.,1.));
#10028=DIRECTION('',(-0.955686831397498,-0.294385258281405,0.));
#10029=DIRECTION('',(0.,0.,1.));
#10030=DIRECTION('',(1.,0.,0.));
#10031=DIRECTION('',(0.,0.,1.));
#10032=DIRECTION('',(0.,0.,1.));
#10033=DIRECTION('',(1.,0.,0.));
#10034=DIRECTION('',(0.,0.,1.));
#10035=DIRECTION('',(-0.997542044196478,-0.0700704649642971,0.));
#10036=DIRECTION('',(0.,0.,1.));
#10037=DIRECTION('',(1.,0.,0.));
#10038=DIRECTION('',(0.,0.,1.));
#10039=DIRECTION('',(0.,0.,1.));
#10040=DIRECTION('',(1.,0.,0.));
#10041=DIRECTION('',(0.,0.,1.));
#10042=DIRECTION('',(-0.997629436306016,0.0688150260898015,0.));
#10043=DIRECTION('',(0.,0.,1.));
#10044=DIRECTION('',(1.,0.,0.));
#10045=DIRECTION('',(0.,0.,1.));
#10046=DIRECTION('',(0.,0.,1.));
#10047=DIRECTION('',(1.,0.,0.));
#10048=DIRECTION('',(0.,0.,1.));
#10049=DIRECTION('',(-0.957208784211032,0.289398243652649,0.));
#10050=DIRECTION('',(0.,0.,1.));
#10051=DIRECTION('',(1.,0.,0.));
#10052=DIRECTION('',(0.,0.,1.));
#10053=DIRECTION('',(0.,0.,1.));
#10054=DIRECTION('',(1.,0.,0.));
#10055=DIRECTION('',(0.,0.,1.));
#10056=DIRECTION('',(-0.775667488128794,0.631141781107833,0.));
#10057=DIRECTION('',(0.,0.,1.));
#10058=DIRECTION('',(1.,0.,0.));
#10059=DIRECTION('',(0.,0.,1.));
#10060=DIRECTION('',(0.,0.,1.));
#10061=DIRECTION('',(1.,0.,0.));
#10062=DIRECTION('',(0.,0.,1.));
#10063=DIRECTION('',(-0.4360200178379,0.899936966706356,0.));
#10064=DIRECTION('',(0.,0.,1.));
#10065=DIRECTION('',(1.,0.,0.));
#10066=DIRECTION('',(0.,0.,1.));
#10067=DIRECTION('',(0.,0.,1.));
#10068=DIRECTION('',(1.,0.,0.));
#10069=DIRECTION('',(0.,0.,1.));
#10070=DIRECTION('',(-0.157461273186246,0.98752516294349,0.));
#10071=DIRECTION('',(0.,0.,1.));
#10072=DIRECTION('',(1.,0.,0.));
#10073=DIRECTION('',(0.,0.,1.));
#10074=DIRECTION('',(0.,0.,1.));
#10075=DIRECTION('',(1.,0.,0.));
#10076=DIRECTION('',(0.,0.,1.));
#10077=DIRECTION('',(-0.0273612077658733,0.999625612071636,0.));
#10078=DIRECTION('',(0.,0.,1.));
#10079=DIRECTION('',(1.,0.,0.));
#10080=DIRECTION('',(0.,0.,1.));
#10081=DIRECTION('',(0.,0.,1.));
#10082=DIRECTION('',(1.,0.,0.));
#10083=DIRECTION('',(0.,0.,1.));
#10084=DIRECTION('',(0.038530215038662,0.999257435563566,0.));
#10085=DIRECTION('',(0.,0.,1.));
#10086=DIRECTION('',(1.,0.,0.));
#10087=DIRECTION('',(0.,0.,1.));
#10088=DIRECTION('',(0.,0.,1.));
#10089=DIRECTION('',(1.,0.,0.));
#10090=DIRECTION('',(0.,0.,1.));
#10091=DIRECTION('',(0.186107833324321,0.982529324944211,0.));
#10092=DIRECTION('',(0.,0.,1.));
#10093=DIRECTION('',(1.,0.,0.));
#10094=DIRECTION('',(0.,0.,1.));
#10095=DIRECTION('',(0.,0.,1.));
#10096=DIRECTION('',(1.,0.,0.));
#10097=DIRECTION('',(0.,0.,1.));
#10098=DIRECTION('',(0.489578694415635,0.871959117146144,0.));
#10099=DIRECTION('',(0.,0.,1.));
#10100=DIRECTION('',(1.,0.,0.));
#10101=DIRECTION('',(0.,0.,1.));
#10102=DIRECTION('',(0.,0.,1.));
#10103=DIRECTION('',(1.,0.,0.));
#10104=DIRECTION('',(0.,0.,1.));
#10105=DIRECTION('',(0.82918509931857,0.558974123791122,0.));
#10106=DIRECTION('',(0.,0.,1.));
#10107=DIRECTION('',(1.,0.,0.));
#10108=DIRECTION('',(0.,0.,1.));
#10109=DIRECTION('',(0.,0.,1.));
#10110=DIRECTION('',(1.,0.,0.));
#10111=DIRECTION('',(0.,0.,1.));
#10112=DIRECTION('',(0.975845867860019,0.218460161541014,0.));
#10113=DIRECTION('',(0.,0.,1.));
#10114=DIRECTION('',(1.,0.,0.));
#10115=DIRECTION('',(0.,0.,1.));
#10116=DIRECTION('',(0.,0.,1.));
#10117=DIRECTION('',(1.,0.,0.));
#10118=DIRECTION('',(0.,0.,1.));
#10119=DIRECTION('',(0.999111013895221,0.0421566354594888,0.));
#10120=DIRECTION('',(0.,0.,1.));
#10121=DIRECTION('',(1.,0.,0.));
#10122=DIRECTION('',(0.,0.,1.));
#10123=DIRECTION('',(0.,0.,1.));
#10124=DIRECTION('',(1.,0.,0.));
#10125=DIRECTION('',(0.,0.,1.));
#10126=DIRECTION('',(0.999103397364321,-0.0423367615090164,0.));
#10127=DIRECTION('',(0.,0.,1.));
#10128=DIRECTION('',(1.,0.,0.));
#10129=DIRECTION('',(0.,0.,1.));
#10130=DIRECTION('',(0.,0.,1.));
#10131=DIRECTION('',(1.,0.,0.));
#10132=DIRECTION('',(0.,0.,1.));
#10133=DIRECTION('',(0.975778084987625,-0.21876272273375,0.));
#10134=DIRECTION('',(0.,0.,1.));
#10135=DIRECTION('',(1.,0.,0.));
#10136=DIRECTION('',(0.,0.,1.));
#10137=DIRECTION('',(0.,0.,1.));
#10138=DIRECTION('',(1.,0.,0.));
#10139=DIRECTION('',(0.,0.,1.));
#10140=DIRECTION('',(0.827341822125422,-0.561698771017159,0.));
#10141=DIRECTION('',(0.,0.,1.));
#10142=DIRECTION('',(1.,0.,0.));
#10143=DIRECTION('',(0.,0.,1.));
#10144=DIRECTION('',(0.,0.,1.));
#10145=DIRECTION('',(1.,0.,0.));
#10146=DIRECTION('',(0.,0.,1.));
#10147=DIRECTION('',(0.481590421744172,-0.876396408986408,0.));
#10148=DIRECTION('',(0.,0.,1.));
#10149=DIRECTION('',(1.,0.,0.));
#10150=DIRECTION('',(0.,0.,1.));
#10151=DIRECTION('',(0.,0.,1.));
#10152=DIRECTION('',(1.,0.,0.));
#10153=DIRECTION('',(0.,0.,1.));
#10154=DIRECTION('',(-0.0867448925230396,-0.99623055746206,0.));
#10155=DIRECTION('',(0.,0.,1.));
#10156=DIRECTION('',(0.,0.,1.));
#10157=DIRECTION('',(1.,0.,0.));
#10158=DIRECTION('',(0.,0.,1.));
#10159=DIRECTION('',(0.,0.,1.));
#10160=DIRECTION('',(0.091086342866969,-0.99584299874183,0.));
#10161=DIRECTION('',(0.,0.,1.));
#10162=DIRECTION('',(0.,0.,1.));
#10163=DIRECTION('',(1.,0.,0.));
#10164=DIRECTION('',(0.,0.,1.));
#10165=DIRECTION('',(0.411717208985704,-0.911311658997635,0.));
#10166=DIRECTION('',(0.,0.,1.));
#10167=DIRECTION('',(0.,0.,1.));
#10168=DIRECTION('',(1.,0.,0.));
#10169=DIRECTION('',(0.,0.,1.));
#10170=DIRECTION('',(0.829008540739204,-0.559235942497848,0.));
#10171=DIRECTION('',(0.,0.,1.));
#10172=DIRECTION('',(0.,0.,1.));
#10173=DIRECTION('',(1.,0.,0.));
#10174=DIRECTION('',(0.,0.,1.));
#10175=DIRECTION('',(0.990255552270743,-0.139262131238058,0.));
#10176=DIRECTION('',(0.,0.,1.));
#10177=DIRECTION('',(0.,0.,1.));
#10178=DIRECTION('',(1.,0.,0.));
#10179=DIRECTION('',(0.,0.,1.));
#10180=DIRECTION('',(0.990607581622162,0.136735581443498,0.));
#10181=DIRECTION('',(0.,0.,1.));
#10182=DIRECTION('',(0.,0.,1.));
#10183=DIRECTION('',(1.,0.,0.));
#10184=DIRECTION('',(0.,0.,1.));
#10185=DIRECTION('',(0.8350458664152,0.550180334965625,0.));
#10186=DIRECTION('',(0.,0.,1.));
#10187=DIRECTION('',(0.,0.,1.));
#10188=DIRECTION('',(1.,0.,0.));
#10189=DIRECTION('',(0.,0.,1.));
#10190=DIRECTION('',(0.422055508555703,0.906569990512474,0.));
#10191=DIRECTION('',(0.,0.,1.));
#10192=DIRECTION('',(0.,0.,1.));
#10193=DIRECTION('',(1.,0.,0.));
#10194=DIRECTION('',(0.,0.,1.));
#10195=DIRECTION('',(0.0941614550999663,0.995556939794735,0.));
#10196=DIRECTION('',(0.,0.,1.));
#10197=DIRECTION('',(0.,0.,1.));
#10198=DIRECTION('',(1.,0.,0.));
#10199=DIRECTION('',(0.,0.,1.));
#10200=DIRECTION('',(-0.0652257663214296,0.997870532387735,0.));
#10201=DIRECTION('',(0.,0.,1.));
#10202=DIRECTION('',(0.,0.,1.));
#10203=DIRECTION('',(1.,0.,0.));
#10204=DIRECTION('',(0.,0.,1.));
#10205=DIRECTION('',(-0.235806471320772,0.971800035029453,0.));
#10206=DIRECTION('',(0.,0.,1.));
#10207=DIRECTION('',(0.,0.,1.));
#10208=DIRECTION('',(1.,0.,0.));
#10209=DIRECTION('',(0.,0.,1.));
#10210=DIRECTION('',(-0.470445124196509,0.882429252189506,0.));
#10211=DIRECTION('',(0.,0.,1.));
#10212=DIRECTION('',(0.,0.,1.));
#10213=DIRECTION('',(1.,0.,0.));
#10214=DIRECTION('',(0.,0.,1.));
#10215=DIRECTION('',(-0.731602111662047,0.681731875601863,0.));
#10216=DIRECTION('',(0.,0.,1.));
#10217=DIRECTION('',(0.,0.,1.));
#10218=DIRECTION('',(1.,0.,0.));
#10219=DIRECTION('',(-1.,0.,0.));
#10220=DIRECTION('',(0.,0.,1.));
#10221=DIRECTION('',(0.,0.,1.));
#10222=DIRECTION('',(0.,-1.,0.));
#10223=DIRECTION('',(0.,-1.,0.));
#10224=DIRECTION('',(0.,0.,-1.));
#10225=DIRECTION('',(0.,0.,1.));
#10226=DIRECTION('',(1.,0.,0.));
#10227=DIRECTION('',(1.,0.,0.));
#10228=DIRECTION('',(0.,0.,-1.));
#10229=DIRECTION('',(0.,0.,1.));
#10230=DIRECTION('',(0.,1.,0.));
#10231=DIRECTION('',(0.,1.,0.));
#10232=DIRECTION('',(0.,0.,1.));
#10233=DIRECTION('',(0.,0.,1.));
#10234=DIRECTION('',(-1.,0.,0.));
#10235=DIRECTION('',(-1.,0.,0.));
#10236=DIRECTION('',(0.,0.,1.));
#10237=DIRECTION('',(0.,6.433244725208E-26,1.));
#10238=DIRECTION('',(0.,-1.,0.));
#10239=DIRECTION('',(0.849549105304658,0.527509542734589,-3.39359798329418E-26));
#10240=DIRECTION('',(0.527509542734589,-0.849549105304658,2.5552173484238E-14));
#10241=DIRECTION('',(0.,0.,1.));
#10242=DIRECTION('',(0.527509542734589,-0.849549105304658,2.5552173484238E-14));
#10243=DIRECTION('',(0.,0.,1.));
#10244=DIRECTION('',(-0.616719681002802,-0.787182847287593,0.));
#10245=DIRECTION('',(0.,0.,1.));
#10246=DIRECTION('',(0.,0.,1.));
#10247=DIRECTION('',(1.,0.,0.));
#10248=DIRECTION('',(0.,0.,1.));
#10249=DIRECTION('',(-0.263046384463256,-0.964783187882546,0.));
#10250=DIRECTION('',(0.,0.,1.));
#10251=DIRECTION('',(1.,0.,0.));
#10252=DIRECTION('',(0.,0.,1.));
#10253=DIRECTION('',(0.182658940002329,-0.98317633801736,0.));
#10254=DIRECTION('',(0.,0.,1.));
#10255=DIRECTION('',(1.,0.,0.));
#10256=DIRECTION('',(0.,0.,1.));
#10257=DIRECTION('',(1.,0.,0.));
#10258=DIRECTION('',(0.,0.,1.));
#10259=DIRECTION('',(1.,0.,0.));
#10260=DIRECTION('',(0.,-1.,0.));
#10261=DIRECTION('',(0.,0.,-1.));
#10262=DIRECTION('',(0.,0.,1.));
#10263=DIRECTION('',(1.,0.,0.));
#10264=DIRECTION('',(0.,0.,1.));
#10265=DIRECTION('',(1.,0.,0.));
#10266=DIRECTION('',(0.,0.,-1.));
#10267=DIRECTION('',(0.,0.,1.));
#10268=DIRECTION('',(0.,1.,0.));
#10269=DIRECTION('',(0.,1.,0.));
#10270=DIRECTION('',(0.,0.,1.));
#10271=DIRECTION('',(0.,0.,1.));
#10272=DIRECTION('',(-1.,0.,0.));
#10273=DIRECTION('',(-1.,0.,0.));
#10274=DIRECTION('',(0.,0.,1.));
#10275=DIRECTION('',(0.,-1.,0.));
#10276=DIRECTION('',(0.,0.,1.));
#10277=DIRECTION('',(1.,0.,0.));
#10278=DIRECTION('',(0.,0.,1.));
#10279=DIRECTION('',(-0.998245730714691,0.0592069346436078,0.));
#10280=DIRECTION('',(0.,0.,1.));
#10281=DIRECTION('',(0.,0.,1.));
#10282=DIRECTION('',(1.,0.,0.));
#10283=DIRECTION('',(0.,0.,1.));
#10284=DIRECTION('',(0.,0.,1.));
#10285=DIRECTION('',(-0.998138505298519,-0.0609879024105544,0.));
#10286=DIRECTION('',(0.,0.,1.));
#10287=DIRECTION('',(0.,0.,1.));
#10288=DIRECTION('',(1.,0.,0.));
#10289=DIRECTION('',(0.,0.,1.));
#10290=DIRECTION('',(-0.963108245778981,-0.26911430083244,0.));
#10291=DIRECTION('',(0.,0.,1.));
#10292=DIRECTION('',(0.,0.,1.));
#10293=DIRECTION('',(1.,0.,0.));
#10294=DIRECTION('',(0.,0.,1.));
#10295=DIRECTION('',(-0.802793903141174,-0.596256613447063,0.));
#10296=DIRECTION('',(0.,0.,1.));
#10297=DIRECTION('',(0.,0.,1.));
#10298=DIRECTION('',(1.,0.,0.));
#10299=DIRECTION('',(0.,0.,1.));
#10300=DIRECTION('',(-0.492656963158882,-0.870223601524958,0.));
#10301=DIRECTION('',(0.,0.,1.));
#10302=DIRECTION('',(0.,0.,1.));
#10303=DIRECTION('',(1.,0.,0.));
#10304=DIRECTION('',(0.,0.,1.));
#10305=DIRECTION('',(-0.21225473598753,-0.977214371082857,0.));
#10306=DIRECTION('',(0.,0.,1.));
#10307=DIRECTION('',(0.,0.,1.));
#10308=DIRECTION('',(1.,0.,0.));
#10309=DIRECTION('',(0.,0.,1.));
#10310=DIRECTION('',(-0.0500653877225236,-0.998745942145545,0.));
#10311=DIRECTION('',(0.,0.,1.));
#10312=DIRECTION('',(0.,0.,1.));
#10313=DIRECTION('',(1.,0.,0.));
#10314=DIRECTION('',(0.,0.,1.));
#10315=DIRECTION('',(0.0819472324277046,-0.996636669552872,0.));
#10316=DIRECTION('',(0.,0.,1.));
#10317=DIRECTION('',(0.,0.,1.));
#10318=DIRECTION('',(1.,0.,0.));
#10319=DIRECTION('',(0.,0.,1.));
#10320=DIRECTION('',(0.363135058780295,-0.931736512692634,0.));
#10321=DIRECTION('',(0.,0.,1.));
#10322=DIRECTION('',(0.,0.,1.));
#10323=DIRECTION('',(1.,0.,0.));
#10324=DIRECTION('',(0.,0.,1.));
#10325=DIRECTION('',(0.786923273815761,-0.617050857812453,0.));
#10326=DIRECTION('',(0.,0.,1.));
#10327=DIRECTION('',(0.,0.,1.));
#10328=DIRECTION('',(1.,0.,0.));
#10329=DIRECTION('',(0.,0.,1.));
#10330=DIRECTION('',(0.987238472423109,-0.159248857351276,0.));
#10331=DIRECTION('',(0.,0.,1.));
#10332=DIRECTION('',(0.,0.,1.));
#10333=DIRECTION('',(1.,0.,0.));
#10334=DIRECTION('',(0.,-1.,0.));
#10335=DIRECTION('',(0.,0.,-1.));
#10336=DIRECTION('',(4.60987441441211E-28,0.,1.));
#10337=DIRECTION('',(1.,0.,0.));
#10338=DIRECTION('',(0.999672349672867,-0.0255967439243558,-4.60836398755219E-28));
#10339=DIRECTION('',(-0.0255967439243558,-0.999672349672867,2.76085563425147E-14));
#10340=DIRECTION('',(0.,0.,1.));
#10341=DIRECTION('',(-0.0255967439243558,-0.999672349672867,2.76085563425147E-14));
#10342=DIRECTION('',(0.,0.,1.));
#10343=DIRECTION('',(0.974157015115849,-0.225871888247694,0.));
#10344=DIRECTION('',(0.,0.,1.));
#10345=DIRECTION('',(0.,0.,1.));
#10346=DIRECTION('',(1.,0.,0.));
#10347=DIRECTION('',(0.,0.,1.));
#10348=DIRECTION('',(0.789819482207439,-0.613339372228437,0.));
#10349=DIRECTION('',(0.,0.,1.));
#10350=DIRECTION('',(0.,0.,1.));
#10351=DIRECTION('',(1.,0.,0.));
#10352=DIRECTION('',(0.,0.,1.));
#10353=DIRECTION('',(0.443655576289362,-0.896197372026583,0.));
#10354=DIRECTION('',(0.,0.,1.));
#10355=DIRECTION('',(0.,0.,1.));
#10356=DIRECTION('',(1.,0.,0.));
#10357=DIRECTION('',(0.,0.,1.));
#10358=DIRECTION('',(0.184698393559633,-0.982795249996911,0.));
#10359=DIRECTION('',(0.,0.,1.));
#10360=DIRECTION('',(0.,0.,1.));
#10361=DIRECTION('',(1.,0.,0.));
#10362=DIRECTION('',(0.,0.,1.));
#10363=DIRECTION('',(0.045475900739221,-0.99896543606471,0.));
#10364=DIRECTION('',(0.,0.,1.));
#10365=DIRECTION('',(0.,0.,1.));
#10366=DIRECTION('',(1.,0.,0.));
#10367=DIRECTION('',(0.,0.,1.));
#10368=DIRECTION('',(-0.0445344829293699,-0.999007847732045,0.));
#10369=DIRECTION('',(0.,0.,1.));
#10370=DIRECTION('',(0.,0.,1.));
#10371=DIRECTION('',(1.,0.,0.));
#10372=DIRECTION('',(0.,0.,1.));
#10373=DIRECTION('',(-0.211122621874431,-0.977459584091775,0.));
#10374=DIRECTION('',(0.,0.,1.));
#10375=DIRECTION('',(0.,0.,1.));
#10376=DIRECTION('',(1.,0.,0.));
#10377=DIRECTION('',(0.,0.,1.));
#10378=DIRECTION('',(-0.539783086140293,-0.84180414581829,0.));
#10379=DIRECTION('',(0.,0.,1.));
#10380=DIRECTION('',(0.,0.,1.));
#10381=DIRECTION('',(1.,0.,0.));
#10382=DIRECTION('',(0.,0.,1.));
#10383=DIRECTION('',(-0.87799563626745,-0.478668635587622,0.));
#10384=DIRECTION('',(0.,0.,1.));
#10385=DIRECTION('',(0.,0.,1.));
#10386=DIRECTION('',(1.,0.,0.));
#10387=DIRECTION('',(0.,0.,1.));
#10388=DIRECTION('',(-0.989341387430412,-0.145614625354965,0.));
#10389=DIRECTION('',(0.,0.,1.));
#10390=DIRECTION('',(0.,0.,1.));
#10391=DIRECTION('',(1.,0.,0.));
#10392=DIRECTION('',(-0.999862327665447,-0.0165929417354331,-2.00777846757113E-27));
#10393=DIRECTION('',(0.0165929417354331,-0.999862327665446,-1.39512476772623E-14));
#10394=DIRECTION('',(-2.13234421429667E-16,-1.30962115985453E-14,1.));
#10395=DIRECTION('',(0.0165929417354331,-0.999862327665446,-1.39512476772623E-14));
#10396=DIRECTION('',(-0.999867472220672,0.0162799875627869,-1.37579968343518E-27));
#10397=DIRECTION('',(-0.0162799875627869,-0.999867472220672,-1.30979474404333E-14));
#10398=DIRECTION('',(0.,0.,1.));
#10399=DIRECTION('',(-0.0162799875627869,-0.999867472220672,-1.30979474404333E-14));
#10400=DIRECTION('',(0.,0.,1.));
#10401=DIRECTION('',(-0.989580947002246,0.143977600098553,0.));
#10402=DIRECTION('',(0.,0.,1.));
#10403=DIRECTION('',(0.,0.,1.));
#10404=DIRECTION('',(1.,0.,0.));
#10405=DIRECTION('',(0.,0.,1.));
#10406=DIRECTION('',(-0.880700588824683,0.473673382030126,0.));
#10407=DIRECTION('',(0.,0.,1.));
#10408=DIRECTION('',(0.,0.,1.));
#10409=DIRECTION('',(1.,0.,0.));
#10410=DIRECTION('',(0.,0.,1.));
#10411=DIRECTION('',(-0.539752162664258,0.841823973820689,0.));
#10412=DIRECTION('',(0.,0.,1.));
#10413=DIRECTION('',(0.,0.,1.));
#10414=DIRECTION('',(1.,0.,0.));
#10415=DIRECTION('',(0.,0.,1.));
#10416=DIRECTION('',(-0.206733151733054,0.978397365069284,0.));
#10417=DIRECTION('',(0.,0.,1.));
#10418=DIRECTION('',(0.,0.,1.));
#10419=DIRECTION('',(1.,0.,0.));
#10420=DIRECTION('',(0.,0.,1.));
#10421=DIRECTION('',(-0.0445344829293604,0.999007847732046,0.));
#10422=DIRECTION('',(0.,0.,1.));
#10423=DIRECTION('',(0.,0.,1.));
#10424=DIRECTION('',(1.,0.,0.));
#10425=DIRECTION('',(0.,0.,1.));
#10426=DIRECTION('',(0.0400352645433205,0.999198267408899,0.));
#10427=DIRECTION('',(0.,0.,1.));
#10428=DIRECTION('',(0.,0.,1.));
#10429=DIRECTION('',(1.,0.,0.));
#10430=DIRECTION('',(0.,0.,1.));
#10431=DIRECTION('',(0.168806034306549,0.985649289951398,0.));
#10432=DIRECTION('',(0.,0.,1.));
#10433=DIRECTION('',(0.,0.,1.));
#10434=DIRECTION('',(1.,0.,0.));
#10435=DIRECTION('',(0.,0.,1.));
#10436=DIRECTION('',(0.419063473650387,0.907956940086958,0.));
#10437=DIRECTION('',(0.,0.,1.));
#10438=DIRECTION('',(0.,0.,1.));
#10439=DIRECTION('',(1.,0.,0.));
#10440=DIRECTION('',(0.,0.,1.));
#10441=DIRECTION('',(0.766659127958131,0.642054344676896,0.));
#10442=DIRECTION('',(0.,0.,1.));
#10443=DIRECTION('',(0.,0.,1.));
#10444=DIRECTION('',(1.,0.,0.));
#10445=DIRECTION('',(0.,0.,1.));
#10446=DIRECTION('',(0.969783823023258,0.243965851303811,0.));
#10447=DIRECTION('',(0.,0.,1.));
#10448=DIRECTION('',(0.,0.,1.));
#10449=DIRECTION('',(1.,0.,0.));
#10450=DIRECTION('',(0.999615010260285,0.0277458332426602,-5.94557229829384E-28));
#10451=DIRECTION('',(0.0277458332426602,-0.999615010260285,3.06544544086231E-14));
#10452=DIRECTION('',(5.94786216420029E-28,0.,1.));
#10453=DIRECTION('',(0.0277458332426602,-0.999615010260285,3.06544544086231E-14));
#10454=DIRECTION('',(0.,1.,0.));
#10455=DIRECTION('',(0.,0.,1.));
#10456=DIRECTION('',(0.,0.,1.));
#10457=DIRECTION('',(-1.,0.,0.));
#10458=DIRECTION('',(0.,0.,1.));
#10459=DIRECTION('',(0.986535024203704,0.163550133046099,0.));
#10460=DIRECTION('',(0.,0.,1.));
#10461=DIRECTION('',(0.,0.,1.));
#10462=DIRECTION('',(1.,0.,0.));
#10463=DIRECTION('',(0.,0.,1.));
#10464=DIRECTION('',(0.778750451038399,0.6273338305938,0.));
#10465=DIRECTION('',(0.,0.,1.));
#10466=DIRECTION('',(0.,0.,1.));
#10467=DIRECTION('',(1.,0.,0.));
#10468=DIRECTION('',(0.,0.,1.));
#10469=DIRECTION('',(0.356410256330964,0.934329561333739,0.));
#10470=DIRECTION('',(0.,0.,1.));
#10471=DIRECTION('',(0.,0.,1.));
#10472=DIRECTION('',(1.,0.,0.));
#10473=DIRECTION('',(0.,0.,1.));
#10474=DIRECTION('',(0.080327162744383,0.996768552335715,0.));
#10475=DIRECTION('',(0.,0.,1.));
#10476=DIRECTION('',(0.,0.,1.));
#10477=DIRECTION('',(1.,0.,0.));
#10478=DIRECTION('',(0.,0.,1.));
#10479=DIRECTION('',(-0.0500653877225452,0.998745942145544,0.));
#10480=DIRECTION('',(0.,0.,1.));
#10481=DIRECTION('',(0.,0.,1.));
#10482=DIRECTION('',(1.,0.,0.));
#10483=DIRECTION('',(0.,0.,1.));
#10484=DIRECTION('',(-0.214746814602962,0.976669752586759,0.));
#10485=DIRECTION('',(0.,0.,1.));
#10486=DIRECTION('',(0.,0.,1.));
#10487=DIRECTION('',(1.,0.,0.));
#10488=DIRECTION('',(0.,0.,1.));
#10489=DIRECTION('',(-0.497462202421993,0.867485652423981,0.));
#10490=DIRECTION('',(0.,0.,1.));
#10491=DIRECTION('',(0.,0.,1.));
#10492=DIRECTION('',(1.,0.,0.));
#10493=DIRECTION('',(0.,0.,1.));
#10494=DIRECTION('',(-0.808395200450822,0.588640127657023,0.));
#10495=DIRECTION('',(0.,0.,1.));
#10496=DIRECTION('',(0.,0.,1.));
#10497=DIRECTION('',(1.,0.,0.));
#10498=DIRECTION('',(0.,0.,1.));
#10499=DIRECTION('',(-0.965016143537179,0.262190470293315,0.));
#10500=DIRECTION('',(0.,0.,1.));
#10501=DIRECTION('',(1.,0.,0.));
#10502=DIRECTION('',(0.,0.,1.));
#10503=DIRECTION('',(1.,0.,0.));
#10504=DIRECTION('',(0.,0.,1.));
#10505=DIRECTION('',(-0.99824573071469,0.0592069346436242,0.));
#10506=DIRECTION('',(0.,0.,1.));
#10507=DIRECTION('',(0.,0.,1.));
#10508=DIRECTION('',(1.,0.,0.));
#10509=DIRECTION('',(0.,0.,1.));
#10510=DIRECTION('',(0.,0.,1.));
#10511=DIRECTION('',(-0.998138505298518,-0.0609879024105664,0.));
#10512=DIRECTION('',(0.,0.,1.));
#10513=DIRECTION('',(0.,0.,1.));
#10514=DIRECTION('',(1.,0.,0.));
#10515=DIRECTION('',(0.,0.,1.));
#10516=DIRECTION('',(-0.963108245778987,-0.269114300832422,0.));
#10517=DIRECTION('',(0.,0.,1.));
#10518=DIRECTION('',(0.,0.,1.));
#10519=DIRECTION('',(1.,0.,0.));
#10520=DIRECTION('',(0.,0.,1.));
#10521=DIRECTION('',(-0.802793903141092,-0.596256613447173,0.));
#10522=DIRECTION('',(0.,0.,1.));
#10523=DIRECTION('',(0.,0.,1.));
#10524=DIRECTION('',(1.,0.,0.));
#10525=DIRECTION('',(0.,0.,1.));
#10526=DIRECTION('',(-0.492656963158862,-0.870223601524969,0.));
#10527=DIRECTION('',(0.,0.,1.));
#10528=DIRECTION('',(0.,0.,1.));
#10529=DIRECTION('',(1.,0.,0.));
#10530=DIRECTION('',(0.,0.,1.));
#10531=DIRECTION('',(-0.212254735987532,-0.977214371082857,0.));
#10532=DIRECTION('',(0.,0.,1.));
#10533=DIRECTION('',(0.,0.,1.));
#10534=DIRECTION('',(1.,0.,0.));
#10535=DIRECTION('',(0.,0.,1.));
#10536=DIRECTION('',(-0.0500653877225234,-0.998745942145545,0.));
#10537=DIRECTION('',(0.,0.,1.));
#10538=DIRECTION('',(0.,0.,1.));
#10539=DIRECTION('',(1.,0.,0.));
#10540=DIRECTION('',(0.,0.,1.));
#10541=DIRECTION('',(0.0819472324277837,-0.996636669552865,0.));
#10542=DIRECTION('',(0.,0.,1.));
#10543=DIRECTION('',(0.,0.,1.));
#10544=DIRECTION('',(1.,0.,0.));
#10545=DIRECTION('',(0.,0.,1.));
#10546=DIRECTION('',(0.36313505876436,-0.931736512698845,0.));
#10547=DIRECTION('',(0.,0.,1.));
#10548=DIRECTION('',(0.,0.,1.));
#10549=DIRECTION('',(1.,0.,0.));
#10550=DIRECTION('',(0.,0.,1.));
#10551=DIRECTION('',(0.786923273816759,-0.617050857811181,0.));
#10552=DIRECTION('',(0.,0.,1.));
#10553=DIRECTION('',(0.,0.,1.));
#10554=DIRECTION('',(1.,0.,0.));
#10555=DIRECTION('',(0.,0.,1.));
#10556=DIRECTION('',(0.987238472423109,-0.159248857351272,0.));
#10557=DIRECTION('',(0.,0.,1.));
#10558=DIRECTION('',(0.,0.,1.));
#10559=DIRECTION('',(1.,0.,0.));
#10560=DIRECTION('',(0.,-1.,0.));
#10561=DIRECTION('',(0.,0.,-1.));
#10562=DIRECTION('',(9.31840956349371E-28,0.,1.));
#10563=DIRECTION('',(1.,0.,0.));
#10564=DIRECTION('',(0.999672349672867,-0.0255967439243632,-9.31535638355187E-28));
#10565=DIRECTION('',(-0.0255967439243632,-0.999672349672867,2.76085563425147E-14));
#10566=DIRECTION('',(0.,0.,1.));
#10567=DIRECTION('',(-0.0255967439243632,-0.999672349672867,2.76085563425147E-14));
#10568=DIRECTION('',(0.,0.,1.));
#10569=DIRECTION('',(0.97415701511579,-0.225871888247952,0.));
#10570=DIRECTION('',(0.,0.,1.));
#10571=DIRECTION('',(0.,0.,1.));
#10572=DIRECTION('',(1.,0.,0.));
#10573=DIRECTION('',(0.,0.,1.));
#10574=DIRECTION('',(0.789819482206555,-0.613339372229576,0.));
#10575=DIRECTION('',(0.,0.,1.));
#10576=DIRECTION('',(0.,0.,1.));
#10577=DIRECTION('',(1.,0.,0.));
#10578=DIRECTION('',(0.,0.,1.));
#10579=DIRECTION('',(0.443655576301478,-0.896197372020585,0.));
#10580=DIRECTION('',(0.,0.,1.));
#10581=DIRECTION('',(0.,0.,1.));
#10582=DIRECTION('',(1.,0.,0.));
#10583=DIRECTION('',(0.,0.,1.));
#10584=DIRECTION('',(0.18469839355963,-0.982795249996912,0.));
#10585=DIRECTION('',(0.,0.,1.));
#10586=DIRECTION('',(0.,0.,1.));
#10587=DIRECTION('',(1.,0.,0.));
#10588=DIRECTION('',(0.,0.,1.));
#10589=DIRECTION('',(0.0454759007392226,-0.99896543606471,0.));
#10590=DIRECTION('',(0.,0.,1.));
#10591=DIRECTION('',(0.,0.,1.));
#10592=DIRECTION('',(1.,0.,0.));
#10593=DIRECTION('',(0.,0.,1.));
#10594=DIRECTION('',(-0.0445344829293702,-0.999007847732045,0.));
#10595=DIRECTION('',(0.,0.,1.));
#10596=DIRECTION('',(0.,0.,1.));
#10597=DIRECTION('',(1.,0.,0.));
#10598=DIRECTION('',(0.,0.,1.));
#10599=DIRECTION('',(-0.211122621875587,-0.977459584091525,0.));
#10600=DIRECTION('',(0.,0.,1.));
#10601=DIRECTION('',(0.,0.,1.));
#10602=DIRECTION('',(1.,0.,0.));
#10603=DIRECTION('',(0.,0.,1.));
#10604=DIRECTION('',(-0.539783086139042,-0.841804145819093,0.));
#10605=DIRECTION('',(0.,0.,1.));
#10606=DIRECTION('',(0.,0.,1.));
#10607=DIRECTION('',(1.,0.,0.));
#10608=DIRECTION('',(0.,0.,1.));
#10609=DIRECTION('',(-0.877995636268016,-0.478668635586584,0.));
#10610=DIRECTION('',(0.,0.,1.));
#10611=DIRECTION('',(0.,0.,1.));
#10612=DIRECTION('',(1.,0.,0.));
#10613=DIRECTION('',(0.,0.,1.));
#10614=DIRECTION('',(-0.989341387430355,-0.145614625355356,0.));
#10615=DIRECTION('',(0.,0.,1.));
#10616=DIRECTION('',(0.,0.,1.));
#10617=DIRECTION('',(1.,0.,0.));
#10618=DIRECTION('',(-0.999862327665447,-0.0165929417353855,-1.59583836258821E-27));
#10619=DIRECTION('',(0.0165929417353855,-0.999862327665447,-1.39512476772623E-14));
#10620=DIRECTION('',(-2.13234421429171E-16,-1.30962115985453E-14,1.));
#10621=DIRECTION('',(0.0165929417353855,-0.999862327665447,-1.39512476772623E-14));
#10622=DIRECTION('',(-0.999867472220672,0.0162799875627401,-1.49349746186791E-27));
#10623=DIRECTION('',(-0.0162799875627401,-0.999867472220672,-1.30979474404334E-14));
#10624=DIRECTION('',(0.,0.,1.));
#10625=DIRECTION('',(-0.0162799875627401,-0.999867472220672,-1.30979474404334E-14));
#10626=DIRECTION('',(0.,0.,1.));
#10627=DIRECTION('',(-0.989580947002242,0.143977600098578,0.));
#10628=DIRECTION('',(0.,0.,1.));
#10629=DIRECTION('',(0.,0.,1.));
#10630=DIRECTION('',(1.,0.,0.));
#10631=DIRECTION('',(0.,0.,1.));
#10632=DIRECTION('',(-0.880700588824163,0.473673382031092,0.));
#10633=DIRECTION('',(0.,0.,1.));
#10634=DIRECTION('',(0.,0.,1.));
#10635=DIRECTION('',(1.,0.,0.));
#10636=DIRECTION('',(0.,0.,1.));
#10637=DIRECTION('',(-0.539752162648998,0.841823973830473,0.));
#10638=DIRECTION('',(0.,0.,1.));
#10639=DIRECTION('',(0.,0.,1.));
#10640=DIRECTION('',(1.,0.,0.));
#10641=DIRECTION('',(0.,0.,1.));
#10642=DIRECTION('',(-0.206733151732881,0.978397365069321,0.));
#10643=DIRECTION('',(0.,0.,1.));
#10644=DIRECTION('',(0.,0.,1.));
#10645=DIRECTION('',(1.,0.,0.));
#10646=DIRECTION('',(0.,0.,1.));
#10647=DIRECTION('',(-0.0445344829293593,0.999007847732046,0.));
#10648=DIRECTION('',(0.,0.,1.));
#10649=DIRECTION('',(0.,0.,1.));
#10650=DIRECTION('',(1.,0.,0.));
#10651=DIRECTION('',(0.,0.,1.));
#10652=DIRECTION('',(0.0400352645433212,0.999198267408899,0.));
#10653=DIRECTION('',(0.,0.,1.));
#10654=DIRECTION('',(0.,0.,1.));
#10655=DIRECTION('',(1.,0.,0.));
#10656=DIRECTION('',(0.,0.,1.));
#10657=DIRECTION('',(0.168806034306547,0.985649289951399,0.));
#10658=DIRECTION('',(0.,0.,1.));
#10659=DIRECTION('',(0.,0.,1.));
#10660=DIRECTION('',(1.,0.,0.));
#10661=DIRECTION('',(0.,0.,1.));
#10662=DIRECTION('',(0.41906347365039,0.907956940086956,0.));
#10663=DIRECTION('',(0.,0.,1.));
#10664=DIRECTION('',(0.,0.,1.));
#10665=DIRECTION('',(1.,0.,0.));
#10666=DIRECTION('',(0.,0.,1.));
#10667=DIRECTION('',(0.766659127958132,0.642054344676894,0.));
#10668=DIRECTION('',(0.,0.,1.));
#10669=DIRECTION('',(0.,0.,1.));
#10670=DIRECTION('',(1.,0.,0.));
#10671=DIRECTION('',(0.,0.,1.));
#10672=DIRECTION('',(0.969783823023218,0.243965851303971,0.));
#10673=DIRECTION('',(0.,0.,1.));
#10674=DIRECTION('',(0.,0.,1.));
#10675=DIRECTION('',(1.,0.,0.));
#10676=DIRECTION('',(0.999615010260285,0.0277458332426703,-1.12406350110736E-27));
#10677=DIRECTION('',(0.0277458332426703,-0.999615010260285,3.0654454408623E-14));
#10678=DIRECTION('',(1.12449642069167E-27,0.,1.));
#10679=DIRECTION('',(0.0277458332426703,-0.999615010260285,3.0654454408623E-14));
#10680=DIRECTION('',(0.,1.,0.));
#10681=DIRECTION('',(0.,0.,1.));
#10682=DIRECTION('',(0.,0.,1.));
#10683=DIRECTION('',(-1.,0.,0.));
#10684=DIRECTION('',(0.,0.,1.));
#10685=DIRECTION('',(0.986535024203658,0.163550133046376,0.));
#10686=DIRECTION('',(0.,0.,1.));
#10687=DIRECTION('',(0.,0.,1.));
#10688=DIRECTION('',(1.,0.,0.));
#10689=DIRECTION('',(0.,0.,1.));
#10690=DIRECTION('',(0.778750451036402,0.627333830596279,0.));
#10691=DIRECTION('',(0.,0.,1.));
#10692=DIRECTION('',(0.,0.,1.));
#10693=DIRECTION('',(1.,0.,0.));
#10694=DIRECTION('',(0.,0.,1.));
#10695=DIRECTION('',(0.356410256328725,0.934329561334593,0.));
#10696=DIRECTION('',(0.,0.,1.));
#10697=DIRECTION('',(0.,0.,1.));
#10698=DIRECTION('',(1.,0.,0.));
#10699=DIRECTION('',(0.,0.,1.));
#10700=DIRECTION('',(0.0803271627443823,0.996768552335715,0.));
#10701=DIRECTION('',(0.,0.,1.));
#10702=DIRECTION('',(0.,0.,1.));
#10703=DIRECTION('',(1.,0.,0.));
#10704=DIRECTION('',(0.,0.,1.));
#10705=DIRECTION('',(-0.050065387722544,0.998745942145545,0.));
#10706=DIRECTION('',(0.,0.,1.));
#10707=DIRECTION('',(0.,0.,1.));
#10708=DIRECTION('',(1.,0.,0.));
#10709=DIRECTION('',(0.,0.,1.));
#10710=DIRECTION('',(-0.214746814602994,0.976669752586752,0.));
#10711=DIRECTION('',(0.,0.,1.));
#10712=DIRECTION('',(0.,0.,1.));
#10713=DIRECTION('',(1.,0.,0.));
#10714=DIRECTION('',(0.,0.,1.));
#10715=DIRECTION('',(-0.497462202421986,0.867485652423985,0.));
#10716=DIRECTION('',(0.,0.,1.));
#10717=DIRECTION('',(0.,0.,1.));
#10718=DIRECTION('',(1.,0.,0.));
#10719=DIRECTION('',(0.,0.,1.));
#10720=DIRECTION('',(-0.808395200451014,0.588640127656758,0.));
#10721=DIRECTION('',(0.,0.,1.));
#10722=DIRECTION('',(0.,0.,1.));
#10723=DIRECTION('',(1.,0.,0.));
#10724=DIRECTION('',(0.,0.,1.));
#10725=DIRECTION('',(-0.965016143537184,0.262190470293299,0.));
#10726=DIRECTION('',(0.,0.,1.));
#10727=DIRECTION('',(1.,0.,0.));
#10728=DIRECTION('',(0.,0.,1.));
#10729=DIRECTION('',(1.,0.,0.));
#10730=DIRECTION('',(0.,-1.,0.));
#10731=DIRECTION('',(0.,0.,-1.));
#10732=DIRECTION('',(0.,0.,1.));
#10733=DIRECTION('',(1.,0.,0.));
#10734=DIRECTION('',(0.,0.,1.));
#10735=DIRECTION('',(1.,0.,0.));
#10736=DIRECTION('',(0.,0.,-1.));
#10737=DIRECTION('',(0.,0.,1.));
#10738=DIRECTION('',(0.,1.,0.));
#10739=DIRECTION('',(0.,1.,0.));
#10740=DIRECTION('',(0.,0.,1.));
#10741=DIRECTION('',(0.,0.,1.));
#10742=DIRECTION('',(-1.,0.,0.));
#10743=DIRECTION('',(-1.,0.,0.));
#10744=DIRECTION('',(0.,0.,1.));
#10745=DIRECTION('',(0.,-1.,0.));
#10746=DIRECTION('',(0.,0.,1.));
#10747=DIRECTION('',(1.,0.,0.));
#10748=DIRECTION('',(-0.0230881726158752,0.999733432613544,-7.06092001075679E-28));
#10749=DIRECTION('',(-0.999733432613544,-0.0230881726158752,-1.23950651070942E-14));
#10750=DIRECTION('',(-0.999733432613544,-0.0230881726158752,0.));
#10751=DIRECTION('',(0.,0.,1.));
#10752=DIRECTION('',(-0.999733432613544,-0.0230881726158752,-1.23950651070942E-14));
#10753=DIRECTION('',(0.,0.,1.));
#10754=DIRECTION('',(0.,0.,1.));
#10755=DIRECTION('',(0.0826900882115673,0.996575310406375,0.));
#10756=DIRECTION('',(0.,0.,1.));
#10757=DIRECTION('',(1.,0.,0.));
#10758=DIRECTION('',(0.,0.,1.));
#10759=DIRECTION('',(0.,0.,1.));
#10760=DIRECTION('',(1.,0.,0.));
#10761=DIRECTION('',(0.,0.,1.));
#10762=DIRECTION('',(0.399478117105954,0.916742730515755,0.));
#10763=DIRECTION('',(0.,0.,1.));
#10764=DIRECTION('',(1.,0.,0.));
#10765=DIRECTION('',(0.,0.,1.));
#10766=DIRECTION('',(0.,0.,1.));
#10767=DIRECTION('',(1.,0.,0.));
#10768=DIRECTION('',(0.,0.,1.));
#10769=DIRECTION('',(0.809944508585139,0.586506515746226,0.));
#10770=DIRECTION('',(0.,0.,1.));
#10771=DIRECTION('',(1.,0.,0.));
#10772=DIRECTION('',(0.,0.,1.));
#10773=DIRECTION('',(0.,0.,1.));
#10774=DIRECTION('',(1.,0.,0.));
#10775=DIRECTION('',(0.,0.,1.));
#10776=DIRECTION('',(0.988901461148094,0.148572878208524,0.));
#10777=DIRECTION('',(0.,0.,1.));
#10778=DIRECTION('',(1.,0.,0.));
#10779=DIRECTION('',(0.,0.,1.));
#10780=DIRECTION('',(0.,0.,1.));
#10781=DIRECTION('',(1.,0.,0.));
#10782=DIRECTION('',(0.,-1.,0.));
#10783=DIRECTION('',(0.,0.,-1.));
#10784=DIRECTION('',(1.,0.,0.));
#10785=DIRECTION('',(0.,0.,1.));
#10786=DIRECTION('',(1.,0.,0.));
#10787=DIRECTION('',(0.,0.,1.));
#10788=DIRECTION('',(-0.996713867086506,0.0810028836367148,0.));
#10789=DIRECTION('',(0.,0.,1.));
#10790=DIRECTION('',(1.,0.,0.));
#10791=DIRECTION('',(0.,0.,1.));
#10792=DIRECTION('',(0.,0.,1.));
#10793=DIRECTION('',(1.,0.,0.));
#10794=DIRECTION('',(0.,0.,1.));
#10795=DIRECTION('',(-0.932311408482201,0.361656518832352,0.));
#10796=DIRECTION('',(0.,0.,1.));
#10797=DIRECTION('',(1.,0.,0.));
#10798=DIRECTION('',(0.,0.,1.));
#10799=DIRECTION('',(0.,0.,1.));
#10800=DIRECTION('',(1.,0.,0.));
#10801=DIRECTION('',(0.,0.,1.));
#10802=DIRECTION('',(-0.684032787454766,0.729451263407545,0.));
#10803=DIRECTION('',(0.,0.,1.));
#10804=DIRECTION('',(1.,0.,0.));
#10805=DIRECTION('',(0.,0.,1.));
#10806=DIRECTION('',(0.,0.,1.));
#10807=DIRECTION('',(1.,0.,0.));
#10808=DIRECTION('',(0.,0.,1.));
#10809=DIRECTION('',(-0.380333385129859,0.924849455941702,0.));
#10810=DIRECTION('',(0.,0.,1.));
#10811=DIRECTION('',(1.,0.,0.));
#10812=DIRECTION('',(0.,0.,1.));
#10813=DIRECTION('',(0.,0.,1.));
#10814=DIRECTION('',(1.,0.,0.));
#10815=DIRECTION('',(0.,0.,1.));
#10816=DIRECTION('',(-0.0865271720976194,-0.996249491085837,0.));
#10817=DIRECTION('',(0.,0.,1.));
#10818=DIRECTION('',(0.,0.,1.));
#10819=DIRECTION('',(1.,0.,0.));
#10820=DIRECTION('',(0.,0.,1.));
#10821=DIRECTION('',(0.,0.,1.));
#10822=DIRECTION('',(0.0656598176196544,-0.997842065835147,0.));
#10823=DIRECTION('',(0.,0.,1.));
#10824=DIRECTION('',(0.,0.,1.));
#10825=DIRECTION('',(1.,0.,0.));
#10826=DIRECTION('',(0.,0.,1.));
#10827=DIRECTION('',(0.296401018137992,-0.955063577175238,0.));
#10828=DIRECTION('',(0.,0.,1.));
#10829=DIRECTION('',(0.,0.,1.));
#10830=DIRECTION('',(1.,0.,0.));
#10831=DIRECTION('',(0.,0.,1.));
#10832=DIRECTION('',(0.707909624801235,-0.706303024992655,0.));
#10833=DIRECTION('',(0.,0.,1.));
#10834=DIRECTION('',(0.,0.,1.));
#10835=DIRECTION('',(1.,0.,0.));
#10836=DIRECTION('',(0.,0.,1.));
#10837=DIRECTION('',(0.977695357812033,-0.210028063155382,0.));
#10838=DIRECTION('',(0.,0.,1.));
#10839=DIRECTION('',(0.,0.,1.));
#10840=DIRECTION('',(1.,0.,0.));
#10841=DIRECTION('',(0.,-1.,0.));
#10842=DIRECTION('',(0.,0.,-1.));
#10843=DIRECTION('',(0.,0.,1.));
#10844=DIRECTION('',(1.,0.,0.));
#10845=DIRECTION('',(0.,0.,1.));
#10846=DIRECTION('',(0.975621558895969,-0.219459731653437,0.));
#10847=DIRECTION('',(0.,0.,1.));
#10848=DIRECTION('',(0.,0.,1.));
#10849=DIRECTION('',(1.,0.,0.));
#10850=DIRECTION('',(0.,0.,1.));
#10851=DIRECTION('',(0.645672624204382,-0.763614341374641,0.));
#10852=DIRECTION('',(0.,0.,1.));
#10853=DIRECTION('',(0.,0.,1.));
#10854=DIRECTION('',(1.,0.,0.));
#10855=DIRECTION('',(0.,0.,1.));
#10856=DIRECTION('',(0.213365477259182,-0.976972452587053,0.));
#10857=DIRECTION('',(0.,0.,1.));
#10858=DIRECTION('',(0.,0.,1.));
#10859=DIRECTION('',(1.,0.,0.));
#10860=DIRECTION('',(0.,0.,1.));
#10861=DIRECTION('',(0.0372095420796052,-0.999307485200739,0.));
#10862=DIRECTION('',(0.,0.,1.));
#10863=DIRECTION('',(0.,0.,1.));
#10864=DIRECTION('',(1.,0.,0.));
#10865=DIRECTION('',(0.,0.,1.));
#10866=DIRECTION('',(-0.0468020670776315,-0.998904182851018,0.));
#10867=DIRECTION('',(0.,0.,1.));
#10868=DIRECTION('',(0.,0.,1.));
#10869=DIRECTION('',(1.,0.,0.));
#10870=DIRECTION('',(0.,0.,1.));
#10871=DIRECTION('',(-0.310762373214165,-0.950487636634112,0.));
#10872=DIRECTION('',(0.,0.,1.));
#10873=DIRECTION('',(0.,0.,1.));
#10874=DIRECTION('',(1.,0.,0.));
#10875=DIRECTION('',(0.,0.,1.));
#10876=DIRECTION('',(-0.812448842280081,-0.583032485096461,0.));
#10877=DIRECTION('',(0.,0.,1.));
#10878=DIRECTION('',(0.,0.,1.));
#10879=DIRECTION('',(1.,0.,0.));
#10880=DIRECTION('',(0.,0.,1.));
#10881=DIRECTION('',(-0.991646602440302,-0.128984556705858,0.));
#10882=DIRECTION('',(0.,0.,1.));
#10883=DIRECTION('',(0.,0.,1.));
#10884=DIRECTION('',(1.,0.,0.));
#10885=DIRECTION('',(0.,1.,0.));
#10886=DIRECTION('',(0.,0.,1.));
#10887=DIRECTION('',(0.,0.,1.));
#10888=DIRECTION('',(-1.,0.,0.));
#10889=DIRECTION('',(-0.970142500145332,0.242535625036333,0.));
#10890=DIRECTION('',(-0.242535625036333,-0.970142500145332,0.));
#10891=DIRECTION('',(0.,0.,1.));
#10892=DIRECTION('',(-0.242535625036333,-0.970142500145332,0.));
#10893=DIRECTION('',(0.,0.,1.));
#10894=DIRECTION('',(0.998388666318428,0.0567456691467275,0.));
#10895=DIRECTION('',(0.,0.,1.));
#10896=DIRECTION('',(0.,0.,1.));
#10897=DIRECTION('',(1.,0.,0.));
#10898=DIRECTION('',(0.,0.,1.));
#10899=DIRECTION('',(0.968596890479599,0.248636408744277,0.));
#10900=DIRECTION('',(0.,0.,1.));
#10901=DIRECTION('',(0.,0.,1.));
#10902=DIRECTION('',(1.,0.,0.));
#10903=DIRECTION('',(0.,0.,1.));
#10904=DIRECTION('',(0.852048830882628,0.523462309809929,0.));
#10905=DIRECTION('',(0.,0.,1.));
#10906=DIRECTION('',(0.,0.,1.));
#10907=DIRECTION('',(1.,0.,0.));
#10908=DIRECTION('',(0.,0.,1.));
#10909=DIRECTION('',(0.625224740579467,0.780444760227999,0.));
#10910=DIRECTION('',(0.,0.,1.));
#10911=DIRECTION('',(0.,0.,1.));
#10912=DIRECTION('',(1.,0.,0.));
#10913=DIRECTION('',(0.,0.,1.));
#10914=DIRECTION('',(0.324503016485235,0.945884661199231,0.));
#10915=DIRECTION('',(0.,0.,1.));
#10916=DIRECTION('',(0.,0.,1.));
#10917=DIRECTION('',(1.,0.,0.));
#10918=DIRECTION('',(0.,0.,1.));
#10919=DIRECTION('',(0.0885233564524651,0.996074101341055,0.));
#10920=DIRECTION('',(0.,0.,1.));
#10921=DIRECTION('',(0.,0.,1.));
#10922=DIRECTION('',(1.,0.,0.));
#10923=DIRECTION('',(0.,0.,1.));
#10924=DIRECTION('',(-0.0942288903593603,0.995550559349772,0.));
#10925=DIRECTION('',(0.,0.,1.));
#10926=DIRECTION('',(0.,0.,1.));
#10927=DIRECTION('',(1.,0.,0.));
#10928=DIRECTION('',(0.,0.,1.));
#10929=DIRECTION('',(-0.431869814221762,0.901935953138614,0.));
#10930=DIRECTION('',(0.,0.,1.));
#10931=DIRECTION('',(0.,0.,1.));
#10932=DIRECTION('',(1.,0.,0.));
#10933=DIRECTION('',(0.,0.,1.));
#10934=DIRECTION('',(-0.845445448491814,0.534061788208513,0.));
#10935=DIRECTION('',(0.,0.,1.));
#10936=DIRECTION('',(0.,0.,1.));
#10937=DIRECTION('',(1.,0.,0.));
#10938=DIRECTION('',(0.,0.,1.));
#10939=DIRECTION('',(-0.991523288587183,0.129929089080384,0.));
#10940=DIRECTION('',(0.,0.,1.));
#10941=DIRECTION('',(0.,0.,1.));
#10942=DIRECTION('',(1.,0.,0.));
#10943=DIRECTION('',(0.,0.,1.));
#10944=DIRECTION('',(-0.989097997589696,-0.147258789768401,0.));
#10945=DIRECTION('',(0.,0.,1.));
#10946=DIRECTION('',(0.,0.,1.));
#10947=DIRECTION('',(1.,0.,0.));
#10948=DIRECTION('',(0.,0.,1.));
#10949=DIRECTION('',(-0.815987437967822,-0.578069633416867,0.));
#10950=DIRECTION('',(0.,0.,1.));
#10951=DIRECTION('',(0.,0.,1.));
#10952=DIRECTION('',(1.,0.,0.));
#10953=DIRECTION('',(0.,0.,1.));
#10954=DIRECTION('',(-0.396337948437521,-0.918104694807916,0.));
#10955=DIRECTION('',(0.,0.,1.));
#10956=DIRECTION('',(1.,0.,0.));
#10957=DIRECTION('',(0.,0.,1.));
#10958=DIRECTION('',(-0.134822080976777,0.990869823176128,0.));
#10959=DIRECTION('',(0.,0.,1.));
#10960=DIRECTION('',(1.,0.,0.));
#10961=DIRECTION('',(0.,0.,1.));
#10962=DIRECTION('',(1.,0.,0.));
#10963=DIRECTION('',(0.,0.,1.));
#10964=DIRECTION('',(1.,0.,0.));
#10965=DIRECTION('',(1.,0.,0.));
#10966=DIRECTION('',(0.,0.,-1.));
#10967=DIRECTION('',(0.,0.,1.));
#10968=DIRECTION('',(0.,1.,0.));
#10969=DIRECTION('',(0.,0.,1.));
#10970=DIRECTION('',(0.,1.,0.));
#10971=DIRECTION('',(0.,0.,1.));
#10972=DIRECTION('',(0.,0.,1.));
#10973=DIRECTION('',(-1.,0.,0.));
#10974=DIRECTION('',(-1.,0.,0.));
#10975=DIRECTION('',(0.,0.,1.));
#10976=DIRECTION('',(0.,0.,1.));
#10977=DIRECTION('',(0.,-1.,0.));
#10978=DIRECTION('',(0.,-1.,0.));
#10979=DIRECTION('',(0.,0.,-1.));
#10980=DIRECTION('',(0.,0.,1.));
#10981=DIRECTION('',(1.,0.,0.));
#10982=DIRECTION('',(-1.,0.,0.));
#10983=DIRECTION('',(0.,0.,1.));
#10984=DIRECTION('',(0.,0.,1.));
#10985=DIRECTION('',(0.,-1.,0.));
#10986=DIRECTION('',(0.,1.,0.));
#10987=DIRECTION('',(0.,0.,1.));
#10988=DIRECTION('',(0.,0.,1.));
#10989=DIRECTION('',(-1.,0.,0.));
#10990=DIRECTION('',(-1.,0.,0.));
#10991=DIRECTION('',(0.,0.,1.));
#10992=DIRECTION('',(0.,0.,1.));
#10993=DIRECTION('',(0.,-1.,0.));
#10994=DIRECTION('',(0.,-1.,0.));
#10995=DIRECTION('',(0.,0.,-1.));
#10996=DIRECTION('',(0.,0.,1.));
#10997=DIRECTION('',(1.,0.,0.));
#10998=DIRECTION('',(-1.,0.,0.));
#10999=DIRECTION('',(0.,0.,1.));
#11000=DIRECTION('',(0.,0.,1.));
#11001=DIRECTION('',(0.,-1.,0.));
#11002=DIRECTION('',(0.,1.,0.));
#11003=DIRECTION('',(0.,0.,1.));
#11004=DIRECTION('',(0.,0.,1.));
#11005=DIRECTION('',(-1.,0.,0.));
#11006=DIRECTION('',(-1.,0.,0.));
#11007=DIRECTION('',(0.,0.,1.));
#11008=DIRECTION('',(0.,0.,1.));
#11009=DIRECTION('',(0.,-1.,0.));
#11010=DIRECTION('',(0.,-1.,0.));
#11011=DIRECTION('',(0.,0.,-1.));
#11012=DIRECTION('',(1.,0.,0.));
#11013=DIRECTION('',(0.,0.,1.));
#11014=DIRECTION('',(1.,0.,0.));
#11015=DIRECTION('',(0.,0.,-1.));
#11016=DIRECTION('',(-1.,0.,0.));
#11017=DIRECTION('',(0.,0.,-1.));
#11018=DIRECTION('',(-1.,0.,0.));
#11019=DIRECTION('',(0.,0.,-1.));
#11020=DIRECTION('',(-1.,0.,0.));
#11021=DIRECTION('',(0.,0.,-1.));
#11022=DIRECTION('',(-1.,0.,0.));
#11023=CARTESIAN_POINT('',(0.,0.,0.));
#11024=CARTESIAN_POINT('',(-2.16840434497101E-18,-0.0266,0.018));
#11025=CARTESIAN_POINT('',(0.00167797813957984,-0.0204551011926999,0.018));
#11026=CARTESIAN_POINT('',(0.00168766492374437,-0.0210515496274439,0.018));
#11027=CARTESIAN_POINT('',(0.0015751016683673,-0.0210424275939443,0.018));
#11028=CARTESIAN_POINT('',(0.00160411262476568,-0.0208655925850475,0.018));
#11029=CARTESIAN_POINT('',(0.00149977196424613,-0.021010923938456,0.018));
#11030=CARTESIAN_POINT('',(0.00157811759623978,-0.0209114026703192,0.018));
#11031=CARTESIAN_POINT('',(0.00145759586042272,-0.0209507918395662,0.018));
#11032=CARTESIAN_POINT('',(0.00173915316821806,-0.0208649134401733,0.018));
#11033=CARTESIAN_POINT('',(0.00144475188940973,-0.0208558996335672,0.018));
#11034=CARTESIAN_POINT('',(0.00182354630885295,-0.0208456925763307,0.018));
#11035=CARTESIAN_POINT('',(0.00145761900570545,-0.0207481176207587,0.018));
#11036=CARTESIAN_POINT('',(0.00159610915682623,-0.0207864724545671,0.018));
#11037=CARTESIAN_POINT('',(0.00149977361502486,-0.02068019659206,0.018));
#11038=CARTESIAN_POINT('',(0.00160513546144323,-0.0208091940155157,0.018));
#11039=CARTESIAN_POINT('',(0.00157510042750013,-0.0206450796741572,0.018));
#11040=CARTESIAN_POINT('',(0.00167802597409259,-0.0211833487772523,0.018));
#11041=CARTESIAN_POINT('',(0.00168766579714163,-0.0206351451566633,0.018));
#11042=CARTESIAN_POINT('',(0.00169383831339373,-0.0210641580481062,0.018));
#11043=CARTESIAN_POINT('',(0.00176967403137431,-0.0206419673283628,0.018));
#11044=CARTESIAN_POINT('',(0.00173096318199747,-0.0208571309589656,0.018));
#11045=CARTESIAN_POINT('',(0.00182908420855216,-0.0206619661099993,0.018));
#11046=CARTESIAN_POINT('',(0.00177028980259646,-0.0207777736511501,0.018));
#11047=CARTESIAN_POINT('',(0.00186915723349991,-0.0206937405211162,0.018));
#11048=CARTESIAN_POINT('',(0.00174365888835013,-0.0207984294679787,0.018));
#11049=CARTESIAN_POINT('',(0.0018933781603941,-0.0207329758600954,0.018));
#11050=CARTESIAN_POINT('',(0.0017320833232721,-0.0207986212948678,0.018));
#11051=CARTESIAN_POINT('',(0.00190542354356946,-0.0207811783949801,0.018));
#11052=CARTESIAN_POINT('',(0.00140981370344208,-0.0208378895954786,0.018));
#11053=CARTESIAN_POINT('',(0.00190869463599741,-0.0208395893335514,0.018));
#11054=CARTESIAN_POINT('',(0.00190594606542884,-0.0208505836158257,0.018));
#11055=CARTESIAN_POINT('',(0.00190318302387269,-0.0208616357820502,0.018));
#11056=CARTESIAN_POINT('',(0.0017070070733864,-0.0208616357820502,0.018));
#11057=CARTESIAN_POINT('',(0.00151100279338607,-0.0208616357820502,0.018));
#11058=CARTESIAN_POINT('',(0.00177440870537486,-0.020869104300899,0.018));
#11059=CARTESIAN_POINT('',(0.00151984094463516,-0.0209364048056235,0.018));
#11060=CARTESIAN_POINT('',(0.00159260768598916,-0.020918030528165,0.018));
#11061=CARTESIAN_POINT('',(0.00154967389231816,-0.0209793461950334,0.018));
#11062=CARTESIAN_POINT('',(0.00161255606247143,-0.0208707943509985,0.018));
#11063=CARTESIAN_POINT('',(0.00160411353379362,-0.0209960874040465,0.018));
#11064=CARTESIAN_POINT('',(0.00167991414711618,-0.0201877433570267,0.018));
#11065=CARTESIAN_POINT('',(0.00168766585540734,-0.0209997558657643,0.018));
#11066=CARTESIAN_POINT('',(0.00169526501696835,-0.0200834741921434,0.018));
#11067=CARTESIAN_POINT('',(0.00176315143283451,-0.0209971585871364,0.018));
#11068=CARTESIAN_POINT('',(0.00175372841955613,-0.0208276258738396,0.018));
#11069=CARTESIAN_POINT('',(0.00181062336289426,-0.0209873578574978,0.018));
#11070=CARTESIAN_POINT('',(0.0017951065043952,-0.0209426020615134,0.018));
#11071=CARTESIAN_POINT('',(0.00183545453564029,-0.020967149885963,0.018));
#11072=CARTESIAN_POINT('',(0.00177142182360045,-0.0209366546729801,0.018));
#11073=CARTESIAN_POINT('',(0.00184227430202414,-0.0209334748625101,0.018));
#11074=CARTESIAN_POINT('',(0.00187555260831124,-0.0209334748625101,0.018));
#11075=CARTESIAN_POINT('',(0.00190857152185072,-0.0209334748625101,0.018));
#11076=CARTESIAN_POINT('',(0.00178573556961969,-0.02093743197567,0.018));
#11077=CARTESIAN_POINT('',(0.00189755285510555,-0.020988269183109,0.018));
#11078=CARTESIAN_POINT('',(0.00182271080257705,-0.0209489332066954,0.018));
#11079=CARTESIAN_POINT('',(0.00186037091446101,-0.0210248543246865,0.018));
#11080=CARTESIAN_POINT('',(0.00176664011879662,-0.0208316257190448,0.018));
#11081=CARTESIAN_POINT('',(0.001792162167056,-0.0210451867933742,0.018));
#11082=CARTESIAN_POINT('',(0.00169731491732341,-0.0203268290826189,0.018));
#11083=CARTESIAN_POINT('',(-0.000531042509829003,-0.020840817179661,0.018));
#11084=CARTESIAN_POINT('',(-0.00110737901188,-0.0208457202461928,0.018));
#11085=CARTESIAN_POINT('',(-0.00110327097418413,-0.0207725010935627,0.018));
#11086=CARTESIAN_POINT('',(-0.000906664237103741,-0.0207946561772701,0.018));
#11087=CARTESIAN_POINT('',(-0.00108860070703551,-0.0207172319987554,0.018));
#11088=CARTESIAN_POINT('',(-0.000984585684051483,-0.0207624245691689,0.018));
#11089=CARTESIAN_POINT('',(-0.00106026052568869,-0.0206780281063948,0.018));
#11090=CARTESIAN_POINT('',(-0.000972076928643505,-0.0207825249936914,0.018));
#11091=CARTESIAN_POINT('',(-0.00101536365979321,-0.0206526913776317,0.018));
#11092=CARTESIAN_POINT('',(-0.000923661997972614,-0.0209266860398188,0.018));
#11093=CARTESIAN_POINT('',(-0.000950982817814772,-0.0206388907565881,0.018));
#11094=CARTESIAN_POINT('',(-0.000870230570602143,-0.0214405783842992,0.018));
#11095=CARTESIAN_POINT('',(-0.000863946134480584,-0.0206348146474054,0.018));
#11096=CARTESIAN_POINT('',(-0.000852858590184839,-0.021249171329777,0.018));
#11097=CARTESIAN_POINT('',(-0.000754808498984543,-0.0206428742524621,0.018));
#11098=CARTESIAN_POINT('',(-0.000782387281057611,-0.0208259375458579,0.018));
#11099=CARTESIAN_POINT('',(-0.000687074379488042,-0.0206676577360254,0.018));
#11100=CARTESIAN_POINT('',(-0.000734526386085393,-0.0207418738188437,0.018));
#11101=CARTESIAN_POINT('',(-0.000652514919440739,-0.0207101453237499,0.018));
#11102=CARTESIAN_POINT('',(-0.000818302329208274,-0.0207670121165262,0.018));
#11103=CARTESIAN_POINT('',(-0.000643025821448501,-0.0207714501056577,0.018));
#11104=CARTESIAN_POINT('',(-0.000676061007957553,-0.0207714501056577,0.018));
#11105=CARTESIAN_POINT('',(-0.000709107323899038,-0.0207714501056577,0.018));
#11106=CARTESIAN_POINT('',(-0.000709444366885377,-0.0207593072651346,0.018));
#11107=CARTESIAN_POINT('',(-0.00070983344144983,-0.0207476869145051,0.018));
#11108=CARTESIAN_POINT('',(-0.000763307230245165,-0.0207501911243396,0.018));
#11109=CARTESIAN_POINT('',(-0.000714838883449656,-0.0207276205833263,0.018));
#11110=CARTESIAN_POINT('',(-0.000754458101533949,-0.020747608813118,0.018));
#11111=CARTESIAN_POINT('',(-0.000728486275180671,-0.020711519316461,0.018));
#11112=CARTESIAN_POINT('',(-0.000773943220772534,-0.0207789468985092,0.018));
#11113=CARTESIAN_POINT('',(-0.000755141202618362,-0.0206996776224356,0.018));
#11114=CARTESIAN_POINT('',(-0.000818307174355256,-0.0209499826174772,0.018));
#11115=CARTESIAN_POINT('',(-0.000798850760360554,-0.0206924318033507,0.018));
#11116=CARTESIAN_POINT('',(-0.000857951891987282,-0.0214298497007595,0.018));
#11117=CARTESIAN_POINT('',(-0.00086394799991196,-0.0206900224079444,0.018));
#11118=CARTESIAN_POINT('',(-0.000870776363614826,-0.0214508829456339,0.018));
#11119=CARTESIAN_POINT('',(-0.000938383559186682,-0.020693103680588,0.018));
#11120=CARTESIAN_POINT('',(-0.000920905224653101,-0.0209104706072765,0.018));
#11121=CARTESIAN_POINT('',(-0.000988284853628766,-0.0207032594419635,0.018));
#11122=CARTESIAN_POINT('',(-0.000965919591293092,-0.0207736212502458,0.018));
#11123=CARTESIAN_POINT('',(-0.00101871601765716,-0.0207222325245042,0.018));
#11124=CARTESIAN_POINT('',(-0.000964706592062074,-0.0207695293642106,0.018));
#11125=CARTESIAN_POINT('',(-0.0010342137276871,-0.0207514439092017,0.018));
#11126=CARTESIAN_POINT('',(-0.000861426057078408,-0.0207959019388755,0.018));
#11127=CARTESIAN_POINT('',(-0.00103995401605053,-0.0207920065946088,0.018));
#11128=CARTESIAN_POINT('',(-0.00104048001302992,-0.0208177470482795,0.018));
#11129=CARTESIAN_POINT('',(-0.00104093530083876,-0.0208457231912048,0.018));
#11130=CARTESIAN_POINT('',(-0.00104048001302992,-0.0208731445772478,0.018));
#11131=CARTESIAN_POINT('',(-0.00103995421328072,-0.0208984402016601,0.018));
#11132=CARTESIAN_POINT('',(-0.000865190454775332,-0.0208945101819861,0.018));
#11133=CARTESIAN_POINT('',(-0.00103421268743281,-0.0209385051596544,0.018));
#11134=CARTESIAN_POINT('',(-0.000966461821331059,-0.0209207328501083,0.018));
#11135=CARTESIAN_POINT('',(-0.00101871522113142,-0.0209673318410982,0.018));
#11136=CARTESIAN_POINT('',(-0.000964195816004123,-0.0209131474360881,0.018));
#11137=CARTESIAN_POINT('',(-0.000988285359726025,-0.0209863048767878,0.018));
#11138=CARTESIAN_POINT('',(-0.000921751647722895,-0.0207878111586961,0.018));
#11139=CARTESIAN_POINT('',(-0.000938383421641885,-0.0209966782497364,0.018));
#11140=CARTESIAN_POINT('',(-0.000870776363614776,-0.0202389005548052,0.018));
#11141=CARTESIAN_POINT('',(-0.000864254352949243,-0.0209997370500017,0.018));
#11142=CARTESIAN_POINT('',(-0.000857960635916004,-0.0203482522599818,0.018));
#11143=CARTESIAN_POINT('',(-0.000798850645453019,-0.0209970222134021,0.018));
#11144=CARTESIAN_POINT('',(-0.000820398970041407,-0.0207505679328404,0.018));
#11145=CARTESIAN_POINT('',(-0.000755141193248862,-0.0209890566119586,0.018));
#11146=CARTESIAN_POINT('',(-0.000775066177895502,-0.0209121046204983,0.018));
#11147=CARTESIAN_POINT('',(-0.000728482387726844,-0.0209763324723202,0.018));
#11148=CARTESIAN_POINT('',(-0.000757024977598147,-0.0209397402933546,0.018));
#11149=CARTESIAN_POINT('',(-0.000714940536899846,-0.02095914184391,0.018));
#11150=CARTESIAN_POINT('',(-0.000772335560061649,-0.0209344175644118,0.018));
#11151=CARTESIAN_POINT('',(-0.000709833365218382,-0.0209371226108556,0.018));
#11152=CARTESIAN_POINT('',(-0.000709444366885377,-0.0209245429671217,0.018));
#11153=CARTESIAN_POINT('',(-0.000709107084876511,-0.0209113705300609,0.018));
#11154=CARTESIAN_POINT('',(-0.000676061007957553,-0.0209113705300609,0.018));
#11155=CARTESIAN_POINT('',(-0.00064301997565638,-0.0209113705300609,0.018));
#11156=CARTESIAN_POINT('',(-0.000828003503899937,-0.0209157361255765,0.018));
#11157=CARTESIAN_POINT('',(-0.000652518188926717,-0.0209742217771861,0.018));
#11158=CARTESIAN_POINT('',(-0.0007363783079641,-0.0209432696200896,0.018));
#11159=CARTESIAN_POINT('',(-0.00068707027203269,-0.0210179884855412,0.018));
#11160=CARTESIAN_POINT('',(-0.00078258171909807,-0.0208632048134627,0.018));
#11161=CARTESIAN_POINT('',(-0.000754808510989428,-0.0210433181761965,0.018));
#11162=CARTESIAN_POINT('',(-0.000852866486667926,-0.0204492350005855,0.018));
#11163=CARTESIAN_POINT('',(-0.000863947124257019,-0.0210515411647738,0.018));
#11164=CARTESIAN_POINT('',(-0.000870230570602154,-0.0202457789446111,0.018));
#11165=CARTESIAN_POINT('',(-0.000950982903089976,-0.0210474673415568,0.018));
#11166=CARTESIAN_POINT('',(-0.000922922114732899,-0.0207528328282912,0.018));
#11167=CARTESIAN_POINT('',(-0.0010153633127283,-0.021033830629442,0.018));
#11168=CARTESIAN_POINT('',(-0.000972956607177905,-0.0209041822900146,0.018));
#11169=CARTESIAN_POINT('',(-0.00106026100170256,-0.0210088267754688,0.018));
#11170=CARTESIAN_POINT('',(-0.000985361368755818,-0.020923961439477,0.018));
#11171=CARTESIAN_POINT('',(-0.00108860424756517,-0.0209704532348402,0.018));
#11172=CARTESIAN_POINT('',(-0.000916548177920044,-0.0208950326869739,0.018));
#11173=CARTESIAN_POINT('',(-0.00110327104460368,-0.0209167297657607,0.018));
#11174=CARTESIAN_POINT('',(-0.000564166518732453,-0.020850402085,0.018));
#11175=CARTESIAN_POINT('',(0.00131189213085766,-0.020513492545976,0.018));
#11176=CARTESIAN_POINT('',(0.00127873563218392,-0.020513492545976,0.018));
#11177=CARTESIAN_POINT('',(0.0013450486295314,-0.020513492545976,0.018));
#11178=CARTESIAN_POINT('',(0.0013450486295314,-0.0207787445353659,0.018));
#11179=CARTESIAN_POINT('',(0.0013450486295314,-0.0210439965247558,0.018));
#11180=CARTESIAN_POINT('',(0.00131189213085766,-0.0210439965247558,0.018));
#11181=CARTESIAN_POINT('',(0.00127873563218392,-0.0210439965247558,0.018));
#11182=CARTESIAN_POINT('',(0.00127873563218392,-0.0207787445353659,0.018));
#11183=CARTESIAN_POINT('',(0.000445342177444742,-0.0209343549962548,0.018));
#11184=CARTESIAN_POINT('',(0.000538240495137057,-0.0209898811381057,0.018));
#11185=CARTESIAN_POINT('',(0.000522739529437345,-0.0210101447249771,0.018));
#11186=CARTESIAN_POINT('',(0.000450348917311299,-0.0209466340242779,0.018));
#11187=CARTESIAN_POINT('',(0.000495153592658247,-0.021032096659799,0.018));
#11188=CARTESIAN_POINT('',(0.000424889329163954,-0.0208904315889462,0.018));
#11189=CARTESIAN_POINT('',(0.000449051264479714,-0.0210469365118512,0.018));
#11190=CARTESIAN_POINT('',(0.000381653463992917,-0.0206111145788097,0.018));
#11191=CARTESIAN_POINT('',(0.0003732315340262,-0.0210522262130595,0.018));
#11192=CARTESIAN_POINT('',(0.000364221983590143,-0.0202846091434961,0.018));
#11193=CARTESIAN_POINT('',(0.000266469464410462,-0.0210458520111506,0.018));
#11194=CARTESIAN_POINT('',(0.000296891132211973,-0.0207875596660718,0.018));
#11195=CARTESIAN_POINT('',(0.000194293869979469,-0.0210262086477862,0.018));
#11196=CARTESIAN_POINT('',(0.000231334338332832,-0.0209390167580503,0.018));
#11197=CARTESIAN_POINT('',(0.000153282319048386,-0.0209922590727582,0.018));
#11198=CARTESIAN_POINT('',(0.000231833887795044,-0.0209455657458282,0.018));
#11199=CARTESIAN_POINT('',(0.000140472029184929,-0.0209429018565917,0.018));
#11200=CARTESIAN_POINT('',(0.000300950951467512,-0.0209385581450459,0.018));
#11201=CARTESIAN_POINT('',(0.000147459832809225,-0.0208917992795801,0.018));
#11202=CARTESIAN_POINT('',(0.000236242288694521,-0.0209204092449987,0.018));
#11203=CARTESIAN_POINT('',(0.000168198325563491,-0.0208567579259493,0.018));
#11204=CARTESIAN_POINT('',(0.000236536386159689,-0.0209231854157834,0.018));
#11205=CARTESIAN_POINT('',(0.000201147041662999,-0.0208346623300091,0.018));
#11206=CARTESIAN_POINT('',(0.000276958324063743,-0.0210256961406133,0.018));
#11207=CARTESIAN_POINT('',(0.000245193259523614,-0.0208225730037506,0.018));
#11208=CARTESIAN_POINT('',(0.000310881164231016,-0.0212306689238731,0.018));
#11209=CARTESIAN_POINT('',(0.00029929217424233,-0.0208173546371114,0.018));
#11210=CARTESIAN_POINT('',(0.000329976964958826,-0.0208167727125728,0.018));
#11211=CARTESIAN_POINT('',(0.000361846935905845,-0.0208163858139966,0.018));
#11212=CARTESIAN_POINT('',(0.000369361024389736,-0.0214901905154016,0.018));
#11213=CARTESIAN_POINT('',(0.000440926841238188,-0.0208203496072178,0.018));
#11214=CARTESIAN_POINT('',(0.00040606412653669,-0.0211462451937151,0.018));
#11215=CARTESIAN_POINT('',(0.000492870639175782,-0.0208303629874116,0.018));
#11216=CARTESIAN_POINT('',(0.000461493423208117,-0.0209485414402133,0.018));
#11217=CARTESIAN_POINT('',(0.000523441999254514,-0.0208433235932874,0.018));
#11218=CARTESIAN_POINT('',(0.000490678779624865,-0.020896997440406,0.018));
#11219=CARTESIAN_POINT('',(0.000538190959032812,-0.0208559361710484,0.018));
#11220=CARTESIAN_POINT('',(-3.67474722997545E-5,-0.0208504961629919,0.018));
#11221=CARTESIAN_POINT('',(0.000534968720765053,-0.0207901289647523,0.018));
#11222=CARTESIAN_POINT('',(0.000354062811808582,-0.0208077257469494,0.018));
#11223=CARTESIAN_POINT('',(0.00052432391639106,-0.0207445348169451,0.018));
#11224=CARTESIAN_POINT('',(0.000449245241135855,-0.0207725986212958,0.018));
#11225=CARTESIAN_POINT('',(0.000505163004600109,-0.0207153350816677,0.018));
#11226=CARTESIAN_POINT('',(0.000453916329632056,-0.0207721687893617,0.018));
#11227=CARTESIAN_POINT('',(0.000476295031481425,-0.0206989412313101,0.018));
#11228=CARTESIAN_POINT('',(0.000427671254201632,-0.0208595579691699,0.018));
#11229=CARTESIAN_POINT('',(0.000436394145714977,-0.0206918895786021,0.018));
#11230=CARTESIAN_POINT('',(0.000387626319175194,-0.0214744012947372,0.018));
#11231=CARTESIAN_POINT('',(0.000384283647162772,-0.0206903489246671,0.018));
#11232=CARTESIAN_POINT('',(0.000376762319280628,-0.0217491669023143,0.018));
#11233=CARTESIAN_POINT('',(0.000308576960102945,-0.0206926263654037,0.018));
#11234=CARTESIAN_POINT('',(0.000316972389856934,-0.0208770414650751,0.018));
#11235=CARTESIAN_POINT('',(0.000260941140993337,-0.0207013828602616,0.018));
#11236=CARTESIAN_POINT('',(0.000274930562262858,-0.0207474596947792,0.018));
#11237=CARTESIAN_POINT('',(0.000236078818821066,-0.0207192539481157,0.018));
#11238=CARTESIAN_POINT('',(0.000285316409096222,-0.0207469354912138,0.018));
#11239=CARTESIAN_POINT('',(0.000228897525736916,-0.0207496773381953,0.018));
#11240=CARTESIAN_POINT('',(0.000195623342175076,-0.0207496773381953,0.018));
#11241=CARTESIAN_POINT('',(0.000162608798776913,-0.0207496773381953,0.018));
#11242=CARTESIAN_POINT('',(0.000277789697464037,-0.0207457431224827,0.018));
#11243=CARTESIAN_POINT('',(0.000173483396117039,-0.0206967297266102,0.018));
#11244=CARTESIAN_POINT('',(0.000247470206264257,-0.0207374357366734,0.018));
#11245=CARTESIAN_POINT('',(0.000211029161984001,-0.0206610672786422,0.018));
#11246=CARTESIAN_POINT('',(0.000304396459838738,-0.0208594939306611,0.018));
#11247=CARTESIAN_POINT('',(0.000279566553709945,-0.0206412838687276,0.018));
#11248=CARTESIAN_POINT('',(0.000374713881905121,-0.0213900296503848,0.018));
#11249=CARTESIAN_POINT('',(0.000384285111732114,-0.0206351461172826,0.018));
#11250=CARTESIAN_POINT('',(0.000393186227598193,-0.0210932375542284,0.018));
#11251=CARTESIAN_POINT('',(0.000487180564624538,-0.0206450661846388,0.018));
#11252=CARTESIAN_POINT('',(0.000458222490455355,-0.0207861605358536,0.018));
#11253=CARTESIAN_POINT('',(0.000555791644842172,-0.0206804456059188,0.018));
#11254=CARTESIAN_POINT('',(0.000451744441319413,-0.0207813039186383,0.018));
#11255=CARTESIAN_POINT('',(0.000593028429168736,-0.0207481245557684,0.018));
#11256=CARTESIAN_POINT('',(0.000175458060782145,-0.0208455742046618,0.018));
#11257=CARTESIAN_POINT('',(0.000604446502641245,-0.0208561070720377,0.018));
#11258=CARTESIAN_POINT('',(0.000604553492484538,-0.0209500531118469,0.018));
#11259=CARTESIAN_POINT('',(0.000604553492484538,-0.0210439965247558,0.018));
#11260=CARTESIAN_POINT('',(0.000571396993810798,-0.0210439965247558,0.018));
#11261=CARTESIAN_POINT('',(0.000538240495137057,-0.0210439965247558,0.018));
#11262=CARTESIAN_POINT('',(0.000538240495137057,-0.0210166976741811,0.018));
#11263=CARTESIAN_POINT('',(-2.16840434497101E-18,-0.0166,0.018));
#11264=CARTESIAN_POINT('',(0.00375,-0.0166,0.018));
#11265=CARTESIAN_POINT('',(-0.00375,-0.0166,0.018));
#11266=CARTESIAN_POINT('',(-0.00375,-0.0266,0.018));
#11267=CARTESIAN_POINT('',(-0.00375,-0.0266,0.018));
#11268=CARTESIAN_POINT('',(-2.16840434497101E-18,-0.0266,0.018));
#11269=CARTESIAN_POINT('',(0.00375,-0.0266,0.018));
#11270=CARTESIAN_POINT('',(0.00375,-0.0266,0.018));
#11271=CARTESIAN_POINT('',(0.00226401007492208,-0.0208630463874763,0.018));
#11272=CARTESIAN_POINT('',(0.00222922199653107,-0.0208626426491298,0.018));
#11273=CARTESIAN_POINT('',(0.00229520389128109,-0.0208637479048745,0.018));
#11274=CARTESIAN_POINT('',(0.00218614465540511,-0.0208621578514812,0.018));
#11275=CARTESIAN_POINT('',(0.00214666161641721,-0.0208613531156231,0.018));
#11276=CARTESIAN_POINT('',(0.00216108732025221,-0.0203643598782833,0.018));
#11277=CARTESIAN_POINT('',(0.00208537924099534,-0.0208555457926983,0.018));
#11278=CARTESIAN_POINT('',(0.00210997560265261,-0.020686566085592,0.018));
#11279=CARTESIAN_POINT('',(0.0020425448671912,-0.0208433037837377,0.018));
#11280=CARTESIAN_POINT('',(0.00207080608535867,-0.0207788807123847,0.018));
#11281=CARTESIAN_POINT('',(0.00201511899428933,-0.0208217565003765,0.018));
#11282=CARTESIAN_POINT('',(0.00208209643378826,-0.0207741605014013,0.018));
#11283=CARTESIAN_POINT('',(0.00200128975389746,-0.0207892961520836,0.018));
#11284=CARTESIAN_POINT('',(0.00220149424472602,-0.0207485771713645,0.018));
#11285=CARTESIAN_POINT('',(0.00199720306846832,-0.0207469104033827,0.018));
#11286=CARTESIAN_POINT('',(0.00209508525874906,-0.0207432122875936,0.018));
#11287=CARTESIAN_POINT('',(0.00201035879465348,-0.0206942118804729,0.018));
#11288=CARTESIAN_POINT('',(0.00208793748981582,-0.0207474111195295,0.018));
#11289=CARTESIAN_POINT('',(0.00205243940859405,-0.0206600939337032,0.018));
#11290=CARTESIAN_POINT('',(0.00215373822863298,-0.0209055199505285,0.018));
#11291=CARTESIAN_POINT('',(0.0021277099023198,-0.0206409563438946,0.018));
#11292=CARTESIAN_POINT('',(0.0022304369194218,-0.0215628441653299,0.018));
#11293=CARTESIAN_POINT('',(0.00224027491787436,-0.0206351337996685,0.018));
#11294=CARTESIAN_POINT('',(0.0022512027036347,-0.0213464427902971,0.018));
#11295=CARTESIAN_POINT('',(0.00234858420031125,-0.0206419949880446,0.018));
#11296=CARTESIAN_POINT('',(0.00232263846857353,-0.0208474931848165,0.018));
#11297=CARTESIAN_POINT('',(0.00241629731832063,-0.0206631573432557,0.018));
#11298=CARTESIAN_POINT('',(0.0023787338772086,-0.0207353037700892,0.018));
#11299=CARTESIAN_POINT('',(0.00245134541186401,-0.0206990621984146,0.018));
#11300=CARTESIAN_POINT('',(0.00233729383906496,-0.0207476239006305,0.018));
#11301=CARTESIAN_POINT('',(0.00246120436545463,-0.0207511141198044,0.018));
#11302=CARTESIAN_POINT('',(0.00242816091954024,-0.0207511141198044,0.018));
#11303=CARTESIAN_POINT('',(0.00239488864098423,-0.0207511141198044,0.018));
#11304=CARTESIAN_POINT('',(0.00233618669315399,-0.0207483306929016,0.018));
#11305=CARTESIAN_POINT('',(0.00238790568674007,-0.0207204234922744,0.018));
#11306=CARTESIAN_POINT('',(0.0023489992037485,-0.020747844749098,0.018));
#11307=CARTESIAN_POINT('',(0.00236322864651313,-0.0207022721684194,0.018));
#11308=CARTESIAN_POINT('',(0.00230508568784224,-0.0208774321679356,0.018));
#11309=CARTESIAN_POINT('',(0.00231575953219603,-0.0206929519553897,0.018));
#11310=CARTESIAN_POINT('',(0.00224787332819737,-0.0216066408732646,0.018));
#11311=CARTESIAN_POINT('',(0.00224027179824067,-0.0206902287648923,0.018));
#11312=CARTESIAN_POINT('',(0.00219598399180978,-0.0206907998310986,0.018));
#11313=CARTESIAN_POINT('',(0.00215671849510046,-0.0206916239490995,0.018));
#11314=CARTESIAN_POINT('',(0.00216159133248195,-0.0209574284552835,0.018));
#11315=CARTESIAN_POINT('',(0.00210218034228617,-0.0206986502437845,0.018));
#11316=CARTESIAN_POINT('',(0.00211283684502341,-0.0207532038845518,0.018));
#11317=CARTESIAN_POINT('',(0.00207246321323626,-0.0207152217872628,0.018));
#11318=CARTESIAN_POINT('',(0.00211336117695033,-0.0207437404097157,0.018));
#11319=CARTESIAN_POINT('',(0.00206339669092021,-0.020746917656744,0.018));
#11320=CARTESIAN_POINT('',(0.00206396877472197,-0.0207585321592665,0.018));
#11321=CARTESIAN_POINT('',(0.00206488659246816,-0.0207699634000887,0.018));
#11322=CARTESIAN_POINT('',(0.00210353553508631,-0.0207659771550541,0.018));
#11323=CARTESIAN_POINT('',(0.00207207957935573,-0.0207885256792179,0.018));
#11324=CARTESIAN_POINT('',(0.00209850517980623,-0.0207666508745566,0.018));
#11325=CARTESIAN_POINT('',(0.00208830455197278,-0.0207994747791046,0.018));
#11326=CARTESIAN_POINT('',(0.00212751002915052,-0.0206729145616425,0.018));
#11327=CARTESIAN_POINT('',(0.00211748516214466,-0.0208051460538702,0.018));
#11328=CARTESIAN_POINT('',(0.00216198800638286,-0.0203055382722926,0.018));
#11329=CARTESIAN_POINT('',(0.00216324037682664,-0.0208072040448102,0.018));
#11330=CARTESIAN_POINT('',(0.00219443378007354,-0.020807312930824,0.018));
#11331=CARTESIAN_POINT('',(0.00222882185831799,-0.0208073980576333,0.018));
#11332=CARTESIAN_POINT('',(0.00223511824934924,-0.022231828624359,0.018));
#11333=CARTESIAN_POINT('',(0.00231161547057951,-0.0208094794849486,0.018));
#11334=CARTESIAN_POINT('',(0.00228932159874713,-0.0212644254823475,0.018));
#11335=CARTESIAN_POINT('',(0.00237289739697844,-0.0208167834633491,0.018));
#11336=CARTESIAN_POINT('',(0.00235099037596644,-0.0209432582883521,0.018));
#11337=CARTESIAN_POINT('',(0.00241573861359377,-0.0208326034297554,0.018));
#11338=CARTESIAN_POINT('',(0.00235934663713221,-0.0209263422625082,0.018));
#11339=CARTESIAN_POINT('',(0.00244288151075742,-0.0208558712676072,0.018));
#11340=CARTESIAN_POINT('',(0.00238447458057168,-0.0209021682206226,0.018));
#11341=CARTESIAN_POINT('',(0.00245718209598087,-0.0208856170620595,0.018));
#11342=CARTESIAN_POINT('',(0.00229100123147233,-0.0209226120674896,0.018));
#11343=CARTESIAN_POINT('',(0.00246127473436709,-0.0209249272819273,0.018));
#11344=CARTESIAN_POINT('',(0.00228256088401937,-0.0209274560522207,0.018));
#11345=CARTESIAN_POINT('',(0.00245718132107026,-0.0209654173804663,0.018));
#11346=CARTESIAN_POINT('',(0.00237677026191288,-0.0209475584869011,0.018));
#11347=CARTESIAN_POINT('',(0.00244271662939329,-0.0209968766419771,0.018));
#11348=CARTESIAN_POINT('',(0.00237359623754285,-0.0209422556174938,0.018));
#11349=CARTESIAN_POINT('',(0.00241457372403749,-0.0210203591848008,0.018));
#11350=CARTESIAN_POINT('',(0.00233626203911252,-0.0208685636478587,0.018));
#11351=CARTESIAN_POINT('',(0.0023698036919095,-0.0210361939477451,0.018));
#11352=CARTESIAN_POINT('',(0.00227258281134953,-0.0205695730576962,0.018));
#11353=CARTESIAN_POINT('',(0.00230537103573478,-0.0210452061381345,0.018));
#11354=CARTESIAN_POINT('',(0.00222441377903896,-0.0199248511453287,0.018));
#11355=CARTESIAN_POINT('',(0.00221816895750963,-0.0210481424293099,0.018));
#11356=CARTESIAN_POINT('',(0.00220858342650659,-0.0203043413071032,0.018));
#11357=CARTESIAN_POINT('',(0.00211372854540974,-0.0210419248800472,0.018));
#11358=CARTESIAN_POINT('',(0.00213888126418612,-0.0208244853919813,0.018));
#11359=CARTESIAN_POINT('',(0.00204546743449418,-0.0210220852495278,0.018));
#11360=CARTESIAN_POINT('',(0.0020819558507369,-0.0209460225689282,0.018));
#11361=CARTESIAN_POINT('',(0.00200807390683489,-0.0209863914012156,0.018));
#11362=CARTESIAN_POINT('',(0.00211293260009688,-0.0209374172734317,0.018));
#11363=CARTESIAN_POINT('',(0.00199726813649237,-0.0209334748625101,0.018));
#11364=CARTESIAN_POINT('',(0.00203028293545537,-0.0209334748625101,0.018));
#11365=CARTESIAN_POINT('',(0.00206356124174129,-0.0209334748625101,0.018));
#11366=CARTESIAN_POINT('',(0.00213441372018842,-0.0209366546729727,0.018));
#11367=CARTESIAN_POINT('',(0.00207038100812941,-0.0209671498859691,0.018));
#11368=CARTESIAN_POINT('',(0.00211072903934443,-0.0209426020615377,0.018));
#11369=CARTESIAN_POINT('',(0.00209521205519492,-0.020987358239313,0.018));
#11370=CARTESIAN_POINT('',(0.00215212857974445,-0.0208274405810622,0.018));
#11371=CARTESIAN_POINT('',(0.00214273969547777,-0.0209971579592763,0.018));
#11372=CARTESIAN_POINT('',(0.0022106377647047,-0.0200834080670618,0.018));
#11373=CARTESIAN_POINT('',(0.00221816974639243,-0.0209997628044912,0.018));
#11374=CARTESIAN_POINT('',(0.00222425515948036,-0.0198612161928718,0.018));
#11375=CARTESIAN_POINT('',(0.00228879285633303,-0.0209979013023242,0.018));
#11376=CARTESIAN_POINT('',(0.00227032234005891,-0.0206406379917656,0.018));
#11377=CARTESIAN_POINT('',(0.00233764271654129,-0.020991877896794,0.018));
#11378=CARTESIAN_POINT('',(0.00231460126572722,-0.0208654355049789,0.018));
#11379=CARTESIAN_POINT('',(0.00236876125323401,-0.0209818412435307,0.018));
#11380=CARTESIAN_POINT('',(0.00234840969883529,-0.0209390396706199,0.018));
#11381=CARTESIAN_POINT('',(0.00238607447737203,-0.0209676429984008,0.018));
#11382=CARTESIAN_POINT('',(0.00235117303871278,-0.0209429186505548,0.018));
#11383=CARTESIAN_POINT('',(0.00239346162191091,-0.0209491695402381,0.018));
#11384=CARTESIAN_POINT('',(0.00224301243698735,-0.0209277013528757,0.018));
#11385=CARTESIAN_POINT('',(0.00239498918318563,-0.0209263149600539,0.018));
#11386=CARTESIAN_POINT('',(0.00227697109830406,-0.0209252116899745,0.018));
#11387=CARTESIAN_POINT('',(0.00239345038069389,-0.0209061837542501,0.018));
#11388=CARTESIAN_POINT('',(0.00234527740849703,-0.0209156606914665,0.018));
#11389=CARTESIAN_POINT('',(0.0023863853194638,-0.0208887678927986,0.018));
#11390=CARTESIAN_POINT('',(0.00235763794930838,-0.0209074441649302,0.018));
#11391=CARTESIAN_POINT('',(0.00237014274363169,-0.0208754344448428,0.018));
#11392=CARTESIAN_POINT('',(0.00232353546808297,-0.0209993712604344,0.018));
#11393=CARTESIAN_POINT('',(0.0023409583507084,-0.0208680008001041,0.018));
#11394=CARTESIAN_POINT('',(0.00228056978391204,-0.021288209658343,0.018));
#11395=CARTESIAN_POINT('',(-0.00141552318668043,-0.0204551011927038,0.018));
#11396=CARTESIAN_POINT('',(-0.00140583640251559,-0.0210515496274439,0.018));
#11397=CARTESIAN_POINT('',(-0.00151839965789266,-0.0210424275939443,0.018));
#11398=CARTESIAN_POINT('',(-0.00148938870149428,-0.0208655925850475,0.018));
#11399=CARTESIAN_POINT('',(-0.00159372936201383,-0.021010923938456,0.018));
#11400=CARTESIAN_POINT('',(-0.00151538373002018,-0.0209114026703192,0.018));
#11401=CARTESIAN_POINT('',(-0.00163590546583724,-0.0209507918395662,0.018));
#11402=CARTESIAN_POINT('',(-0.00135434815804192,-0.0208649134401733,0.018));
#11403=CARTESIAN_POINT('',(-0.00164874943685005,-0.0208558996335614,0.018));
#11404=CARTESIAN_POINT('',(-0.00126995501742594,-0.0208456925763271,0.018));
#11405=CARTESIAN_POINT('',(-0.00163588232055426,-0.0207481176207588,0.018));
#11406=CARTESIAN_POINT('',(-0.00149739216944086,-0.0207864724545614,0.018));
#11407=CARTESIAN_POINT('',(-0.0015937277112351,-0.02068019659206,0.018));
#11408=CARTESIAN_POINT('',(-0.00148836586481675,-0.0208091940155157,0.018));
#11409=CARTESIAN_POINT('',(-0.00151840089875983,-0.0206450796741572,0.018));
#11410=CARTESIAN_POINT('',(-0.00141547535216737,-0.0211833487772522,0.018));
#11411=CARTESIAN_POINT('',(-0.00140583552911833,-0.0206351451566633,0.018));
#11412=CARTESIAN_POINT('',(-0.00139966301286623,-0.0210641580481062,0.018));
#11413=CARTESIAN_POINT('',(-0.00132382729488565,-0.0206419673283628,0.018));
#11414=CARTESIAN_POINT('',(-0.00136253814426204,-0.0208571309589642,0.018));
#11415=CARTESIAN_POINT('',(-0.0012644171177078,-0.0206619661099993,0.018));
#11416=CARTESIAN_POINT('',(-0.0013232115236635,-0.0207777736511501,0.018));
#11417=CARTESIAN_POINT('',(-0.00122434409276005,-0.0206937405211162,0.018));
#11418=CARTESIAN_POINT('',(-0.00134984243790982,-0.0207984294679786,0.018));
#11419=CARTESIAN_POINT('',(-0.00120012316586586,-0.0207329758600954,0.018));
#11420=CARTESIAN_POINT('',(-0.00136141800298638,-0.0207986212948673,0.018));
#11421=CARTESIAN_POINT('',(-0.00118807778268968,-0.02078117839498,0.018));
#11422=CARTESIAN_POINT('',(-0.00168368762437799,-0.0208378895955654,0.018));
#11423=CARTESIAN_POINT('',(-0.00118480669026079,-0.0208395893335444,0.018));
#11424=CARTESIAN_POINT('',(-0.00118755526083112,-0.0208505836158257,0.018));
#11425=CARTESIAN_POINT('',(-0.00119031830238726,-0.0208616357820502,0.018));
#11426=CARTESIAN_POINT('',(-0.00138649425287356,-0.0208616357820502,0.018));
#11427=CARTESIAN_POINT('',(-0.00158249853287389,-0.0208616357820502,0.018));
#11428=CARTESIAN_POINT('',(-0.00131909262088509,-0.020869104300899,0.018));
#11429=CARTESIAN_POINT('',(-0.0015736603816248,-0.0209364048056235,0.018));
#11430=CARTESIAN_POINT('',(-0.00150089364027075,-0.0209180305281649,0.018));
#11431=CARTESIAN_POINT('',(-0.00154382743394204,-0.0209793461950332,0.018));
#11432=CARTESIAN_POINT('',(-0.00148094526377863,-0.020870794350974,0.018));
#11433=CARTESIAN_POINT('',(-0.00148938779246637,-0.020996087404047,0.018));
#11434=CARTESIAN_POINT('',(-0.00141358717914378,-0.0201877433570268,0.018));
#11435=CARTESIAN_POINT('',(-0.00140583547085262,-0.0209997558657643,0.018));
#11436=CARTESIAN_POINT('',(-0.00139823630929158,-0.0200834741921441,0.018));
#11437=CARTESIAN_POINT('',(-0.00133034989342544,-0.0209971585871366,0.018));
#11438=CARTESIAN_POINT('',(-0.0013397729067079,-0.0208276258738244,0.018));
#11439=CARTESIAN_POINT('',(-0.0012828779633657,-0.0209873578574978,0.018));
#11440=CARTESIAN_POINT('',(-0.00129839482186474,-0.0209426020615134,0.018));
#11441=CARTESIAN_POINT('',(-0.00125804679062076,-0.0209671498859648,0.018));
#11442=CARTESIAN_POINT('',(-0.00132207950268177,-0.0209366546729727,0.018));
#11443=CARTESIAN_POINT('',(-0.00125122702423464,-0.0209334748625101,0.018));
#11444=CARTESIAN_POINT('',(-0.00121794871794871,-0.0209334748625101,0.018));
#11445=CARTESIAN_POINT('',(-0.00118492980440924,-0.0209334748625101,0.018));
#11446=CARTESIAN_POINT('',(-0.00130776575664027,-0.02093743197567,0.018));
#11447=CARTESIAN_POINT('',(-0.0011959484711544,-0.020988269183109,0.018));
#11448=CARTESIAN_POINT('',(-0.00127079052368132,-0.0209489332066951,0.018));
#11449=CARTESIAN_POINT('',(-0.00123313041179905,-0.0210248543246863,0.018));
#11450=CARTESIAN_POINT('',(-0.00132686120746334,-0.0208316257190448,0.018));
#11451=CARTESIAN_POINT('',(-0.00130133915920396,-0.0210451867933742,0.018));
#11452=CARTESIAN_POINT('',(-0.00139618640893655,-0.0203268290826189,0.018));
#11453=CARTESIAN_POINT('',(0.000928505378665724,-0.0206363982783672,0.018));
#11454=CARTESIAN_POINT('',(0.000936118018689904,-0.0210515462783385,0.018));
#11455=CARTESIAN_POINT('',(0.000856868972662896,-0.0210452480754564,0.018));
#11456=CARTESIAN_POINT('',(0.000924391969715392,-0.0206855733945465,0.018));
#11457=CARTESIAN_POINT('',(0.000805205972412964,-0.0210313944316133,0.018));
#11458=CARTESIAN_POINT('',(0.000824039736142676,-0.0209752824367819,0.018));
#11459=CARTESIAN_POINT('',(0.000774774295796571,-0.0210079347812186,0.018));
#11460=CARTESIAN_POINT('',(0.000766236504723358,-0.0209942690479072,0.018));
#11461=CARTESIAN_POINT('',(0.000759283819628659,-0.0209830718146381,0.018));
#11462=CARTESIAN_POINT('',(0.000759283819628659,-0.0210134372851448,0.018));
#11463=CARTESIAN_POINT('',(0.000759283819628659,-0.0210439965247558,0.018));
#11464=CARTESIAN_POINT('',(0.000726127320954919,-0.0210439965247558,0.018));
#11465=CARTESIAN_POINT('',(0.000692970822281178,-0.0210439965247558,0.018));
#11466=CARTESIAN_POINT('',(0.000692970822281178,-0.0207787445353659,0.018));
#11467=CARTESIAN_POINT('',(0.000692970822281178,-0.020513492545976,0.018));
#11468=CARTESIAN_POINT('',(0.000726127320954919,-0.020513492545976,0.018));
#11469=CARTESIAN_POINT('',(0.000759283819628659,-0.020513492545976,0.018));
#11470=CARTESIAN_POINT('',(0.000759283819628659,-0.0205986494867364,0.018));
#11471=CARTESIAN_POINT('',(0.000759283819628659,-0.020683679910056,0.018));
#11472=CARTESIAN_POINT('',(0.000815386502777804,-0.0207228874391583,0.018));
#11473=CARTESIAN_POINT('',(0.000774300183724613,-0.0206680350305949,0.018));
#11474=CARTESIAN_POINT('',(0.000840658507279312,-0.0207600388127425,0.018));
#11475=CARTESIAN_POINT('',(0.000805039874104939,-0.0206521437529551,0.018));
#11476=CARTESIAN_POINT('',(0.000893073984564867,-0.0209128972334771,0.018));
#11477=CARTESIAN_POINT('',(0.000857039088298084,-0.0206398649075034,0.018));
#11478=CARTESIAN_POINT('',(0.000928637249722803,-0.0211861037012182,0.018));
#11479=CARTESIAN_POINT('',(0.000936119775818094,-0.0206351449018196,0.018));
#11480=CARTESIAN_POINT('',(0.00094573566218536,-0.0211841284304604,0.018));
#11481=CARTESIAN_POINT('',(0.00104873884760539,-0.0206450817186656,0.018));
#11482=CARTESIAN_POINT('',(0.00101763822222953,-0.0208156096551209,0.018));
#11483=CARTESIAN_POINT('',(0.0011241234037798,-0.0206791985803121,0.018));
#11484=CARTESIAN_POINT('',(0.00103488398645218,-0.0207828170871363,0.018));
#11485=CARTESIAN_POINT('',(0.00116622628423939,-0.0207440263936419,0.018));
#11486=CARTESIAN_POINT('',(0.00083877535839258,-0.0208362881310017,0.018));
#11487=CARTESIAN_POINT('',(0.00117903897473182,-0.0208457509006099,0.018));
#11488=CARTESIAN_POINT('',(0.000851038445804024,-0.0208550476084699,0.018));
#11489=CARTESIAN_POINT('',(0.00116622972418562,-0.020945592918119,0.018));
#11490=CARTESIAN_POINT('',(0.00103937652149346,-0.0209072343768174,0.018));
#11491=CARTESIAN_POINT('',(0.00112412187272327,-0.0210088766795619,0.018));
#11492=CARTESIAN_POINT('',(0.00101849305360029,-0.0208689474652822,0.018));
#11493=CARTESIAN_POINT('',(0.00104873831715325,-0.0210419348403077,0.018));
#11494=CARTESIAN_POINT('',(0.000945755310417568,-0.020484243679254,0.018));
#11495=CARTESIAN_POINT('',(0.000165575527306495,-0.020840817179661,0.018));
#11496=CARTESIAN_POINT('',(-0.000410760974744717,-0.0208457202461928,0.018));
#11497=CARTESIAN_POINT('',(-0.000406652937048855,-0.0207725010935627,0.018));
#11498=CARTESIAN_POINT('',(-0.000210046199968422,-0.0207946561772701,0.018));
#11499=CARTESIAN_POINT('',(-0.00039198266990023,-0.0207172319987554,0.018));
#11500=CARTESIAN_POINT('',(-0.000287967646915884,-0.0207624245691692,0.018));
#11501=CARTESIAN_POINT('',(-0.00036364248855341,-0.0206780281063948,0.018));
#11502=CARTESIAN_POINT('',(-0.000275458891508225,-0.0207825249936914,0.018));
#11503=CARTESIAN_POINT('',(-0.000318745622657929,-0.0206526913776317,0.018));
#11504=CARTESIAN_POINT('',(-0.000227043960837027,-0.0209266860398202,0.018));
#11505=CARTESIAN_POINT('',(-0.000254364780679491,-0.0206388907565881,0.018));
#11506=CARTESIAN_POINT('',(-0.000173612533466875,-0.0214405783842989,0.018));
#11507=CARTESIAN_POINT('',(-0.000167328097345303,-0.0206348146474054,0.018));
#11508=CARTESIAN_POINT('',(-0.000156240553049557,-0.021249171329777,0.018));
#11509=CARTESIAN_POINT('',(-5.81904618492835E-5,-0.0206428742524622,0.018));
#11510=CARTESIAN_POINT('',(-8.57692439123406E-5,-0.0208259375458304,0.018));
#11511=CARTESIAN_POINT('',(9.54365764720757E-6,-0.0206676577360254,0.018));
#11512=CARTESIAN_POINT('',(-3.79083489527079E-5,-0.0207418738188454,0.018));
#11513=CARTESIAN_POINT('',(4.41031176945657E-5,-0.0207101453237499,0.018));
#11514=CARTESIAN_POINT('',(-0.000121684292078171,-0.020767012116527,0.018));
#11515=CARTESIAN_POINT('',(5.3592215686834E-5,-0.0207714501056577,0.018));
#11516=CARTESIAN_POINT('',(2.05570291777277E-5,-0.0207714501056577,0.018));
#11517=CARTESIAN_POINT('',(-1.24892867637569E-5,-0.0207714501056577,0.018));
#11518=CARTESIAN_POINT('',(-1.28263297500957E-5,-0.0207593072651346,0.018));
#11519=CARTESIAN_POINT('',(-1.32154043145513E-5,-0.0207476869145051,0.018));
#11520=CARTESIAN_POINT('',(-6.66891931096858E-5,-0.0207501911243395,0.018));
#11521=CARTESIAN_POINT('',(-1.82208463143756E-5,-0.0207276205833263,0.018));
#11522=CARTESIAN_POINT('',(-5.7840064398677E-5,-0.020747608813118,0.018));
#11523=CARTESIAN_POINT('',(-3.18682380453901E-5,-0.020711519316461,0.018));
#11524=CARTESIAN_POINT('',(-7.73251836372523E-5,-0.0207789468985092,0.018));
#11525=CARTESIAN_POINT('',(-5.85231654830806E-5,-0.0206996776224356,0.018));
#11526=CARTESIAN_POINT('',(-0.000121689137219976,-0.0209499826174772,0.018));
#11527=CARTESIAN_POINT('',(-0.000102232723225272,-0.0206924318033507,0.018));
#11528=CARTESIAN_POINT('',(-0.000161333854852,-0.0214298497007595,0.018));
#11529=CARTESIAN_POINT('',(-0.000167329962776679,-0.0206900224079444,0.018));
#11530=CARTESIAN_POINT('',(-0.000174158326479544,-0.0214508829456339,0.018));
#11531=CARTESIAN_POINT('',(-0.0002417655220514,-0.020693103680588,0.018));
#11532=CARTESIAN_POINT('',(-0.000224287187518684,-0.0209104706072722,0.018));
#11533=CARTESIAN_POINT('',(-0.000291666816493569,-0.0207032594419632,0.018));
#11534=CARTESIAN_POINT('',(-0.000269301554150456,-0.0207736212502547,0.018));
#11535=CARTESIAN_POINT('',(-0.000322097980521832,-0.0207222325245042,0.018));
#11536=CARTESIAN_POINT('',(-0.00026808855492742,-0.0207695293642102,0.018));
#11537=CARTESIAN_POINT('',(-0.000337595690551802,-0.0207514439092017,0.018));
#11538=CARTESIAN_POINT('',(-0.000164808019943214,-0.0207959019388755,0.018));
#11539=CARTESIAN_POINT('',(-0.000343335978915252,-0.0207920065946088,0.018));
#11540=CARTESIAN_POINT('',(-0.000343861975894636,-0.0208177470482795,0.018));
#11541=CARTESIAN_POINT('',(-0.000344317263703484,-0.0208457231912048,0.018));
#11542=CARTESIAN_POINT('',(-0.000343861975894636,-0.0208731445772478,0.018));
#11543=CARTESIAN_POINT('',(-0.00034333617614543,-0.0208984402016601,0.018));
#11544=CARTESIAN_POINT('',(-0.000168572417641086,-0.0208945101819863,0.018));
#11545=CARTESIAN_POINT('',(-0.000337594650297553,-0.0209385051596544,0.018));
#11546=CARTESIAN_POINT('',(-0.000269843784195079,-0.0209207328501078,0.018));
#11547=CARTESIAN_POINT('',(-0.000322097183996096,-0.0209673318410981,0.018));
#11548=CARTESIAN_POINT('',(-0.000267577778873145,-0.020913147436095,0.018));
#11549=CARTESIAN_POINT('',(-0.000291667322590725,-0.0209863048767878,0.018));
#11550=CARTESIAN_POINT('',(-0.000225133610588896,-0.0207878111587008,0.018));
#11551=CARTESIAN_POINT('',(-0.000241765384506602,-0.0209966782497364,0.018));
#11552=CARTESIAN_POINT('',(-0.000174158326479494,-0.0202389005548052,0.018));
#11553=CARTESIAN_POINT('',(-0.000167636315814054,-0.0209997370500017,0.018));
#11554=CARTESIAN_POINT('',(-0.000161342598780723,-0.0203482522599818,0.018));
#11555=CARTESIAN_POINT('',(-0.000102232608317738,-0.0209970222134021,0.018));
#11556=CARTESIAN_POINT('',(-0.000123780932906127,-0.0207505679328404,0.018));
#11557=CARTESIAN_POINT('',(-5.85231561136318E-5,-0.0209890566119584,0.018));
#11558=CARTESIAN_POINT('',(-7.84481407524342E-5,-0.0209121046205116,0.018));
#11559=CARTESIAN_POINT('',(-3.18643505915312E-5,-0.0209763324723203,0.018));
#11560=CARTESIAN_POINT('',(-6.04069404634227E-5,-0.0209397402933543,0.018));
#11561=CARTESIAN_POINT('',(-1.83224997644307E-5,-0.0209591418439097,0.018));
#11562=CARTESIAN_POINT('',(-7.5717522926352E-5,-0.0209344175644118,0.018));
#11563=CARTESIAN_POINT('',(-1.3215328083102E-5,-0.0209371226108556,0.018));
#11564=CARTESIAN_POINT('',(-1.28263297500957E-5,-0.0209245429671217,0.018));
#11565=CARTESIAN_POINT('',(-1.24890477412298E-5,-0.0209113705300609,0.018));
#11566=CARTESIAN_POINT('',(2.05570291777277E-5,-0.0209113705300609,0.018));
#11567=CARTESIAN_POINT('',(5.35980614789003E-5,-0.0209113705300609,0.018));
#11568=CARTESIAN_POINT('',(-0.000131385466764652,-0.0209157361255765,0.018));
#11569=CARTESIAN_POINT('',(4.40998482085631E-5,-0.0209742217771861,0.018));
#11570=CARTESIAN_POINT('',(-3.9760270828599E-5,-0.0209432696200895,0.018));
#11571=CARTESIAN_POINT('',(9.54776510244359E-6,-0.021017988485541,0.018));
#11572=CARTESIAN_POINT('',(-8.59636819677643E-5,-0.0208632048134585,0.018));
#11573=CARTESIAN_POINT('',(-5.81904738540926E-5,-0.0210433181761969,0.018));
#11574=CARTESIAN_POINT('',(-0.000156248449533115,-0.0204492350005792,0.018));
#11575=CARTESIAN_POINT('',(-0.000167329087121738,-0.0210515411647738,0.018));
#11576=CARTESIAN_POINT('',(-0.000173612533466873,-0.0202457789446111,0.018));
#11577=CARTESIAN_POINT('',(-0.000254364865954695,-0.0210474673415568,0.018));
#11578=CARTESIAN_POINT('',(-0.000226304077597617,-0.0207528328282912,0.018));
#11579=CARTESIAN_POINT('',(-0.000318745275593023,-0.021033830629442,0.018));
#11580=CARTESIAN_POINT('',(-0.000276338570042625,-0.0209041822900146,0.018));
#11581=CARTESIAN_POINT('',(-0.000363642964567275,-0.0210088267754688,0.018));
#11582=CARTESIAN_POINT('',(-0.000288743331620544,-0.020923961439477,0.018));
#11583=CARTESIAN_POINT('',(-0.000391986210429884,-0.0209704532348402,0.018));
#11584=CARTESIAN_POINT('',(-0.000219930140784728,-0.0208950326869739,0.018));
#11585=CARTESIAN_POINT('',(-0.000406653007468402,-0.0209167297657607,0.018));
#11586=CARTESIAN_POINT('',(0.00013245151840265,-0.020850402085,0.018));
#11587=CARTESIAN_POINT('',(-0.0017816091954023,-0.020513492545976,0.018));
#11588=CARTESIAN_POINT('',(-0.00181476569407604,-0.020513492545976,0.018));
#11589=CARTESIAN_POINT('',(-0.00174845269672856,-0.020513492545976,0.018));
#11590=CARTESIAN_POINT('',(-0.00174845269672856,-0.0207787445353659,0.018));
#11591=CARTESIAN_POINT('',(-0.00174845269672856,-0.0210439965247558,0.018));
#11592=CARTESIAN_POINT('',(-0.0017816091954023,-0.0210439965247558,0.018));
#11593=CARTESIAN_POINT('',(-0.00181476569407604,-0.0210439965247558,0.018));
#11594=CARTESIAN_POINT('',(-0.00181476569407604,-0.0207787445353659,0.018));
#11595=CARTESIAN_POINT('',(-0.00243368700265252,-0.0207787445353659,0.018));
#11596=CARTESIAN_POINT('',(-0.00243368700265252,-0.0210439965247558,0.018));
#11597=CARTESIAN_POINT('',(-0.00243368700265252,-0.020513492545976,0.018));
#11598=CARTESIAN_POINT('',(-0.0021684350132626,-0.020513492545976,0.018));
#11599=CARTESIAN_POINT('',(-0.00190318302387268,-0.020513492545976,0.018));
#11600=CARTESIAN_POINT('',(-0.00190318302387268,-0.0205411229615375,0.018));
#11601=CARTESIAN_POINT('',(-0.00190318302387268,-0.0205687533770989,0.018));
#11602=CARTESIAN_POINT('',(-0.00213527851458886,-0.0205687533770989,0.018));
#11603=CARTESIAN_POINT('',(-0.00236737400530504,-0.0205687533770989,0.018));
#11604=CARTESIAN_POINT('',(-0.00236737400530504,-0.0206571707068956,0.018));
#11605=CARTESIAN_POINT('',(-0.00236737400530504,-0.0207455880366922,0.018));
#11606=CARTESIAN_POINT('',(-0.00214633068081344,-0.0207455880366922,0.018));
#11607=CARTESIAN_POINT('',(-0.00192528735632184,-0.0207455880366922,0.018));
#11608=CARTESIAN_POINT('',(-0.00192528735632184,-0.0207732184522536,0.018));
#11609=CARTESIAN_POINT('',(-0.00192528735632184,-0.020800848867815,0.018));
#11610=CARTESIAN_POINT('',(-0.00214633068081344,-0.020800848867815,0.018));
#11611=CARTESIAN_POINT('',(-0.00236737400530504,-0.020800848867815,0.018));
#11612=CARTESIAN_POINT('',(-0.00236737400530504,-0.020894792280724,0.018));
#11613=CARTESIAN_POINT('',(-0.00236737400530504,-0.020988735693633,0.018));
#11614=CARTESIAN_POINT('',(-0.00213527851458886,-0.020988735693633,0.018));
#11615=CARTESIAN_POINT('',(-0.00190318302387268,-0.020988735693633,0.018));
#11616=CARTESIAN_POINT('',(-0.00190318302387268,-0.0210163661091944,0.018));
#11617=CARTESIAN_POINT('',(-0.00190318302387268,-0.0210439965247558,0.018));
#11618=CARTESIAN_POINT('',(-0.0021684350132626,-0.0210439965247558,0.018));
#11619=CARTESIAN_POINT('',(1.7347234759768E-18,-0.0166,0.019));
#11620=CARTESIAN_POINT('',(1.7347234759768E-18,-0.0166,0.));
#11621=CARTESIAN_POINT('',(0.00975,-0.0166,0.));
#11622=CARTESIAN_POINT('',(-0.00975,-0.0166,0.));
#11623=CARTESIAN_POINT('',(0.00975,-0.0166,0.019));
#11624=CARTESIAN_POINT('',(0.00975,-0.0166,0.019));
#11625=CARTESIAN_POINT('',(1.7347234759768E-18,-0.0166,0.019));
#11626=CARTESIAN_POINT('',(-0.00975,-0.0166,0.019));
#11627=CARTESIAN_POINT('',(-0.00975,-0.0166,0.019));
#11628=CARTESIAN_POINT('',(0.00375,-0.0166,0.0175));
#11629=CARTESIAN_POINT('',(0.00375,-0.0166,0.017));
#11630=CARTESIAN_POINT('',(-2.16840434497101E-18,-0.0166,0.017));
#11631=CARTESIAN_POINT('',(-0.00375,-0.0166,0.017));
#11632=CARTESIAN_POINT('',(-0.00375,-0.0166,0.0175));
#11633=CARTESIAN_POINT('',(0.,0.0085,0.029));
#11634=CARTESIAN_POINT('',(-8.67361737988404E-19,0.01,0.029));
#11635=CARTESIAN_POINT('',(-0.002,0.01,0.029));
#11636=CARTESIAN_POINT('',(0.002,0.01,0.029));
#11637=CARTESIAN_POINT('',(0.,0.0085,0.029));
#11638=CARTESIAN_POINT('',(-0.002,0.007,0.029));
#11639=CARTESIAN_POINT('',(0.,0.007,0.029));
#11640=CARTESIAN_POINT('',(0.002,0.007,0.029));
#11641=CARTESIAN_POINT('',(0.,0.0085,0.029));
#11642=CARTESIAN_POINT('',(4.62736512050413E-18,-6.93889390390723E-18,0.019));
#11643=CARTESIAN_POINT('',(0.013555441711726,0.0035,0.0182));
#11644=CARTESIAN_POINT('',(0.013555441711726,0.0035,0.0182));
#11645=CARTESIAN_POINT('',(0.013555441711726,0.0035,0.019));
#11646=CARTESIAN_POINT('',(4.62736512050413E-18,-6.93889390390723E-18,0.0182));
#11647=CARTESIAN_POINT('',(0.013555441711726,-0.0035,0.0182));
#11648=CARTESIAN_POINT('',(0.013555441711726,-0.0035,0.0182));
#11649=CARTESIAN_POINT('',(0.013555441711726,-0.0035,0.019));
#11650=CARTESIAN_POINT('',(4.62736512050413E-18,-6.93889390390723E-18,0.019));
#11651=CARTESIAN_POINT('',(0.00975,-0.0100467656487051,0.019));
#11652=CARTESIAN_POINT('',(0.00975,-0.0100467656487051,0.019));
#11653=CARTESIAN_POINT('',(0.00975,-0.0100467656487051,0.));
#11654=CARTESIAN_POINT('',(4.62736512050413E-18,-6.93889390390723E-18,0.));
#11655=CARTESIAN_POINT('',(-0.00975,-0.0100467656487051,0.));
#11656=CARTESIAN_POINT('',(-0.00975,-0.0100467656487051,0.019));
#11657=CARTESIAN_POINT('',(-0.00975,-0.0100467656487051,0.019));
#11658=CARTESIAN_POINT('',(4.62736512050413E-18,-6.93889390390723E-18,0.019));
#11659=CARTESIAN_POINT('',(-0.013555441711726,-0.0035,0.019));
#11660=CARTESIAN_POINT('',(-0.013555441711726,-0.0035,0.0182));
#11661=CARTESIAN_POINT('',(-0.013555441711726,-0.0035,0.0182));
#11662=CARTESIAN_POINT('',(-4.62736512050413E-18,-6.93889390390723E-18,
0.0182));
#11663=CARTESIAN_POINT('',(-0.0135554417117259,0.0035,0.0182));
#11664=CARTESIAN_POINT('',(-0.013555441711726,0.0035,0.0182));
#11665=CARTESIAN_POINT('',(-0.0135554417117259,0.0035,0.019));
#11666=CARTESIAN_POINT('',(4.62736512050413E-18,-6.93889390390723E-18,0.019));
#11667=CARTESIAN_POINT('',(0.00975,-0.0133233828243525,0.019));
#11668=CARTESIAN_POINT('',(0.00975,-0.0133233828243525,0.));
#11669=CARTESIAN_POINT('',(0.00975,-0.0133233828243525,0.019));
#11670=CARTESIAN_POINT('',(-0.00975,-0.0133233828243525,0.019));
#11671=CARTESIAN_POINT('',(-0.00975,-0.0133233828243525,0.));
#11672=CARTESIAN_POINT('',(-0.00975,-0.0133233828243525,0.019));
#11673=CARTESIAN_POINT('',(0.,-0.0013,0.019));
#11674=CARTESIAN_POINT('',(0.,0.0085,0.019));
#11675=CARTESIAN_POINT('',(0.0045,0.0085,0.019));
#11676=CARTESIAN_POINT('',(0.015527720855863,-0.0035,0.019));
#11677=CARTESIAN_POINT('',(0.0175,-0.0035,0.019));
#11678=CARTESIAN_POINT('',(0.0175,0.,0.019));
#11679=CARTESIAN_POINT('',(0.0175,0.0035,0.019));
#11680=CARTESIAN_POINT('',(0.015527720855863,0.0035,0.019));
#11681=CARTESIAN_POINT('',(-0.015527720855863,0.0035,0.019));
#11682=CARTESIAN_POINT('',(-0.0175,0.0035,0.019));
#11683=CARTESIAN_POINT('',(-0.0175,0.,0.019));
#11684=CARTESIAN_POINT('',(-0.0175,-0.0035,0.019));
#11685=CARTESIAN_POINT('',(-0.015527720855863,-0.0035,0.019));
#11686=CARTESIAN_POINT('',(-0.0175,1.57737834759137E-19,0.019));
#11687=CARTESIAN_POINT('',(-0.0195,1.57737834759137E-19,0.019));
#11688=CARTESIAN_POINT('',(0.0175,1.57737834759137E-19,0.019));
#11689=CARTESIAN_POINT('',(0.0195,1.57737834759137E-19,0.019));
#11690=CARTESIAN_POINT('',(0.,-0.0013,0.));
#11691=CARTESIAN_POINT('',(-0.0175,0.,0.0182));
#11692=CARTESIAN_POINT('',(-0.0175,0.0035,0.0182));
#11693=CARTESIAN_POINT('',(-0.0175,0.0035,0.0182));
#11694=CARTESIAN_POINT('',(-0.0175,0.,0.0182));
#11695=CARTESIAN_POINT('',(-0.0175,-0.0035,0.0182));
#11696=CARTESIAN_POINT('',(-0.0175,-0.0035,0.0182));
#11697=CARTESIAN_POINT('',(-0.015527720855863,0.0035,0.0182));
#11698=CARTESIAN_POINT('',(-0.015527720855863,0.0035,0.0182));
#11699=CARTESIAN_POINT('',(-0.0175,1.57737834759137E-19,0.0182));
#11700=CARTESIAN_POINT('',(-0.0175,1.57737834759137E-19,0.0182));
#11701=CARTESIAN_POINT('',(-0.0195,1.57737834759137E-19,0.0182));
#11702=CARTESIAN_POINT('',(-0.015527720855863,-0.0035,0.0182));
#11703=CARTESIAN_POINT('',(-0.015527720855863,-0.0035,0.0182));
#11704=CARTESIAN_POINT('',(-3.46944695195361E-18,-6.93889390390723E-18,
0.0182));
#11705=CARTESIAN_POINT('',(0.0175,0.,0.0182));
#11706=CARTESIAN_POINT('',(0.0175,-0.0035,0.0182));
#11707=CARTESIAN_POINT('',(0.0175,-0.0035,0.0182));
#11708=CARTESIAN_POINT('',(0.0175,0.,0.0182));
#11709=CARTESIAN_POINT('',(0.0175,0.0035,0.0182));
#11710=CARTESIAN_POINT('',(0.0175,0.0035,0.0182));
#11711=CARTESIAN_POINT('',(0.015527720855863,0.0035,0.0182));
#11712=CARTESIAN_POINT('',(0.015527720855863,0.0035,0.0182));
#11713=CARTESIAN_POINT('',(0.0175,1.57737834759137E-19,0.0182));
#11714=CARTESIAN_POINT('',(0.0175,1.57737834759137E-19,0.0182));
#11715=CARTESIAN_POINT('',(0.0195,1.57737834759137E-19,0.0182));
#11716=CARTESIAN_POINT('',(0.015527720855863,-0.0035,0.0182));
#11717=CARTESIAN_POINT('',(0.015527720855863,-0.0035,0.0182));
#11718=CARTESIAN_POINT('',(3.46944695195361E-18,-6.93889390390723E-18,0.0182));
#11719=CARTESIAN_POINT('',(0.,0.0085,0.021));
#11720=CARTESIAN_POINT('',(0.,0.0085,0.021));
#11721=CARTESIAN_POINT('',(0.0045,0.0085,0.021));
#11722=CARTESIAN_POINT('',(0.,-0.0013,0.021));
#11723=CARTESIAN_POINT('',(0.,0.0085,0.021));
#11724=CARTESIAN_POINT('',(0.0025,0.0085,0.021));
#11725=CARTESIAN_POINT('',(0.,0.0085,0.029));
#11726=CARTESIAN_POINT('',(0.,0.0085,0.023));
#11727=CARTESIAN_POINT('',(0.002,0.01,0.023));
#11728=CARTESIAN_POINT('',(-0.002,0.01,0.023));
#11729=CARTESIAN_POINT('',(0.002,0.01,0.023));
#11730=CARTESIAN_POINT('',(0.002,0.007,0.023));
#11731=CARTESIAN_POINT('',(0.002,0.007,0.023));
#11732=CARTESIAN_POINT('',(0.,0.0085,0.023));
#11733=CARTESIAN_POINT('',(-0.002,0.007,0.023));
#11734=CARTESIAN_POINT('',(-0.002,0.007,0.023));
#11735=CARTESIAN_POINT('',(-0.002,0.01,0.023));
#11736=CARTESIAN_POINT('',(0.,0.007,0.023));
#11737=CARTESIAN_POINT('',(0.,0.007,0.023));
#11738=CARTESIAN_POINT('',(0.,0.0085,0.023));
#11739=CARTESIAN_POINT('',(-8.67361737988404E-19,0.01,0.023));
#11740=CARTESIAN_POINT('',(-8.67361737988404E-19,0.01,0.023));
#11741=CARTESIAN_POINT('',(0.,0.0085,0.023));
#11742=CARTESIAN_POINT('',(0.00375,-0.0266,0.0175));
#11743=CARTESIAN_POINT('',(0.00375,-0.0266,0.0175));
#11744=CARTESIAN_POINT('',(0.00375,-0.0266,0.017));
#11745=CARTESIAN_POINT('',(0.00375,-0.0266,0.017));
#11746=CARTESIAN_POINT('',(-0.00375,-0.0266,0.0175));
#11747=CARTESIAN_POINT('',(-0.00375,-0.0266,0.017));
#11748=CARTESIAN_POINT('',(-0.00375,-0.0266,0.017));
#11749=CARTESIAN_POINT('',(-0.00375,-0.0266,0.0175));
#11750=CARTESIAN_POINT('',(-2.16840434497101E-18,-0.0266,0.017));
#11751=CARTESIAN_POINT('',(-2.16840434497101E-18,-0.0266,0.017));
#11752=CARTESIAN_POINT('',(3.46944695195361E-18,-0.0266,0.0095));
#11753=CARTESIAN_POINT('',(0.00218614465540511,-0.0208621578514812,0.0175000000011278));
#11754=CARTESIAN_POINT('',(0.00222922192749781,-0.0208626304770105,0.0175));
#11755=CARTESIAN_POINT('',(0.00222922199653107,-0.0208626426491298,0.0175));
#11756=CARTESIAN_POINT('',(1.28003408540677E-5,-0.0208262057270076,0.0175));
#11757=CARTESIAN_POINT('',(0.00214666081915181,-0.0208613530924813,0.0175000000000013));
#11758=CARTESIAN_POINT('',(0.0021466622458002,-0.0208612489562324,0.0175));
#11759=CARTESIAN_POINT('',(0.00226401007492207,-0.0208630463874763,0.0175000000011278));
#11760=CARTESIAN_POINT('',(0.00229520335985855,-0.0208638462152952,0.0175));
#11761=CARTESIAN_POINT('',(0.00229520389128109,-0.0208637479048745,0.0175));
#11762=CARTESIAN_POINT('',(1.4120216247855E-5,-0.0208222016965122,0.0175));
#11763=CARTESIAN_POINT('',(0.00228056978391204,-0.021288209658343,0.0175));
#11764=CARTESIAN_POINT('',(0.00234095932802831,-0.0208679907776294,0.0175));
#11765=CARTESIAN_POINT('',(0.0023409583507084,-0.0208680008001041,0.0175));
#11766=CARTESIAN_POINT('',(0.00228056978391204,-0.021288209658343,0.0175));
#11767=CARTESIAN_POINT('',(0.00232353546808297,-0.0209993712604344,0.0175000000000008));
#11768=CARTESIAN_POINT('',(0.0023701370468612,-0.020875450989831,0.0175));
#11769=CARTESIAN_POINT('',(0.00237014274363169,-0.0208754344448428,0.0175));
#11770=CARTESIAN_POINT('',(0.00232353546808297,-0.0209993712604344,0.0175));
#11771=CARTESIAN_POINT('',(0.00235763794930838,-0.0209074441649302,0.0175));
#11772=CARTESIAN_POINT('',(0.00238638373121133,-0.0208887688501316,0.0175));
#11773=CARTESIAN_POINT('',(0.0023863853194638,-0.0208887678927986,0.0175));
#11774=CARTESIAN_POINT('',(0.00235763794930838,-0.0209074441649302,0.0175));
#11775=CARTESIAN_POINT('',(0.00234527740849703,-0.0209156606914665,0.0175));
#11776=CARTESIAN_POINT('',(0.00239345038069389,-0.0209061837542501,0.0175));
#11777=CARTESIAN_POINT('',(0.00239345038069389,-0.0209061837542501,0.0175));
#11778=CARTESIAN_POINT('',(0.00234527740849703,-0.0209156606914665,0.0175));
#11779=CARTESIAN_POINT('',(0.00227697109830406,-0.0209252116899745,0.0175));
#11780=CARTESIAN_POINT('',(0.00239498918318563,-0.0209263149600539,0.0175));
#11781=CARTESIAN_POINT('',(0.00239498918318563,-0.0209263149600539,0.0175));
#11782=CARTESIAN_POINT('',(0.00227697109830406,-0.0209252116899745,0.0175));
#11783=CARTESIAN_POINT('',(0.00224301243698735,-0.0209277013528757,0.0175));
#11784=CARTESIAN_POINT('',(0.00239345711759507,-0.020949168938549,0.0175));
#11785=CARTESIAN_POINT('',(0.00239346162191091,-0.0209491695402381,0.0175));
#11786=CARTESIAN_POINT('',(0.00224301243698735,-0.0209277013528757,0.0175));
#11787=CARTESIAN_POINT('',(0.00235127872613521,-0.0209429737312606,0.0175));
#11788=CARTESIAN_POINT('',(0.00238605216622459,-0.020967626056144,0.0175));
#11789=CARTESIAN_POINT('',(0.00238607447737203,-0.0209676429984008,0.0175));
#11790=CARTESIAN_POINT('',(0.00235117303871278,-0.0209429186505548,0.0175));
#11791=CARTESIAN_POINT('',(0.00234840969883529,-0.0209390396706199,0.0175));
#11792=CARTESIAN_POINT('',(0.00236875552608313,-0.0209818280897426,0.0175));
#11793=CARTESIAN_POINT('',(0.00236876125323401,-0.0209818412435307,0.0175));
#11794=CARTESIAN_POINT('',(0.00234840969883529,-0.0209390396706199,0.0175));
#11795=CARTESIAN_POINT('',(0.00231460126572722,-0.0208654355049789,0.0175));
#11796=CARTESIAN_POINT('',(0.00233764367816093,-0.020991885561007,0.0175));
#11797=CARTESIAN_POINT('',(0.00233764271654129,-0.020991877896794,0.0175));
#11798=CARTESIAN_POINT('',(0.00231460126572722,-0.0208654355049789,0.0175));
#11799=CARTESIAN_POINT('',(0.00227032234005891,-0.0206406379917656,0.0175));
#11800=CARTESIAN_POINT('',(0.00228879310344829,-0.0209979089915994,0.0175));
#11801=CARTESIAN_POINT('',(0.00228879285633303,-0.0209979013023242,0.0175));
#11802=CARTESIAN_POINT('',(0.00227032234005891,-0.0206406379917656,0.0175));
#11803=CARTESIAN_POINT('',(0.00222425515948036,-0.0198612161928718,0.0175));
#11804=CARTESIAN_POINT('',(0.00221816976127322,-0.0209997878598575,0.0175));
#11805=CARTESIAN_POINT('',(0.00221816974639243,-0.0209997628044912,0.0175));
#11806=CARTESIAN_POINT('',(0.00222425515948036,-0.0198612161928718,0.0175));
#11807=CARTESIAN_POINT('',(0.0022106377647047,-0.0200834080670618,0.0175));
#11808=CARTESIAN_POINT('',(0.00214273872679046,-0.0209971906007947,0.0175));
#11809=CARTESIAN_POINT('',(0.00214273969547777,-0.0209971579592763,0.0175));
#11810=CARTESIAN_POINT('',(0.0022106377647047,-0.0200834080670618,0.0175));
#11811=CARTESIAN_POINT('',(0.00215212857974445,-0.0208274405810622,0.0175));
#11812=CARTESIAN_POINT('',(0.00209521441202477,-0.0209873541728548,0.0175));
#11813=CARTESIAN_POINT('',(0.00209521205519492,-0.020987358239313,0.0175));
#11814=CARTESIAN_POINT('',(0.00215212857974445,-0.0208274405810622,0.0175));
#11815=CARTESIAN_POINT('',(0.00211072903934443,-0.0209426020615377,0.0175));
#11816=CARTESIAN_POINT('',(0.00207037962408701,-0.0209671476136831,0.0175));
#11817=CARTESIAN_POINT('',(0.00207038100812941,-0.0209671498859691,0.0175));
#11818=CARTESIAN_POINT('',(0.00211072903934443,-0.0209426020615377,0.0175));
#11819=CARTESIAN_POINT('',(0.00213441372018842,-0.0209366546729727,0.0175));
#11820=CARTESIAN_POINT('',(0.00206356124174129,-0.0209334748625101,0.0175));
#11821=CARTESIAN_POINT('',(0.00206356124174129,-0.0209334748625101,0.0175));
#11822=CARTESIAN_POINT('',(0.00213441372018842,-0.0209366546729727,0.0175));
#11823=CARTESIAN_POINT('',(0.00203028293545537,-0.0209334748625101,0.0175));
#11824=CARTESIAN_POINT('',(0.00199726813649237,-0.0209334748625101,0.0175));
#11825=CARTESIAN_POINT('',(0.00199726813649237,-0.0209334748625101,0.0175));
#11826=CARTESIAN_POINT('',(0.00203028293545537,-0.0209334748625101,0.0175));
#11827=CARTESIAN_POINT('',(0.00211293260009688,-0.0209374172734317,0.0175));
#11828=CARTESIAN_POINT('',(0.00200807390683491,-0.0209863914012156,0.0175));
#11829=CARTESIAN_POINT('',(0.00200807390683489,-0.0209863914012156,0.0175));
#11830=CARTESIAN_POINT('',(0.00211293260009688,-0.0209374172734317,0.0175));
#11831=CARTESIAN_POINT('',(0.0020819558507369,-0.0209460225689282,0.0175));
#11832=CARTESIAN_POINT('',(0.00204547966401417,-0.0210220579748,0.0175));
#11833=CARTESIAN_POINT('',(0.00204546743449418,-0.0210220852495278,0.0175));
#11834=CARTESIAN_POINT('',(0.0020819558507369,-0.0209460225689282,0.0175));
#11835=CARTESIAN_POINT('',(0.00213888126418612,-0.0208244853919813,0.0175));
#11836=CARTESIAN_POINT('',(0.00211372679045094,-0.0210419518740043,0.0175));
#11837=CARTESIAN_POINT('',(0.00211372854540974,-0.0210419248800472,0.0175));
#11838=CARTESIAN_POINT('',(0.00213888126418612,-0.0208244853919813,0.0175));
#11839=CARTESIAN_POINT('',(0.00220858342650659,-0.0203043413071032,0.0175));
#11840=CARTESIAN_POINT('',(0.00221816976127322,-0.0210481963479211,0.0175));
#11841=CARTESIAN_POINT('',(0.00221816895750963,-0.0210481424293099,0.0175));
#11842=CARTESIAN_POINT('',(0.00220858342650659,-0.0203043413071032,0.0175));
#11843=CARTESIAN_POINT('',(0.00222441377903896,-0.0199248511453287,0.0175));
#11844=CARTESIAN_POINT('',(0.00230537135278516,-0.0210452122630406,0.0175));
#11845=CARTESIAN_POINT('',(0.00230537103573478,-0.0210452061381345,0.0175));
#11846=CARTESIAN_POINT('',(0.00222441377903896,-0.0199248511453287,0.0175));
#11847=CARTESIAN_POINT('',(0.00227258281134953,-0.0205695730576962,0.0175));
#11848=CARTESIAN_POINT('',(0.00236980548187446,-0.0210362047475675,0.0175));
#11849=CARTESIAN_POINT('',(0.0023698036919095,-0.0210361939477451,0.0175));
#11850=CARTESIAN_POINT('',(0.00227258281134953,-0.0205695730576962,0.0175));
#11851=CARTESIAN_POINT('',(0.00233626203911252,-0.0208685636478587,0.0175));
#11852=CARTESIAN_POINT('',(0.00241456675508401,-0.0210203448890353,0.0175));
#11853=CARTESIAN_POINT('',(0.00241457372403749,-0.0210203591848008,0.0175));
#11854=CARTESIAN_POINT('',(0.00233626203911252,-0.0208685636478587,0.0175));
#11855=CARTESIAN_POINT('',(0.00237359623754285,-0.0209422556174938,0.0175));
#11856=CARTESIAN_POINT('',(0.00244269451812557,-0.020996859035808,0.0175));
#11857=CARTESIAN_POINT('',(0.00244271662939329,-0.0209968766419771,0.0175));
#11858=CARTESIAN_POINT('',(0.00237359623754285,-0.0209422556174938,0.0175));
#11859=CARTESIAN_POINT('',(0.00237677026191288,-0.0209475584869011,0.0175));
#11860=CARTESIAN_POINT('',(0.00245717285587977,-0.020965415622899,0.0175));
#11861=CARTESIAN_POINT('',(0.00245718132107026,-0.0209654173804663,0.0175));
#11862=CARTESIAN_POINT('',(0.00237677026191288,-0.0209475584869011,0.0175));
#11863=CARTESIAN_POINT('',(0.00228256088401937,-0.0209274560522207,0.0175));
#11864=CARTESIAN_POINT('',(0.00246127473436709,-0.0209249272819273,0.0175));
#11865=CARTESIAN_POINT('',(0.00246127473436709,-0.0209249272819273,0.0175));
#11866=CARTESIAN_POINT('',(0.00228256088401937,-0.0209274560522207,0.0175));
#11867=CARTESIAN_POINT('',(0.00229100123147233,-0.0209226120674896,0.0175));
#11868=CARTESIAN_POINT('',(0.00245717285587977,-0.0208856189827576,0.0175));
#11869=CARTESIAN_POINT('',(0.00245718209598087,-0.0208856170620595,0.0175));
#11870=CARTESIAN_POINT('',(0.00229100123147233,-0.0209226120674896,0.0175));
#11871=CARTESIAN_POINT('',(0.00238447458057168,-0.0209021682206226,0.0175));
#11872=CARTESIAN_POINT('',(0.00244286030061894,-0.0208558886556135,0.0175));
#11873=CARTESIAN_POINT('',(0.00244288151075742,-0.0208558712676072,0.0175));
#11874=CARTESIAN_POINT('',(0.00238447458057168,-0.0209021682206226,0.0175));
#11875=CARTESIAN_POINT('',(0.00235934663713221,-0.0209263422625082,0.0175));
#11876=CARTESIAN_POINT('',(0.00241572723253759,-0.0208326238457108,0.0175));
#11877=CARTESIAN_POINT('',(0.00241573861359377,-0.0208326034297554,0.0175));
#11878=CARTESIAN_POINT('',(0.00235934663713221,-0.0209263422625082,0.0175));
#11879=CARTESIAN_POINT('',(0.00235099037596644,-0.0209432582883521,0.0175));
#11880=CARTESIAN_POINT('',(0.00237290008841734,-0.0208167639871784,0.0175));
#11881=CARTESIAN_POINT('',(0.00237289739697844,-0.0208167834633491,0.0175));
#11882=CARTESIAN_POINT('',(0.00235099037596644,-0.0209432582883521,0.0175));
#11883=CARTESIAN_POINT('',(0.00228932159874713,-0.0212644254823475,0.0175));
#11884=CARTESIAN_POINT('',(0.00231161582670205,-0.0208094695574703,0.0175));
#11885=CARTESIAN_POINT('',(0.00231161547057951,-0.0208094794849486,0.0175));
#11886=CARTESIAN_POINT('',(0.00228932159874713,-0.0212644254823475,0.0175));
#11887=CARTESIAN_POINT('',(0.00223511824934924,-0.022231828624359,0.0175));
#11888=CARTESIAN_POINT('',(0.00222882185831799,-0.0208073980576333,0.0175));
#11889=CARTESIAN_POINT('',(0.00222882185831799,-0.0208073980576333,0.0175));
#11890=CARTESIAN_POINT('',(0.00223511824934924,-0.022231828624359,0.0175));
#11891=CARTESIAN_POINT('',(0.00219443378007354,-0.020807312930824,0.0175000000011278));
#11892=CARTESIAN_POINT('',(0.00216324049513706,-0.0208072038633942,0.0175));
#11893=CARTESIAN_POINT('',(0.00216324037682664,-0.0208072040448102,0.0175));
#11894=CARTESIAN_POINT('',(1.97571191826803E-6,-0.0208018855568767,0.0175));
#11895=CARTESIAN_POINT('',(0.00216198800638286,-0.0203055382722926,0.0175));
#11896=CARTESIAN_POINT('',(0.0021174845269673,-0.0208051592126427,0.0175));
#11897=CARTESIAN_POINT('',(0.00211748516214466,-0.0208051460538702,0.0175));
#11898=CARTESIAN_POINT('',(0.00216198800638286,-0.0203055382722926,0.0175));
#11899=CARTESIAN_POINT('',(0.00212751002915052,-0.0206729145616425,0.0175));
#11900=CARTESIAN_POINT('',(0.00208830680813441,-0.020799467347037,0.0175));
#11901=CARTESIAN_POINT('',(0.00208830455197278,-0.0207994747791046,0.0175));
#11902=CARTESIAN_POINT('',(0.00212751002915052,-0.0206729145616425,0.0175));
#11903=CARTESIAN_POINT('',(0.00209850517980623,-0.0207666508745566,0.0175));
#11904=CARTESIAN_POINT('',(0.00207207957935573,-0.0207885256792179,0.0175));
#11905=CARTESIAN_POINT('',(0.00207207957935573,-0.0207885256792179,0.0175));
#11906=CARTESIAN_POINT('',(0.00209850517980623,-0.0207666508745566,0.0175));
#11907=CARTESIAN_POINT('',(0.00210353553508631,-0.0207659771550541,0.0175));
#11908=CARTESIAN_POINT('',(0.00206498673740055,-0.0207699580632173,0.0175));
#11909=CARTESIAN_POINT('',(0.00206488659246816,-0.0207699634000887,0.0175));
#11910=CARTESIAN_POINT('',(0.00210353553508631,-0.0207659771550541,0.0175));
#11911=CARTESIAN_POINT('',(0.00206396877472197,-0.0207585321592665,0.0175000000011278));
#11912=CARTESIAN_POINT('',(0.0020634394341291,-0.0207469142966391,0.0175));
#11913=CARTESIAN_POINT('',(0.00206339669092021,-0.020746917656744,0.0175));
#11914=CARTESIAN_POINT('',(0.00211089172432787,-0.021458493165968,0.0175));
#11915=CARTESIAN_POINT('',(0.00211336117695033,-0.0207437404097157,0.0175));
#11916=CARTESIAN_POINT('',(0.00207246321323571,-0.0207152217872628,0.0175));
#11917=CARTESIAN_POINT('',(0.00207246321323626,-0.0207152217872628,0.0175));
#11918=CARTESIAN_POINT('',(0.00211336117695033,-0.0207437404097157,0.0175));
#11919=CARTESIAN_POINT('',(0.00211283684502341,-0.0207532038845518,0.0175));
#11920=CARTESIAN_POINT('',(0.00210217727674626,-0.0206986163302377,0.0175));
#11921=CARTESIAN_POINT('',(0.00210218034228617,-0.0206986502437845,0.0175));
#11922=CARTESIAN_POINT('',(0.00211283684502341,-0.0207532038845518,0.0175));
#11923=CARTESIAN_POINT('',(0.00216159133248195,-0.0209574284552835,0.0175));
#11924=CARTESIAN_POINT('',(0.00215671971706456,-0.0206917087263473,0.0175));
#11925=CARTESIAN_POINT('',(0.00215671849510046,-0.0206916239490995,0.0175));
#11926=CARTESIAN_POINT('',(0.00216159133248195,-0.0209574284552835,0.0175));
#11927=CARTESIAN_POINT('',(0.00219598399180978,-0.0206907998310986,0.0175000000011278));
#11928=CARTESIAN_POINT('',(0.00224027409372238,-0.0206903272055693,0.0175));
#11929=CARTESIAN_POINT('',(0.00224027179824067,-0.0206902287648923,0.0175));
#11930=CARTESIAN_POINT('',(-1.42004121149112E-5,-0.0207267404986041,0.0175));
#11931=CARTESIAN_POINT('',(0.00224787332819737,-0.0216066408732646,0.0175));
#11932=CARTESIAN_POINT('',(0.00231576038903627,-0.0206929244646321,0.0175));
#11933=CARTESIAN_POINT('',(0.00231575953219603,-0.0206929519553897,0.0175));
#11934=CARTESIAN_POINT('',(0.00224787332819737,-0.0216066408732646,0.0175));
#11935=CARTESIAN_POINT('',(0.00230508568784224,-0.0208774321679356,0.0175));
#11936=CARTESIAN_POINT('',(0.00236322944297084,-0.0207022635450918,0.0175));
#11937=CARTESIAN_POINT('',(0.00236322864651313,-0.0207022721684194,0.0175));
#11938=CARTESIAN_POINT('',(0.00230508568784224,-0.0208774321679356,0.0175));
#11939=CARTESIAN_POINT('',(0.0023489992037485,-0.020747844749098,0.0175));
#11940=CARTESIAN_POINT('',(0.00238790568674006,-0.0207204234922741,0.0175));
#11941=CARTESIAN_POINT('',(0.00238790568674007,-0.0207204234922744,0.0175));
#11942=CARTESIAN_POINT('',(0.0023489992037485,-0.020747844749098,0.0175));
#11943=CARTESIAN_POINT('',(0.00233618669315399,-0.0207483306929016,0.0175));
#11944=CARTESIAN_POINT('',(0.00239488864098423,-0.0207511141198044,0.0175));
#11945=CARTESIAN_POINT('',(0.00239488864098423,-0.0207511141198044,0.0175));
#11946=CARTESIAN_POINT('',(0.00233618669315399,-0.0207483306929016,0.0175));
#11947=CARTESIAN_POINT('',(0.00242816091954024,-0.0207511141198044,0.0175));
#11948=CARTESIAN_POINT('',(0.00246120436545463,-0.0207511141198044,0.0175));
#11949=CARTESIAN_POINT('',(0.00246120436545463,-0.0207511141198044,0.0175));
#11950=CARTESIAN_POINT('',(0.00242816091954024,-0.0207511141198044,0.0175));
#11951=CARTESIAN_POINT('',(0.00233729383906496,-0.0207476239006305,0.0175));
#11952=CARTESIAN_POINT('',(0.00245134541186399,-0.0206990621984145,0.0175));
#11953=CARTESIAN_POINT('',(0.00245134541186401,-0.0206990621984146,0.0175));
#11954=CARTESIAN_POINT('',(0.00233729383906496,-0.0207476239006305,0.0175));
#11955=CARTESIAN_POINT('',(0.0023787338772086,-0.0207353037700892,0.0175));
#11956=CARTESIAN_POINT('',(0.00241627984084882,-0.020663194137488,0.0175));
#11957=CARTESIAN_POINT('',(0.00241629731832063,-0.0206631573432557,0.0175));
#11958=CARTESIAN_POINT('',(0.0023787338772086,-0.0207353037700892,0.0175));
#11959=CARTESIAN_POINT('',(0.00232263846857353,-0.0208474931848165,0.0175));
#11960=CARTESIAN_POINT('',(0.00234858532272327,-0.0206419739783368,0.0175));
#11961=CARTESIAN_POINT('',(0.00234858420031125,-0.0206419949880446,0.0175));
#11962=CARTESIAN_POINT('',(0.00232263846857353,-0.0208474931848165,0.0175));
#11963=CARTESIAN_POINT('',(0.0022512027036347,-0.0213464427902971,0.0175));
#11964=CARTESIAN_POINT('',(0.00224027409372238,-0.0206350663744463,0.0175));
#11965=CARTESIAN_POINT('',(0.00224027491787436,-0.0206351337996685,0.0175));
#11966=CARTESIAN_POINT('',(0.0022512027036347,-0.0213464427902971,0.0175));
#11967=CARTESIAN_POINT('',(0.0022304369194218,-0.0215628441653299,0.0175));
#11968=CARTESIAN_POINT('',(0.00212770778072504,-0.0206409240225454,0.0175));
#11969=CARTESIAN_POINT('',(0.0021277099023198,-0.0206409563438946,0.0175));
#11970=CARTESIAN_POINT('',(0.0022304369194218,-0.0215628441653299,0.0175));
#11971=CARTESIAN_POINT('',(0.00215373822863298,-0.0209055199505285,0.0175));
#11972=CARTESIAN_POINT('',(0.00205244252873565,-0.020660099530945,0.0175));
#11973=CARTESIAN_POINT('',(0.00205243940859405,-0.0206600939337032,0.0175));
#11974=CARTESIAN_POINT('',(0.00215373822863298,-0.0209055199505285,0.0175));
#11975=CARTESIAN_POINT('',(0.00208793748981582,-0.0207474111195295,0.0175));
#11976=CARTESIAN_POINT('',(0.00201035879465345,-0.0206942118804729,0.0175));
#11977=CARTESIAN_POINT('',(0.00201035879465348,-0.0206942118804729,0.0175));
#11978=CARTESIAN_POINT('',(0.00208793748981582,-0.0207474111195295,0.0175));
#11979=CARTESIAN_POINT('',(0.00209508525874906,-0.0207432122875936,0.0175));
#11980=CARTESIAN_POINT('',(0.00199712643678163,-0.0207469142966391,0.0175));
#11981=CARTESIAN_POINT('',(0.00199720306846832,-0.0207469104033827,0.0175));
#11982=CARTESIAN_POINT('',(0.00209508525874906,-0.0207432122875936,0.0175));
#11983=CARTESIAN_POINT('',(0.00220149424472602,-0.0207485771713645,0.0175));
#11984=CARTESIAN_POINT('',(0.00200127099911584,-0.0207892993541104,0.0175));
#11985=CARTESIAN_POINT('',(0.00200128975389746,-0.0207892961520836,0.0175));
#11986=CARTESIAN_POINT('',(0.00220149424472602,-0.0207485771713645,0.0175));
#11987=CARTESIAN_POINT('',(0.00208209643378826,-0.0207741605014013,0.0175));
#11988=CARTESIAN_POINT('',(0.00201511899428934,-0.0208217565003765,0.0175));
#11989=CARTESIAN_POINT('',(0.00201511899428933,-0.0208217565003765,0.0175));
#11990=CARTESIAN_POINT('',(0.00208209643378826,-0.0207741605014013,0.0175));
#11991=CARTESIAN_POINT('',(0.00207080608535867,-0.0207788807123847,0.0175));
#11992=CARTESIAN_POINT('',(0.00204255083996465,-0.0208432891861174,0.0175));
#11993=CARTESIAN_POINT('',(0.0020425448671912,-0.0208433037837377,0.0175));
#11994=CARTESIAN_POINT('',(0.00207080608535867,-0.0207788807123847,0.0175));
#11995=CARTESIAN_POINT('',(0.00210997560265261,-0.020686566085592,0.0175));
#11996=CARTESIAN_POINT('',(0.0020853779840849,-0.0208555570906267,0.0175));
#11997=CARTESIAN_POINT('',(0.00208537924099534,-0.0208555457926983,0.0175));
#11998=CARTESIAN_POINT('',(0.00210997560265261,-0.020686566085592,0.0175));
#11999=CARTESIAN_POINT('',(0.00216108732025221,-0.0203643598782833,0.0175));
#12000=CARTESIAN_POINT('',(0.00216108732025221,-0.0203643598782833,0.0175));
#12001=CARTESIAN_POINT('',(-1.7347234759768E-18,-0.0216,0.0175));
#12002=CARTESIAN_POINT('',(-0.00143657219973009,-0.0206907998310986,0.0175000000011278));
#12003=CARTESIAN_POINT('',(-0.00143657219973009,-0.0206907998310986,0.018));
#12004=CARTESIAN_POINT('',(-0.00140583813463366,-0.0206902506699677,0.018));
#12005=CARTESIAN_POINT('',(-0.00146507605733039,-0.0206916052874156,0.018));
#12006=CARTESIAN_POINT('',(-0.00140583554376657,-0.0206903272055693,0.0175));
#12007=CARTESIAN_POINT('',(-0.00140583813463366,-0.0206902506699677,0.0175));
#12008=CARTESIAN_POINT('',(-0.00143657219973009,-0.0206907998310986,0.0175));
#12009=CARTESIAN_POINT('',(-0.0014650771575467,-0.0206916053317566,0.0175000000000014));
#12010=CARTESIAN_POINT('',(-0.00146507515473032,-0.0206917087263473,0.0175));
#12011=CARTESIAN_POINT('',(-0.00139994868639411,-0.0210837970640672,0.0175));
#12012=CARTESIAN_POINT('',(-0.00139994868639411,-0.0210837970640672,0.018));
#12013=CARTESIAN_POINT('',(-0.00133504813459515,-0.020695869899528,0.018));
#12014=CARTESIAN_POINT('',(-0.00133504641909814,-0.0206958532886815,0.0175));
#12015=CARTESIAN_POINT('',(-0.00133504813459515,-0.020695869899528,0.0175));
#12016=CARTESIAN_POINT('',(-0.00139994868639411,-0.0210837970640672,0.0175));
#12017=CARTESIAN_POINT('',(-0.00135166615753922,-0.0208030740840594,0.0175));
#12018=CARTESIAN_POINT('',(-0.00135166615753922,-0.0208030740840594,0.018));
#12019=CARTESIAN_POINT('',(-0.00128698834947368,-0.020716194209351,0.018));
#12020=CARTESIAN_POINT('',(-0.00128702475685234,-0.0207162445353659,0.0175));
#12021=CARTESIAN_POINT('',(-0.00128698834947368,-0.020716194209351,0.0175));
#12022=CARTESIAN_POINT('',(-0.00135166615753922,-0.0208030740840594,0.0175));
#12023=CARTESIAN_POINT('',(-0.00134045805591429,-0.0207835241818153,0.0175));
#12024=CARTESIAN_POINT('',(-0.00134045805591429,-0.0207835241818153,0.018));
#12025=CARTESIAN_POINT('',(-0.00125961718981175,-0.0207540108109723,0.018));
#12026=CARTESIAN_POINT('',(-0.00125972590627763,-0.020754042943854,0.0175));
#12027=CARTESIAN_POINT('',(-0.00125961718981175,-0.0207540108109723,0.0175));
#12028=CARTESIAN_POINT('',(-0.00134045805591429,-0.0207835241818153,0.0175));
#12029=CARTESIAN_POINT('',(-0.00144228002056405,-0.0208097539807532,0.0175000000000001));
#12030=CARTESIAN_POINT('',(-0.00144228002056405,-0.0208097539807532,0.018));
#12031=CARTESIAN_POINT('',(-0.00125131700229649,-0.020817427117152,0.018));
#12032=CARTESIAN_POINT('',(-0.00125131700229649,-0.020817427117152,0.0175));
#12033=CARTESIAN_POINT('',(-0.00125131700229649,-0.020817427117152,0.0175));
#12034=CARTESIAN_POINT('',(-0.00144228002056405,-0.0208097539807532,0.0175));
#12035=CARTESIAN_POINT('',(-0.00141688770999115,-0.020817427117152,0.0175));
#12036=CARTESIAN_POINT('',(-0.00141688770999115,-0.020817427117152,0.018));
#12037=CARTESIAN_POINT('',(-0.00158261039923786,-0.0208174266832801,0.018));
#12038=CARTESIAN_POINT('',(-0.00158261040553454,-0.0208174262494082,0.0175));
#12039=CARTESIAN_POINT('',(-0.00158261039923786,-0.0208174266832801,0.0175));
#12040=CARTESIAN_POINT('',(-0.00141688770999115,-0.020817427117152,0.0175));
#12041=CARTESIAN_POINT('',(-0.00128743829825225,-0.0208131429206886,0.0175));
#12042=CARTESIAN_POINT('',(-0.00128743829825225,-0.0208131429206886,0.018));
#12043=CARTESIAN_POINT('',(-0.00157866186988723,-0.020765429558026,0.018));
#12044=CARTESIAN_POINT('',(-0.001578691423519,-0.0207654266750653,0.0175));
#12045=CARTESIAN_POINT('',(-0.00157866186988723,-0.020765429558026,0.0175));
#12046=CARTESIAN_POINT('',(-0.00128743829825225,-0.0208131429206886,0.0175));
#12047=CARTESIAN_POINT('',(-0.00149366750723984,-0.0207772556105577,0.0175));
#12048=CARTESIAN_POINT('',(-0.00149366750723984,-0.0207772556105577,0.018));
#12049=CARTESIAN_POINT('',(-0.00156631879628078,-0.0207319019935125,0.018));
#12050=CARTESIAN_POINT('',(-0.00156625773651636,-0.0207319386114048,0.0175));
#12051=CARTESIAN_POINT('',(-0.00156631879628078,-0.0207319019935125,0.0175));
#12052=CARTESIAN_POINT('',(-0.00149366750723984,-0.0207772556105577,0.0175));
#12053=CARTESIAN_POINT('',(-0.00150209659790369,-0.0207787933348029,0.0175));
#12054=CARTESIAN_POINT('',(-0.00150209659790369,-0.0207787933348029,0.018));
#12055=CARTESIAN_POINT('',(-0.0015439929866627,-0.0207112067407527,0.018));
#12056=CARTESIAN_POINT('',(-0.00154398762157383,-0.0207112157997337,0.0175));
#12057=CARTESIAN_POINT('',(-0.0015439929866627,-0.0207112067407527,0.0175));
#12058=CARTESIAN_POINT('',(-0.00150209659790369,-0.0207787933348029,0.0175));
#12059=CARTESIAN_POINT('',(-0.00148763832155764,-0.0208033931650065,0.0175));
#12060=CARTESIAN_POINT('',(-0.00148763832155764,-0.0208033931650065,0.018));
#12061=CARTESIAN_POINT('',(-0.0015106650495981,-0.0206977340953819,0.018));
#12062=CARTESIAN_POINT('',(-0.00151066534040671,-0.0206977321569397,0.0175));
#12063=CARTESIAN_POINT('',(-0.0015106650495981,-0.0206977340953819,0.0175));
#12064=CARTESIAN_POINT('',(-0.00148763832155764,-0.0208033931650065,0.0175));
#12065=CARTESIAN_POINT('',(-0.00141552318668043,-0.0204551011927038,0.0175));
#12066=CARTESIAN_POINT('',(-0.00140583554376657,-0.0210516225194508,0.0175));
#12067=CARTESIAN_POINT('',(-0.00140583640251559,-0.0210515496274439,0.0175));
#12068=CARTESIAN_POINT('',(-0.00141552318668043,-0.0204551011927038,0.0175));
#12069=CARTESIAN_POINT('',(-0.00151840009520232,-0.0210424275222019,0.01750000025));
#12070=CARTESIAN_POINT('',(-0.00151840185676392,-0.0210424492214844,0.0175));
#12071=CARTESIAN_POINT('',(-0.00139618640893655,-0.0203268290826189,0.0175));
#12072=CARTESIAN_POINT('',(-0.00130133731211317,-0.0210452122630406,0.0175));
#12073=CARTESIAN_POINT('',(-0.00130133915920396,-0.0210451867933742,0.0175));
#12074=CARTESIAN_POINT('',(-0.00139618640893655,-0.0203268290826189,0.0175));
#12075=CARTESIAN_POINT('',(-0.00132686120746334,-0.0208316257190448,0.0175));
#12076=CARTESIAN_POINT('',(-0.00123314544650751,-0.0210248210163562,0.0175));
#12077=CARTESIAN_POINT('',(-0.00123313041179905,-0.0210248543246863,0.0175));
#12078=CARTESIAN_POINT('',(-0.00132686120746334,-0.0208316257190448,0.0175));
#12079=CARTESIAN_POINT('',(-0.00127079052368132,-0.0209489332066951,0.0175));
#12080=CARTESIAN_POINT('',(-0.00119601016799292,-0.0209882383461528,0.0175));
#12081=CARTESIAN_POINT('',(-0.0011959484711544,-0.020988269183109,0.0175));
#12082=CARTESIAN_POINT('',(-0.00127079052368132,-0.0209489332066951,0.0175));
#12083=CARTESIAN_POINT('',(-0.00130776575664027,-0.02093743197567,0.0175));
#12084=CARTESIAN_POINT('',(-0.00118492980440924,-0.0209334748625101,0.0175));
#12085=CARTESIAN_POINT('',(-0.00118492980440924,-0.0209334748625101,0.0175));
#12086=CARTESIAN_POINT('',(-0.00130776575664027,-0.02093743197567,0.0175));
#12087=CARTESIAN_POINT('',(-0.00121794871794871,-0.0209334748625101,0.0175));
#12088=CARTESIAN_POINT('',(-0.00125122702423464,-0.0209334748625101,0.0175));
#12089=CARTESIAN_POINT('',(-0.00125122702423464,-0.0209334748625101,0.0175));
#12090=CARTESIAN_POINT('',(-0.00121794871794871,-0.0209334748625101,0.0175));
#12091=CARTESIAN_POINT('',(-0.00132207950268177,-0.0209366546729727,0.0175));
#12092=CARTESIAN_POINT('',(-0.00125804540657823,-0.0209671476136787,0.0175));
#12093=CARTESIAN_POINT('',(-0.00125804679062076,-0.0209671498859648,0.0175));
#12094=CARTESIAN_POINT('',(-0.00132207950268177,-0.0209366546729727,0.0175));
#12095=CARTESIAN_POINT('',(-0.00129839482186474,-0.0209426020615134,0.0175));
#12096=CARTESIAN_POINT('',(-0.00128288019451812,-0.0209873541728548,0.0175));
#12097=CARTESIAN_POINT('',(-0.0012828779633657,-0.0209873578574978,0.0175));
#12098=CARTESIAN_POINT('',(-0.00129839482186474,-0.0209426020615134,0.0175));
#12099=CARTESIAN_POINT('',(-0.0013397729067079,-0.0208276258738244,0.0175));
#12100=CARTESIAN_POINT('',(-0.00133034924845269,-0.0209971906007947,0.0175));
#12101=CARTESIAN_POINT('',(-0.00133034989342544,-0.0209971585871366,0.0175));
#12102=CARTESIAN_POINT('',(-0.0013397729067079,-0.0208276258738244,0.0175));
#12103=CARTESIAN_POINT('',(-0.00139823630929158,-0.0200834741921441,0.0175));
#12104=CARTESIAN_POINT('',(-0.00140583554376657,-0.0209997878598575,0.0175));
#12105=CARTESIAN_POINT('',(-0.00140583547085262,-0.0209997558657643,0.0175));
#12106=CARTESIAN_POINT('',(-0.00139823630929158,-0.0200834741921441,0.0175));
#12107=CARTESIAN_POINT('',(-0.00141358717914378,-0.0201877433570268,0.0175));
#12108=CARTESIAN_POINT('',(-0.0014893899204244,-0.0209961406450034,0.0175));
#12109=CARTESIAN_POINT('',(-0.00148938779246637,-0.020996087404047,0.0175));
#12110=CARTESIAN_POINT('',(-0.00141358717914378,-0.0201877433570268,0.0175));
#12111=CARTESIAN_POINT('',(-0.00148094526377863,-0.020870794350974,0.0175));
#12112=CARTESIAN_POINT('',(-0.00154382743394248,-0.020979346195033,0.0175));
#12113=CARTESIAN_POINT('',(-0.00154382743394204,-0.0209793461950332,0.0175));
#12114=CARTESIAN_POINT('',(-0.00148094526377863,-0.020870794350974,0.0175));
#12115=CARTESIAN_POINT('',(-0.00150089364027075,-0.0209180305281649,0.0175));
#12116=CARTESIAN_POINT('',(-0.00157366268788682,-0.0209364036865596,0.0175));
#12117=CARTESIAN_POINT('',(-0.0015736603816248,-0.0209364048056235,0.0175));
#12118=CARTESIAN_POINT('',(-0.00150089364027075,-0.0209180305281649,0.0175));
#12119=CARTESIAN_POINT('',(-0.00131909262088509,-0.020869104300899,0.0175));
#12120=CARTESIAN_POINT('',(-0.00158249853287389,-0.0208616357820502,0.0175));
#12121=CARTESIAN_POINT('',(-0.00158249853287389,-0.0208616357820502,0.0175));
#12122=CARTESIAN_POINT('',(-0.00131909262088509,-0.020869104300899,0.0175));
#12123=CARTESIAN_POINT('',(-0.00138649425287356,-0.0208616357820502,0.0175));
#12124=CARTESIAN_POINT('',(-0.00119031830238726,-0.0208616357820502,0.0175));
#12125=CARTESIAN_POINT('',(-0.00119031830238726,-0.0208616357820502,0.0175));
#12126=CARTESIAN_POINT('',(-0.00138649425287356,-0.0208616357820502,0.0175));
#12127=CARTESIAN_POINT('',(-0.00118755526083112,-0.0208505836158257,0.0175));
#12128=CARTESIAN_POINT('',(-0.00118480669026079,-0.0208395893335444,0.0175));
#12129=CARTESIAN_POINT('',(-0.00118480669026079,-0.0208395893335444,0.0175));
#12130=CARTESIAN_POINT('',(-0.00118755526083112,-0.0208505836158257,0.0175));
#12131=CARTESIAN_POINT('',(-0.00168368762437799,-0.0208378895955654,0.0175));
#12132=CARTESIAN_POINT('',(-0.00118805260831122,-0.0207811760119353,0.0175));
#12133=CARTESIAN_POINT('',(-0.00118807778268968,-0.02078117839498,0.0175));
#12134=CARTESIAN_POINT('',(-0.00168368762437799,-0.0208378895955654,0.0175));
#12135=CARTESIAN_POINT('',(-0.00136141800298638,-0.0207986212948673,0.0175));
#12136=CARTESIAN_POINT('',(-0.00120015473032714,-0.0207329885671961,0.0175));
#12137=CARTESIAN_POINT('',(-0.00120012316586586,-0.0207329758600954,0.0175));
#12138=CARTESIAN_POINT('',(-0.00136141800298638,-0.0207986212948673,0.0175));
#12139=CARTESIAN_POINT('',(-0.00134984243790982,-0.0207984294679786,0.0175));
#12140=CARTESIAN_POINT('',(-0.00122435897435897,-0.0206937533770989,0.0175));
#12141=CARTESIAN_POINT('',(-0.00122434409276005,-0.0206937405211162,0.0175));
#12142=CARTESIAN_POINT('',(-0.00134984243790982,-0.0207984294679786,0.0175));
#12143=CARTESIAN_POINT('',(-0.0013232115236635,-0.0207777736511501,0.0175));
#12144=CARTESIAN_POINT('',(-0.00126442307692307,-0.0206619783992032,0.0175));
#12145=CARTESIAN_POINT('',(-0.0012644171177078,-0.0206619661099993,0.0175));
#12146=CARTESIAN_POINT('',(-0.0013232115236635,-0.0207777736511501,0.0175));
#12147=CARTESIAN_POINT('',(-0.00136253814426204,-0.0208571309589642,0.0175));
#12148=CARTESIAN_POINT('',(-0.00132382847038019,-0.0206419739783368,0.0175));
#12149=CARTESIAN_POINT('',(-0.00132382729488565,-0.0206419673283628,0.0175));
#12150=CARTESIAN_POINT('',(-0.00136253814426204,-0.0208571309589642,0.0175));
#12151=CARTESIAN_POINT('',(-0.00139966301286623,-0.0210641580481062,0.0175));
#12152=CARTESIAN_POINT('',(-0.00140583554376657,-0.0206350663744463,0.0175));
#12153=CARTESIAN_POINT('',(-0.00140583552911833,-0.0206351451566633,0.0175));
#12154=CARTESIAN_POINT('',(-0.00139966301286623,-0.0210641580481062,0.0175));
#12155=CARTESIAN_POINT('',(-0.00141547535216737,-0.0211833487772522,0.0175));
#12156=CARTESIAN_POINT('',(-0.00151840185676392,-0.0206450685848796,0.0175));
#12157=CARTESIAN_POINT('',(-0.00151840089875983,-0.0206450796741572,0.0175));
#12158=CARTESIAN_POINT('',(-0.00141547535216737,-0.0211833487772522,0.0175));
#12159=CARTESIAN_POINT('',(-0.00148836586481675,-0.0208091940155157,0.0175));
#12160=CARTESIAN_POINT('',(-0.00159366710875331,-0.0206802697343049,0.0175));
#12161=CARTESIAN_POINT('',(-0.0015937277112351,-0.02068019659206,0.0175));
#12162=CARTESIAN_POINT('',(-0.00148836586481675,-0.0208091940155157,0.0175));
#12163=CARTESIAN_POINT('',(-0.00149739216944086,-0.0207864724545614,0.0175));
#12164=CARTESIAN_POINT('',(-0.00163583112290008,-0.0207481300349238,0.0175));
#12165=CARTESIAN_POINT('',(-0.00163588232055426,-0.0207481176207588,0.0175));
#12166=CARTESIAN_POINT('',(-0.00149739216944086,-0.0207864724545614,0.0175));
#12167=CARTESIAN_POINT('',(-0.00126995501742594,-0.0208456925763271,0.0175));
#12168=CARTESIAN_POINT('',(-0.00164874943685005,-0.0208558996335614,0.0175));
#12169=CARTESIAN_POINT('',(-0.00164874943685005,-0.0208558996335614,0.0175));
#12170=CARTESIAN_POINT('',(-0.00126995501742594,-0.0208456925763271,0.0175));
#12171=CARTESIAN_POINT('',(-0.00135434815804192,-0.0208649134401733,0.0175));
#12172=CARTESIAN_POINT('',(-0.00163583112290008,-0.0209507715026515,0.0175));
#12173=CARTESIAN_POINT('',(-0.00163590546583724,-0.0209507918395662,0.0175));
#12174=CARTESIAN_POINT('',(-0.00135434815804192,-0.0208649134401733,0.0175));
#12175=CARTESIAN_POINT('',(-0.00151538373002018,-0.0209114026703192,0.0175));
#12176=CARTESIAN_POINT('',(-0.00159366710875331,-0.0210108400260821,0.0175));
#12177=CARTESIAN_POINT('',(-0.00159372936201383,-0.021010923938456,0.0175));
#12178=CARTESIAN_POINT('',(-0.00151538373002018,-0.0209114026703192,0.0175));
#12179=CARTESIAN_POINT('',(-0.00148938870149428,-0.0208655925850475,0.0175));
#12180=CARTESIAN_POINT('',(-0.00148938870149428,-0.0208655925850475,0.0175));
#12181=CARTESIAN_POINT('',(-0.00145451351045465,-0.0209511420194224,0.0175));
#12182=CARTESIAN_POINT('',(-0.00145451351045465,-0.0209511420194224,0.018));
#12183=CARTESIAN_POINT('',(-0.00145451351045465,-0.0209511420194224,0.0175));
#12184=CARTESIAN_POINT('',(-1.7347234759768E-18,-0.0216,0.0175));
#12185=CARTESIAN_POINT('',(0.000391221207230141,-0.0204495323207915,0.0175));
#12186=CARTESIAN_POINT('',(0.000391221207230141,-0.0204495323207915,0.018));
#12187=CARTESIAN_POINT('',(0.000384284156795897,-0.0209997506451218,0.018));
#12188=CARTESIAN_POINT('',(0.000457669400580054,-0.0209956303904997,0.018));
#12189=CARTESIAN_POINT('',(0.000384283819628657,-0.0209997878598575,0.0175));
#12190=CARTESIAN_POINT('',(0.000384284156795897,-0.0209997506451218,0.0175));
#12191=CARTESIAN_POINT('',(0.000391221207230141,-0.0204495323207915,0.0175));
#12192=CARTESIAN_POINT('',(0.000457669610816512,-0.0209956303670137,0.01750000025));
#12193=CARTESIAN_POINT('',(0.000457670203359869,-0.0209956432975233,0.0175));
#12194=CARTESIAN_POINT('',(0.00037356814774073,-0.0196435538211785,0.0175));
#12195=CARTESIAN_POINT('',(0.00037356814774073,-0.0196435538211785,0.018));
#12196=CARTESIAN_POINT('',(0.000291169784379329,-0.0209971475532555,0.018));
#12197=CARTESIAN_POINT('',(0.00029116931918657,-0.0209971906007947,0.0175));
#12198=CARTESIAN_POINT('',(0.000291169784379329,-0.0209971475532555,0.0175));
#12199=CARTESIAN_POINT('',(0.00037356814774073,-0.0196435538211785,0.0175));
#12200=CARTESIAN_POINT('',(0.000299015045893912,-0.0207954764970018,0.0175));
#12201=CARTESIAN_POINT('',(0.000299015045893912,-0.0207954764970018,0.018));
#12202=CARTESIAN_POINT('',(0.000237453436512257,-0.0209873530394923,0.018));
#12203=CARTESIAN_POINT('',(0.000237455791335112,-0.0209873541728548,0.0175));
#12204=CARTESIAN_POINT('',(0.000237453436512257,-0.0209873530394923,0.0175));
#12205=CARTESIAN_POINT('',(0.000299015045893912,-0.0207954764970018,0.0175));
#12206=CARTESIAN_POINT('',(0.00024987137954242,-0.0209461790794968,0.0175));
#12207=CARTESIAN_POINT('',(0.00024987137954242,-0.0209461790794968,0.018));
#12208=CARTESIAN_POINT('',(0.000212835502363913,-0.0209676492074775,0.018));
#12209=CARTESIAN_POINT('',(0.000212835502364136,-0.0209676492074784,0.0175));
#12210=CARTESIAN_POINT('',(0.000212835502363913,-0.0209676492074775,0.0175));
#12211=CARTESIAN_POINT('',(0.00024987137954242,-0.0209461790794968,0.0175));
#12212=CARTESIAN_POINT('',(0.000287678608895265,-0.0209367800134829,0.0175));
#12213=CARTESIAN_POINT('',(0.000287678608895265,-0.0209367800134829,0.018));
#12214=CARTESIAN_POINT('',(0.000206794848643239,-0.0209332850083879,0.018));
#12215=CARTESIAN_POINT('',(0.000206794848643214,-0.0209332850083879,0.0175));
#12216=CARTESIAN_POINT('',(0.000206794848643239,-0.0209332850083879,0.0175));
#12217=CARTESIAN_POINT('',(0.000287678608895265,-0.0209367800134829,0.0175));
#12218=CARTESIAN_POINT('',(0.000285752800567027,-0.0209297457104293,0.0175));
#12219=CARTESIAN_POINT('',(0.000285752800567027,-0.0209297457104293,0.018));
#12220=CARTESIAN_POINT('',(0.000212285118591305,-0.0209006027733148,0.018));
#12221=CARTESIAN_POINT('',(0.000212283354233399,-0.0209006059565267,0.0175));
#12222=CARTESIAN_POINT('',(0.000212285118591305,-0.0209006027733148,0.0175));
#12223=CARTESIAN_POINT('',(0.000285752800567027,-0.0209297457104293,0.0175));
#12224=CARTESIAN_POINT('',(0.000245676234760547,-0.0209190979735644,0.0175));
#12225=CARTESIAN_POINT('',(0.000245676234760547,-0.0209190979735644,0.018));
#12226=CARTESIAN_POINT('',(0.000234744912198879,-0.0208823533318485,0.018));
#12227=CARTESIAN_POINT('',(0.000234748010610089,-0.0208823585937214,0.0175));
#12228=CARTESIAN_POINT('',(0.000234744912198879,-0.0208823533318484,0.0175));
#12229=CARTESIAN_POINT('',(0.000245676234760547,-0.0209190979735644,0.0175));
#12230=CARTESIAN_POINT('',(0.000285440228863951,-0.0210457430933694,0.0175000000000003));
#12231=CARTESIAN_POINT('',(0.000285440228863951,-0.0210457430933694,0.018));
#12232=CARTESIAN_POINT('',(0.000281884970828261,-0.0208744478089463,0.018));
#12233=CARTESIAN_POINT('',(0.000281885499557923,-0.0208744010340397,0.0175));
#12234=CARTESIAN_POINT('',(0.000281884970828261,-0.0208744478089463,0.0175));
#12235=CARTESIAN_POINT('',(0.000285440228863951,-0.0210457430933694,0.0175));
#12236=CARTESIAN_POINT('',(0.000353157970489547,-0.0224089862190923,0.0175));
#12237=CARTESIAN_POINT('',(0.000353157970489547,-0.0224089862190923,0.018));
#12238=CARTESIAN_POINT('',(0.000362179482484106,-0.0208727165982895,0.018));
#12239=CARTESIAN_POINT('',(0.000362179487179497,-0.0208726879482748,0.0175));
#12240=CARTESIAN_POINT('',(0.000362179482484106,-0.0208727165982895,0.0175));
#12241=CARTESIAN_POINT('',(0.000353157970489547,-0.0224089862190923,0.0175));
#12242=CARTESIAN_POINT('',(0.000369941655140431,-0.0217804675834484,0.0175));
#12243=CARTESIAN_POINT('',(0.000369941655140431,-0.0217804675834484,0.018));
#12244=CARTESIAN_POINT('',(0.000445732872310603,-0.0208759706986941,0.018));
#12245=CARTESIAN_POINT('',(0.000445733863837322,-0.0208759483373111,0.0175));
#12246=CARTESIAN_POINT('',(0.000445732872310603,-0.0208759706986941,0.0175));
#12247=CARTESIAN_POINT('',(0.000369941655140431,-0.0217804675834484,0.0175));
#12248=CARTESIAN_POINT('',(0.000428646095607978,-0.0211148102436967,0.0175));
#12249=CARTESIAN_POINT('',(0.000428646095607978,-0.0211148102436967,0.018));
#12250=CARTESIAN_POINT('',(0.000500106898846938,-0.0208865241212395,0.018));
#12251=CARTESIAN_POINT('',(0.000500110521662256,-0.0208865031560555,0.0175));
#12252=CARTESIAN_POINT('',(0.000500106898846938,-0.0208865241212395,0.0175));
#12253=CARTESIAN_POINT('',(0.000428646095607978,-0.0211148102436967,0.0175));
#12254=CARTESIAN_POINT('',(0.000482711950126871,-0.0209470639471093,0.0175));
#12255=CARTESIAN_POINT('',(0.000482711950126871,-0.0209470639471093,0.018));
#12256=CARTESIAN_POINT('',(0.000529520744188188,-0.0209052813717868,0.018));
#12257=CARTESIAN_POINT('',(0.000529454022988516,-0.0209053470994685,0.0175));
#12258=CARTESIAN_POINT('',(0.000529520744188189,-0.0209052813717868,0.0175));
#12259=CARTESIAN_POINT('',(0.000482711950126871,-0.0209470639471093,0.0175));
#12260=CARTESIAN_POINT('',(0.000493081590978796,-0.020931951468128,0.0175));
#12261=CARTESIAN_POINT('',(0.000493081590978796,-0.020931951468128,0.018));
#12262=CARTESIAN_POINT('',(0.000538179046556311,-0.0209332065859044,0.018));
#12263=CARTESIAN_POINT('',(0.000538179046556319,-0.0209332065859045,0.0175));
#12264=CARTESIAN_POINT('',(0.000538179046556311,-0.0209332065859044,0.0175));
#12265=CARTESIAN_POINT('',(0.000493081590978796,-0.020931951468128,0.0175));
#12266=CARTESIAN_POINT('',(0.000483486619037466,-0.0209348644550575,0.0175));
#12267=CARTESIAN_POINT('',(0.000483486619037466,-0.0209348644550575,0.018));
#12268=CARTESIAN_POINT('',(0.000530726121525452,-0.0209625234039768,0.018));
#12269=CARTESIAN_POINT('',(0.00053066976127322,-0.0209624867988495,0.0175));
#12270=CARTESIAN_POINT('',(0.000530726121525452,-0.0209625234039768,0.0175));
#12271=CARTESIAN_POINT('',(0.000483486619037466,-0.0209348644550575,0.0175));
#12272=CARTESIAN_POINT('',(0.000484024472467348,-0.0209303720444573,0.0175));
#12273=CARTESIAN_POINT('',(0.000484024472467348,-0.0209303720444573,0.018));
#12274=CARTESIAN_POINT('',(0.000505139246194232,-0.0209832066205674,0.018));
#12275=CARTESIAN_POINT('',(0.000505139257294441,-0.0209832096105207,0.0175));
#12276=CARTESIAN_POINT('',(0.000505139246194232,-0.0209832066205674,0.0175));
#12277=CARTESIAN_POINT('',(0.000484024472467348,-0.0209303720444573,0.0175));
#12278=CARTESIAN_POINT('',(0.000445342177444742,-0.0209343549962548,0.0175));
#12279=CARTESIAN_POINT('',(0.000538240495137057,-0.0209898811381057,0.0175));
#12280=CARTESIAN_POINT('',(0.000538240495137057,-0.0209898811381057,0.0175));
#12281=CARTESIAN_POINT('',(0.000445342177444742,-0.0209343549962548,0.0175));
#12282=CARTESIAN_POINT('',(0.000522738262276197,-0.0210101461704505,0.017500000000004));
#12283=CARTESIAN_POINT('',(0.000522767462422645,-0.0210101768961086,0.0175));
#12284=CARTESIAN_POINT('',(0.000538240495137057,-0.0210166976741811,0.0175));
#12285=CARTESIAN_POINT('',(0.000538240495137057,-0.0210439965247558,0.0175));
#12286=CARTESIAN_POINT('',(0.000538240495137057,-0.0210439965247558,0.0175));
#12287=CARTESIAN_POINT('',(0.000538240495137057,-0.0210166976741811,0.0175));
#12288=CARTESIAN_POINT('',(0.000571396993810798,-0.0210439965247558,0.0175));
#12289=CARTESIAN_POINT('',(0.000604553492484538,-0.0210439965247558,0.0175));
#12290=CARTESIAN_POINT('',(0.000604553492484538,-0.0210439965247558,0.0175));
#12291=CARTESIAN_POINT('',(0.000571396993810798,-0.0210439965247558,0.0175));
#12292=CARTESIAN_POINT('',(0.000604553492484538,-0.0209500531118469,0.0175));
#12293=CARTESIAN_POINT('',(0.000604553492484538,-0.020856109698938,0.0175));
#12294=CARTESIAN_POINT('',(0.000604446502641245,-0.0208561070720377,0.0175));
#12295=CARTESIAN_POINT('',(0.000604553492484538,-0.0209500531118469,0.0175));
#12296=CARTESIAN_POINT('',(0.000175458060782145,-0.0208455742046618,0.0175));
#12297=CARTESIAN_POINT('',(0.000593003978779852,-0.0207481300349238,0.0175));
#12298=CARTESIAN_POINT('',(0.000593028429168736,-0.0207481245557684,0.0175));
#12299=CARTESIAN_POINT('',(0.000175458060782145,-0.0208455742046618,0.0175));
#12300=CARTESIAN_POINT('',(0.000451744441319413,-0.0207813039186383,0.0175));
#12301=CARTESIAN_POINT('',(0.000555791644842183,-0.0206804456059188,0.0175));
#12302=CARTESIAN_POINT('',(0.000555791644842172,-0.0206804456059188,0.0175));
#12303=CARTESIAN_POINT('',(0.000451744441319413,-0.0207813039186383,0.0175));
#12304=CARTESIAN_POINT('',(0.000458222490455355,-0.0207861605358536,0.0175));
#12305=CARTESIAN_POINT('',(0.000487179487179498,-0.0206450685848796,0.0175));
#12306=CARTESIAN_POINT('',(0.000487180564624538,-0.0206450661846388,0.0175));
#12307=CARTESIAN_POINT('',(0.000458222490455355,-0.0207861605358536,0.0175));
#12308=CARTESIAN_POINT('',(0.000393186227598193,-0.0210932375542284,0.0175));
#12309=CARTESIAN_POINT('',(0.000384283819628657,-0.0206350663744463,0.0175));
#12310=CARTESIAN_POINT('',(0.000384285111732114,-0.0206351461172826,0.0175));
#12311=CARTESIAN_POINT('',(0.000393186227598193,-0.0210932375542284,0.0175));
#12312=CARTESIAN_POINT('',(0.000374713881905121,-0.0213900296503848,0.0175));
#12313=CARTESIAN_POINT('',(0.000279564544650761,-0.0206412555875321,0.0175));
#12314=CARTESIAN_POINT('',(0.000279566553709945,-0.0206412838687276,0.0175));
#12315=CARTESIAN_POINT('',(0.000374713881905121,-0.0213900296503848,0.0175));
#12316=CARTESIAN_POINT('',(0.000304396459838738,-0.0208594939306611,0.0175));
#12317=CARTESIAN_POINT('',(0.000211041114058365,-0.0206610942259052,0.0175));
#12318=CARTESIAN_POINT('',(0.000211029161984,-0.0206610672786422,0.0175));
#12319=CARTESIAN_POINT('',(0.000304396459838738,-0.0208594939306611,0.0175));
#12320=CARTESIAN_POINT('',(0.000247470206264257,-0.0207374357366734,0.0175));
#12321=CARTESIAN_POINT('',(0.000173483396117065,-0.0206967297266101,0.0175));
#12322=CARTESIAN_POINT('',(0.000173483396117039,-0.0206967297266102,0.0175));
#12323=CARTESIAN_POINT('',(0.000247470206264257,-0.0207374357366734,0.0175));
#12324=CARTESIAN_POINT('',(0.000277789697464037,-0.0207457431224827,0.0175));
#12325=CARTESIAN_POINT('',(0.000162608798776911,-0.0207496773381953,0.0175));
#12326=CARTESIAN_POINT('',(0.000162608798776913,-0.0207496773381953,0.0175));
#12327=CARTESIAN_POINT('',(0.000277789697464037,-0.0207457431224827,0.0175));
#12328=CARTESIAN_POINT('',(0.000195623342175076,-0.0207496773381953,0.0175));
#12329=CARTESIAN_POINT('',(0.000228897525736908,-0.0207496773381953,0.0175));
#12330=CARTESIAN_POINT('',(0.000228897525736916,-0.0207496773381953,0.0175));
#12331=CARTESIAN_POINT('',(0.000195623342175076,-0.0207496773381953,0.0175));
#12332=CARTESIAN_POINT('',(0.000285316409096222,-0.0207469354912138,0.0175));
#12333=CARTESIAN_POINT('',(0.000236078818821055,-0.0207192539481155,0.0175));
#12334=CARTESIAN_POINT('',(0.000236078818821066,-0.0207192539481157,0.0175));
#12335=CARTESIAN_POINT('',(0.000285316409096222,-0.0207469354912138,0.0175));
#12336=CARTESIAN_POINT('',(0.000274930562262858,-0.0207474596947792,0.0175));
#12337=CARTESIAN_POINT('',(0.000260941644562344,-0.0207013793717938,0.0175));
#12338=CARTESIAN_POINT('',(0.000260941140993337,-0.0207013828602616,0.0175));
#12339=CARTESIAN_POINT('',(0.000274930562262858,-0.0207474596947792,0.0175));
#12340=CARTESIAN_POINT('',(0.000316972389856934,-0.0208770414650751,0.0175));
#12341=CARTESIAN_POINT('',(0.000308576480990284,-0.0206925928996453,0.0175));
#12342=CARTESIAN_POINT('',(0.000308576960102945,-0.0206926263654037,0.0175));
#12343=CARTESIAN_POINT('',(0.000316972389856934,-0.0208770414650751,0.0175));
#12344=CARTESIAN_POINT('',(0.000376762319280628,-0.0217491669023143,0.0175));
#12345=CARTESIAN_POINT('',(0.000384283819628657,-0.0206903272055693,0.0175));
#12346=CARTESIAN_POINT('',(0.000384283647162772,-0.0206903489246671,0.0175));
#12347=CARTESIAN_POINT('',(0.000376762319280628,-0.0217491669023143,0.0175));
#12348=CARTESIAN_POINT('',(0.000387626319175194,-0.0214744012947372,0.0175));
#12349=CARTESIAN_POINT('',(0.000436394783377552,-0.0206918745088407,0.0175));
#12350=CARTESIAN_POINT('',(0.000436394145714977,-0.0206918895786021,0.0175));
#12351=CARTESIAN_POINT('',(0.000387626319175194,-0.0214744012947372,0.0175));
#12352=CARTESIAN_POINT('',(0.000427671254201632,-0.0208595579691699,0.0175));
#12353=CARTESIAN_POINT('',(0.000476293103448286,-0.0206989478952244,0.0175));
#12354=CARTESIAN_POINT('',(0.000476295031481425,-0.0206989412313101,0.0175));
#12355=CARTESIAN_POINT('',(0.000427671254201632,-0.0208595579691699,0.0175));
#12356=CARTESIAN_POINT('',(0.000453916329632056,-0.0207721687893617,0.0175));
#12357=CARTESIAN_POINT('',(0.000505139257294441,-0.020715360362068,0.0175));
#12358=CARTESIAN_POINT('',(0.000505163004600109,-0.0207153350816677,0.0175));
#12359=CARTESIAN_POINT('',(0.000453916329632056,-0.0207721687893617,0.0175));
#12360=CARTESIAN_POINT('',(0.000449245241135855,-0.0207725986212958,0.0175));
#12361=CARTESIAN_POINT('',(0.000524314765694087,-0.0207445380809008,0.0175));
#12362=CARTESIAN_POINT('',(0.00052432391639106,-0.0207445348169451,0.0175));
#12363=CARTESIAN_POINT('',(0.000449245241135855,-0.0207725986212958,0.0175));
#12364=CARTESIAN_POINT('',(0.000354062811808582,-0.0208077257469494,0.0175));
#12365=CARTESIAN_POINT('',(0.000534980106100807,-0.0207901282665772,0.0175));
#12366=CARTESIAN_POINT('',(0.000534968720765053,-0.0207901289647523,0.0175));
#12367=CARTESIAN_POINT('',(0.000354062811808582,-0.0208077257469494,0.0175));
#12368=CARTESIAN_POINT('',(-3.67474722997545E-5,-0.0208504961629919,0.0175));
#12369=CARTESIAN_POINT('',(0.000538190959032812,-0.0208559361710484,0.0175));
#12370=CARTESIAN_POINT('',(0.000538190959032812,-0.0208559361710484,0.0175));
#12371=CARTESIAN_POINT('',(-3.67474722997545E-5,-0.0208504961629919,0.0175));
#12372=CARTESIAN_POINT('',(0.000490678779624865,-0.020896997440406,0.0175));
#12373=CARTESIAN_POINT('',(0.00052343059239612,-0.0208433444469486,0.0175));
#12374=CARTESIAN_POINT('',(0.000523441999254514,-0.0208433235932874,0.0175));
#12375=CARTESIAN_POINT('',(0.000490678779624865,-0.020896997440406,0.0175));
#12376=CARTESIAN_POINT('',(0.000461493423208117,-0.0209485414402133,0.0175));
#12377=CARTESIAN_POINT('',(0.000492871352785156,-0.0208303581516347,0.0175));
#12378=CARTESIAN_POINT('',(0.000492870639175782,-0.0208303629874116,0.0175));
#12379=CARTESIAN_POINT('',(0.000461493423208117,-0.0209485414402133,0.0175));
#12380=CARTESIAN_POINT('',(0.00040606412653669,-0.0211462451937151,0.0175));
#12381=CARTESIAN_POINT('',(0.00044092617152963,-0.0208203559412014,0.0175));
#12382=CARTESIAN_POINT('',(0.000440926841238188,-0.0208203496072178,0.0175));
#12383=CARTESIAN_POINT('',(0.00040606412653669,-0.0211462451937151,0.0175));
#12384=CARTESIAN_POINT('',(0.000369361024389736,-0.0214901905154016,0.0175));
#12385=CARTESIAN_POINT('',(0.00036184792219276,-0.0208164324221917,0.0175));
#12386=CARTESIAN_POINT('',(0.000361846935905845,-0.0208163858139966,0.0175));
#12387=CARTESIAN_POINT('',(0.000369361024389736,-0.0214901905154016,0.0175));
#12388=CARTESIAN_POINT('',(0.000329976964958826,-0.0208167727125728,0.0175000000011278));
#12389=CARTESIAN_POINT('',(0.000299292661361637,-0.020817427117152,0.0175));
#12390=CARTESIAN_POINT('',(0.00029929217424233,-0.0208173546371114,0.0175));
#12391=CARTESIAN_POINT('',(0.000329976964958826,-0.0208167727125728,0.0175));
#12392=CARTESIAN_POINT('',(0.000310881164231016,-0.0212306689238731,0.0175));
#12393=CARTESIAN_POINT('',(0.000245192307692318,-0.0208225663744463,0.0175));
#12394=CARTESIAN_POINT('',(0.000245193259523614,-0.0208225730037506,0.0175));
#12395=CARTESIAN_POINT('',(0.000310881164231016,-0.0212306689238731,0.0175));
#12396=CARTESIAN_POINT('',(0.000276958324063743,-0.0210256961406133,0.0175));
#12397=CARTESIAN_POINT('',(0.000201149425287366,-0.0208346684964623,0.0175));
#12398=CARTESIAN_POINT('',(0.000201147041662999,-0.0208346623300091,0.0175));
#12399=CARTESIAN_POINT('',(0.000276958324063743,-0.0210256961406133,0.0175));
#12400=CARTESIAN_POINT('',(0.000236536386159689,-0.0209231854157834,0.0175));
#12401=CARTESIAN_POINT('',(0.000168213969938117,-0.0208567728289115,0.0175));
#12402=CARTESIAN_POINT('',(0.000168198325563491,-0.0208567579259493,0.0175));
#12403=CARTESIAN_POINT('',(0.000236536386159689,-0.0209231854157834,0.0175));
#12404=CARTESIAN_POINT('',(0.000236242288694521,-0.0209204092449987,0.0175));
#12405=CARTESIAN_POINT('',(0.00014749115826703,-0.0208918081958433,0.0175));
#12406=CARTESIAN_POINT('',(0.000147459832809225,-0.0208917992795801,0.0175));
#12407=CARTESIAN_POINT('',(0.000236242288694521,-0.0209204092449987,0.0175));
#12408=CARTESIAN_POINT('',(0.000300950951467512,-0.0209385581450459,0.0175));
#12409=CARTESIAN_POINT('',(0.000140472128810958,-0.020942905598579,0.0175));
#12410=CARTESIAN_POINT('',(0.000140472029184929,-0.0209429018565917,0.0175));
#12411=CARTESIAN_POINT('',(0.000300950951467512,-0.0209385581450459,0.0175));
#12412=CARTESIAN_POINT('',(0.000231833887795044,-0.0209455657458282,0.0175));
#12413=CARTESIAN_POINT('',(0.000153348806366057,-0.0209922171259937,0.0175));
#12414=CARTESIAN_POINT('',(0.000153282319048387,-0.0209922590727582,0.0175));
#12415=CARTESIAN_POINT('',(0.000231833887795044,-0.0209455657458282,0.0175));
#12416=CARTESIAN_POINT('',(0.000231334338332832,-0.0209390167580503,0.0175));
#12417=CARTESIAN_POINT('',(0.000194297082228126,-0.0210262025371343,0.0175));
#12418=CARTESIAN_POINT('',(0.000194293869979469,-0.0210262086477862,0.0175));
#12419=CARTESIAN_POINT('',(0.000231334338332832,-0.0209390167580503,0.0175));
#12420=CARTESIAN_POINT('',(0.000296891132211973,-0.0207875596660718,0.0175));
#12421=CARTESIAN_POINT('',(0.000266467727674634,-0.021045875393014,0.0175));
#12422=CARTESIAN_POINT('',(0.000266469464410462,-0.0210458520111506,0.0175));
#12423=CARTESIAN_POINT('',(0.000296891132211973,-0.0207875596660718,0.0175));
#12424=CARTESIAN_POINT('',(0.000364221983590143,-0.0202846091434961,0.0175));
#12425=CARTESIAN_POINT('',(0.000373231653404077,-0.0210522856494243,0.0175));
#12426=CARTESIAN_POINT('',(0.0003732315340262,-0.0210522262130595,0.0175));
#12427=CARTESIAN_POINT('',(0.000364221983590143,-0.0202846091434961,0.0175));
#12428=CARTESIAN_POINT('',(0.000381653463992917,-0.0206111145788097,0.0175));
#12429=CARTESIAN_POINT('',(0.000449049513704696,-0.0210469253488054,0.0175));
#12430=CARTESIAN_POINT('',(0.000449051264479714,-0.0210469365118512,0.0175));
#12431=CARTESIAN_POINT('',(0.000381653463992917,-0.0206111145788097,0.0175));
#12432=CARTESIAN_POINT('',(0.000424889329163954,-0.0208904315889462,0.0175));
#12433=CARTESIAN_POINT('',(0.000495137046861195,-0.0210320601852333,0.0175));
#12434=CARTESIAN_POINT('',(0.000495153592658247,-0.021032096659799,0.0175));
#12435=CARTESIAN_POINT('',(0.000424889329163954,-0.0208904315889462,0.0175));
#12436=CARTESIAN_POINT('',(0.000450348917311299,-0.0209466340242779,0.0175));
#12437=CARTESIAN_POINT('',(0.000450348917311299,-0.0209466340242779,0.0175));
#12438=CARTESIAN_POINT('',(0.000438146756137712,-0.020820873836436,0.0175));
#12439=CARTESIAN_POINT('',(0.000438146756137712,-0.020820873836436,0.018));
#12440=CARTESIAN_POINT('',(0.000438146756137712,-0.020820873836436,0.0175));
#12441=CARTESIAN_POINT('',(-1.7347234759768E-18,-0.0216,0.0175));
#12442=CARTESIAN_POINT('',(0.000941409829617882,-0.0202016321197669,0.0175));
#12443=CARTESIAN_POINT('',(0.000941409829617882,-0.0202016321197669,0.018));
#12444=CARTESIAN_POINT('',(0.000936118596665317,-0.020999770373205,0.018));
#12445=CARTESIAN_POINT('',(0.00100292818066915,-0.0209973437544546,0.018));
#12446=CARTESIAN_POINT('',(0.00093611847922194,-0.0209997878598575,0.0175));
#12447=CARTESIAN_POINT('',(0.000936118596665317,-0.020999770373205,0.0175));
#12448=CARTESIAN_POINT('',(0.000941409829617882,-0.0202016321197669,0.0175));
#12449=CARTESIAN_POINT('',(0.00100292825802629,-0.0209973437490847,0.01750000025));
#12450=CARTESIAN_POINT('',(0.00100292882404953,-0.0209973563832881,0.0175));
#12451=CARTESIAN_POINT('',(0.000932366866868965,-0.0199912305224369,0.0175));
#12452=CARTESIAN_POINT('',(0.000932366866868965,-0.0199912305224369,0.018));
#12453=CARTESIAN_POINT('',(0.000877045155883161,-0.0209982274664843,0.018));
#12454=CARTESIAN_POINT('',(0.000877044650751559,-0.020998240556586,0.0175));
#12455=CARTESIAN_POINT('',(0.000877045155883161,-0.0209982274664843,0.0175));
#12456=CARTESIAN_POINT('',(0.000932366866868965,-0.0199912305224369,0.0175));
#12457=CARTESIAN_POINT('',(0.000888140403046097,-0.0207624137103741,0.0175));
#12458=CARTESIAN_POINT('',(0.000888140403046097,-0.0207624137103741,0.018));
#12459=CARTESIAN_POINT('',(0.000831455082448997,-0.020991495485903,0.018));
#12460=CARTESIAN_POINT('',(0.000831454465075166,-0.0209914987351891,0.0175));
#12461=CARTESIAN_POINT('',(0.000831455082448997,-0.020991495485903,0.0175));
#12462=CARTESIAN_POINT('',(0.000888140403046097,-0.0207624137103741,0.0175));
#12463=CARTESIAN_POINT('',(0.000854246783715586,-0.0208975537820037,0.0175));
#12464=CARTESIAN_POINT('',(0.000854246783715586,-0.0208975537820037,0.018));
#12465=CARTESIAN_POINT('',(0.000798116402249723,-0.0209761581583923,0.018));
#12466=CARTESIAN_POINT('',(0.000798132183908058,-0.0209761362241369,0.0175));
#12467=CARTESIAN_POINT('',(0.000798116402249723,-0.0209761581583923,0.0175));
#12468=CARTESIAN_POINT('',(0.000854246783715586,-0.0208975537820037,0.0175));
#12469=CARTESIAN_POINT('',(0.000844383089061963,-0.0209156951831818,0.0175));
#12470=CARTESIAN_POINT('',(0.000844383089061963,-0.0209156951831818,0.018));
#12471=CARTESIAN_POINT('',(0.000775842789085404,-0.0209490118476842,0.018));
#12472=CARTESIAN_POINT('',(0.000775862068965529,-0.0209490031560555,0.0175));
#12473=CARTESIAN_POINT('',(0.000775842789085404,-0.0209490118476842,0.0175));
#12474=CARTESIAN_POINT('',(0.000844383089061963,-0.0209156951831818,0.0175));
#12475=CARTESIAN_POINT('',(0.000905498889802239,-0.0208877903379529,0.0175));
#12476=CARTESIAN_POINT('',(0.000905498889802239,-0.0208877903379529,0.018));
#12477=CARTESIAN_POINT('',(0.000763268678531978,-0.020907004435614,0.018));
#12478=CARTESIAN_POINT('',(0.000763262599469507,-0.0209070049244021,0.0175));
#12479=CARTESIAN_POINT('',(0.000763268678531978,-0.020907004435614,0.0175));
#12480=CARTESIAN_POINT('',(0.000905498889802239,-0.0208877903379529,0.0175));
#12481=CARTESIAN_POINT('',(0.00115395350321841,-0.0208517906256298,0.0175));
#12482=CARTESIAN_POINT('',(0.00115395350321841,-0.0208517906256298,0.018));
#12483=CARTESIAN_POINT('',(0.000759342997949485,-0.0208468920992741,0.018));
#12484=CARTESIAN_POINT('',(0.000759342954907229,-0.0208468955448132,0.0175));
#12485=CARTESIAN_POINT('',(0.000759342997949485,-0.0208468920992741,0.0175));
#12486=CARTESIAN_POINT('',(0.00115395350321841,-0.0208517906256298,0.0175));
#12487=CARTESIAN_POINT('',(0.00116848465520603,-0.020841895921956,0.0175));
#12488=CARTESIAN_POINT('',(0.00116848465520603,-0.020841895921956,0.018));
#12489=CARTESIAN_POINT('',(0.000763271032586498,-0.0207856528877559,0.018));
#12490=CARTESIAN_POINT('',(0.000763262599469507,-0.0207856521392562,0.0175));
#12491=CARTESIAN_POINT('',(0.000763271032586498,-0.0207856528877559,0.0175));
#12492=CARTESIAN_POINT('',(0.00116848465520603,-0.020841895921956,0.0175));
#12493=CARTESIAN_POINT('',(0.000909837760208407,-0.0208049135723922,0.0175));
#12494=CARTESIAN_POINT('',(0.000909837760208407,-0.0208049135723922,0.018));
#12495=CARTESIAN_POINT('',(0.00077584197100143,-0.0207428162583132,0.018));
#12496=CARTESIAN_POINT('',(0.000775862068965529,-0.020742824995136,0.0175));
#12497=CARTESIAN_POINT('',(0.00077584197100143,-0.0207428162583132,0.0175));
#12498=CARTESIAN_POINT('',(0.000909837760208407,-0.0208049135723922,0.0175));
#12499=CARTESIAN_POINT('',(0.000845982789230763,-0.020776314841642,0.0175));
#12500=CARTESIAN_POINT('',(0.000845982789230763,-0.020776314841642,0.018));
#12501=CARTESIAN_POINT('',(0.000798439394387311,-0.0207149062072715,0.018));
#12502=CARTESIAN_POINT('',(0.000798439394387308,-0.0207149062072715,0.0175));
#12503=CARTESIAN_POINT('',(0.000798439394387311,-0.0207149062072715,0.0175));
#12504=CARTESIAN_POINT('',(0.000845982789230763,-0.020776314841642,0.0175));
#12505=CARTESIAN_POINT('',(0.000856275016299222,-0.0207947467604409,0.0175));
#12506=CARTESIAN_POINT('',(0.000856275016299222,-0.0207947467604409,0.018));
#12507=CARTESIAN_POINT('',(0.000831454615420593,-0.0206992805113387,0.018));
#12508=CARTESIAN_POINT('',(0.000831454465075166,-0.0206992794602112,0.0175));
#12509=CARTESIAN_POINT('',(0.000831454615420593,-0.0206992805113387,0.0175));
#12510=CARTESIAN_POINT('',(0.000856275016299222,-0.0207947467604409,0.0175));
#12511=CARTESIAN_POINT('',(0.000887145473563105,-0.0209108468470418,0.0175));
#12512=CARTESIAN_POINT('',(0.000887145473563105,-0.0209108468470418,0.018));
#12513=CARTESIAN_POINT('',(0.00087704513847356,-0.0206922206665379,0.018));
#12514=CARTESIAN_POINT('',(0.000877044650751559,-0.0206922060738274,0.0175));
#12515=CARTESIAN_POINT('',(0.00087704513847356,-0.0206922206665379,0.0175));
#12516=CARTESIAN_POINT('',(0.000887145473563105,-0.0209108468470418,0.0175));
#12517=CARTESIAN_POINT('',(0.000932366866868952,-0.0216992161079757,0.0175));
#12518=CARTESIAN_POINT('',(0.000932366866868952,-0.0216992161079757,0.018));
#12519=CARTESIAN_POINT('',(0.000936118506180149,-0.0206906762564118,0.018));
#12520=CARTESIAN_POINT('',(0.00093611847922194,-0.020690658770556,0.0175));
#12521=CARTESIAN_POINT('',(0.000936118506180149,-0.0206906762564118,0.0175));
#12522=CARTESIAN_POINT('',(0.000932366866868952,-0.0216992161079757,0.0175));
#12523=CARTESIAN_POINT('',(0.000941409829617955,-0.0214888145106459,0.0175));
#12524=CARTESIAN_POINT('',(0.000941409829617955,-0.0214888145106459,0.018));
#12525=CARTESIAN_POINT('',(0.00100292813487922,-0.0206931038576568,0.018));
#12526=CARTESIAN_POINT('',(0.00100292882404953,-0.0206930902471254,0.0175));
#12527=CARTESIAN_POINT('',(0.00100292813487922,-0.0206931038576568,0.0175));
#12528=CARTESIAN_POINT('',(0.000941409829617955,-0.0214888145106459,0.0175));
#12529=CARTESIAN_POINT('',(0.000987679894340534,-0.0209144173854977,0.0175));
#12530=CARTESIAN_POINT('',(0.000987679894340534,-0.0209144173854977,0.018));
#12531=CARTESIAN_POINT('',(0.00105078469334412,-0.0207018776198505,0.018));
#12532=CARTESIAN_POINT('',(0.00105078470380196,-0.020701876719274,0.0175));
#12533=CARTESIAN_POINT('',(0.00105078469334412,-0.0207018776198505,0.0175));
#12534=CARTESIAN_POINT('',(0.000987679894340534,-0.0209144173854977,0.0175));
#12535=CARTESIAN_POINT('',(0.00102678589062172,-0.0207840189351486,0.0175));
#12536=CARTESIAN_POINT('',(0.00102678589062172,-0.0207840189351486,0.018));
#12537=CARTESIAN_POINT('',(0.00108280528310093,-0.0207194764641839,0.018));
#12538=CARTESIAN_POINT('',(0.00108278072502212,-0.0207195049244021,0.0175));
#12539=CARTESIAN_POINT('',(0.00108280528310093,-0.0207194764641839,0.0175));
#12540=CARTESIAN_POINT('',(0.00102678589062172,-0.0207840189351486,0.0175));
#12541=CARTESIAN_POINT('',(0.00103155576478364,-0.0207740902062793,0.0175));
#12542=CARTESIAN_POINT('',(0.00103155576478364,-0.0207740902062793,0.018));
#12543=CARTESIAN_POINT('',(0.00110175195662769,-0.0207478479402074,0.018));
#12544=CARTESIAN_POINT('',(0.00110173519009727,-0.0207478537307682,0.0175));
#12545=CARTESIAN_POINT('',(0.00110175195662769,-0.0207478479402074,0.0175));
#12546=CARTESIAN_POINT('',(0.00103155576478364,-0.0207740902062793,0.0175));
#12547=CARTESIAN_POINT('',(0.00095694119070974,-0.0208003618243075,0.0175));
#12548=CARTESIAN_POINT('',(0.00095694119070974,-0.0208003618243075,0.018));
#12549=CARTESIAN_POINT('',(0.00111067098435651,-0.0207890791409345,0.018));
#12550=CARTESIAN_POINT('',(0.00111068744473918,-0.0207890783107859,0.0175));
#12551=CARTESIAN_POINT('',(0.00111067098435651,-0.0207890791409345,0.0175));
#12552=CARTESIAN_POINT('',(0.00095694119070974,-0.0208003618243075,0.0175));
#12553=CARTESIAN_POINT('',(0.000491628252554277,-0.0208415057632392,0.0175));
#12554=CARTESIAN_POINT('',(0.000491628252554277,-0.0208415057632392,0.018));
#12555=CARTESIAN_POINT('',(0.0011129225935162,-0.0208457204605739,0.018));
#12556=CARTESIAN_POINT('',(0.00111292222256171,-0.0208457204631554,0.0175));
#12557=CARTESIAN_POINT('',(0.0011129225935162,-0.0208457204605739,0.0175));
#12558=CARTESIAN_POINT('',(0.000491628252554277,-0.0208415057632392,0.0175));
#12559=CARTESIAN_POINT('',(0.000496943592828936,-0.0208500072379651,0.0175));
#12560=CARTESIAN_POINT('',(0.000496943592828936,-0.0208500072379651,0.018));
#12561=CARTESIAN_POINT('',(0.00111067275393493,-0.0209021964014455,0.018));
#12562=CARTESIAN_POINT('',(0.00111068744473918,-0.0209021972320944,0.0175));
#12563=CARTESIAN_POINT('',(0.00111067275393493,-0.0209021964014455,0.0175));
#12564=CARTESIAN_POINT('',(0.000496943592828936,-0.0208500072379651,0.0175));
#12565=CARTESIAN_POINT('',(0.000956632572263362,-0.020890685041144,0.0175));
#12566=CARTESIAN_POINT('',(0.000956632572263362,-0.020890685041144,0.018));
#12567=CARTESIAN_POINT('',(0.00110174812471514,-0.0209433157081804,0.018));
#12568=CARTESIAN_POINT('',(0.00110173519009727,-0.0209433112904499,0.0175));
#12569=CARTESIAN_POINT('',(0.00110174812471514,-0.0209433157081804,0.0175));
#12570=CARTESIAN_POINT('',(0.000956632572263362,-0.020890685041144,0.0175));
#12571=CARTESIAN_POINT('',(0.00103336598282156,-0.020917992224364,0.0175));
#12572=CARTESIAN_POINT('',(0.00103336598282156,-0.020917992224364,0.018));
#12573=CARTESIAN_POINT('',(0.00108280611774611,-0.020971523065666,0.018));
#12574=CARTESIAN_POINT('',(0.00108278072502212,-0.0209714943143226,0.0175));
#12575=CARTESIAN_POINT('',(0.00108280611774611,-0.020971523065666,0.0175));
#12576=CARTESIAN_POINT('',(0.00103336598282156,-0.020917992224364,0.0175));
#12577=CARTESIAN_POINT('',(0.00102742736171086,-0.0209063180054086,0.0175));
#12578=CARTESIAN_POINT('',(0.00102742736171086,-0.0209063180054086,0.018));
#12579=CARTESIAN_POINT('',(0.00105078432898904,-0.0209887332780083,0.018));
#12580=CARTESIAN_POINT('',(0.00105078470380196,-0.020988735693633,0.0175));
#12581=CARTESIAN_POINT('',(0.00105078432898904,-0.0209887332780083,0.0175));
#12582=CARTESIAN_POINT('',(0.00102742736171086,-0.0209063180054086,0.0175));
#12583=CARTESIAN_POINT('',(0.000928505378665724,-0.0206363982783672,0.0175));
#12584=CARTESIAN_POINT('',(0.00093611847922194,-0.0210516225194508,0.0175));
#12585=CARTESIAN_POINT('',(0.000936118018689904,-0.0210515462783385,0.0175));
#12586=CARTESIAN_POINT('',(0.000928505378665724,-0.0206363982783672,0.0175));
#12587=CARTESIAN_POINT('',(0.000856868570812951,-0.0210452479993735,0.0175000000000032));
#12588=CARTESIAN_POINT('',(0.000856874447391701,-0.0210452122630406,0.0175));
#12589=CARTESIAN_POINT('',(0.000945755310417568,-0.020484243679254,0.0175));
#12590=CARTESIAN_POINT('',(0.00104874005305041,-0.0210419518740043,0.0175));
#12591=CARTESIAN_POINT('',(0.00104873831715325,-0.0210419348403077,0.0175));
#12592=CARTESIAN_POINT('',(0.000945755310417568,-0.020484243679254,0.0175));
#12593=CARTESIAN_POINT('',(0.00101849305360029,-0.0208689474652822,0.0175));
#12594=CARTESIAN_POINT('',(0.00112406056587092,-0.0210087953753305,0.0175));
#12595=CARTESIAN_POINT('',(0.00112412187272327,-0.0210088766795619,0.0175));
#12596=CARTESIAN_POINT('',(0.00101849305360029,-0.0208689474652822,0.0175));
#12597=CARTESIAN_POINT('',(0.00103937652149346,-0.0209072343768174,0.0175));
#12598=CARTESIAN_POINT('',(0.00116616931918657,-0.0209455769845259,0.0175));
#12599=CARTESIAN_POINT('',(0.00116622972418562,-0.020945592918119,0.0175));
#12600=CARTESIAN_POINT('',(0.00103937652149346,-0.0209072343768174,0.0175));
#12601=CARTESIAN_POINT('',(0.000851038445804024,-0.0208550476084699,0.0175));
#12602=CARTESIAN_POINT('',(0.00117903889256849,-0.0208457538603003,0.0175));
#12603=CARTESIAN_POINT('',(0.00117903897473182,-0.0208457509006099,0.0175));
#12604=CARTESIAN_POINT('',(0.000851038445804024,-0.0208550476084699,0.0175));
#12605=CARTESIAN_POINT('',(0.00083877535839258,-0.0208362881310017,0.0175));
#12606=CARTESIAN_POINT('',(0.00116616931918657,-0.0207440407334207,0.0175));
#12607=CARTESIAN_POINT('',(0.00116622628423939,-0.0207440263936419,0.0175));
#12608=CARTESIAN_POINT('',(0.00083877535839258,-0.0208362881310017,0.0175));
#12609=CARTESIAN_POINT('',(0.00103488398645218,-0.0207828170871363,0.0175));
#12610=CARTESIAN_POINT('',(0.00112406056587092,-0.0206792750393447,0.0175));
#12611=CARTESIAN_POINT('',(0.0011241234037798,-0.0206791985803121,0.0175));
#12612=CARTESIAN_POINT('',(0.00103488398645218,-0.0207828170871363,0.0175));
#12613=CARTESIAN_POINT('',(0.00101763822222953,-0.0208156096551209,0.0175));
#12614=CARTESIAN_POINT('',(0.00104874005305041,-0.0206450685848796,0.0175));
#12615=CARTESIAN_POINT('',(0.00104873884760539,-0.0206450817186656,0.0175));
#12616=CARTESIAN_POINT('',(0.00101763822222953,-0.0208156096551209,0.0175));
#12617=CARTESIAN_POINT('',(0.00094573566218536,-0.0211841284304604,0.0175));
#12618=CARTESIAN_POINT('',(0.00093611847922194,-0.0206350663744463,0.0175));
#12619=CARTESIAN_POINT('',(0.000936119775818094,-0.0206351449018196,0.0175));
#12620=CARTESIAN_POINT('',(0.00094573566218536,-0.0211841284304604,0.0175));
#12621=CARTESIAN_POINT('',(0.000928637249722803,-0.0211861037012182,0.0175));
#12622=CARTESIAN_POINT('',(0.000857040229885069,-0.020639874066754,0.0175));
#12623=CARTESIAN_POINT('',(0.000857039088298084,-0.0206398649075034,0.0175));
#12624=CARTESIAN_POINT('',(0.000928637249722803,-0.0211861037012182,0.0175));
#12625=CARTESIAN_POINT('',(0.000893073984564867,-0.0209128972334771,0.0175));
#12626=CARTESIAN_POINT('',(0.00080503978779842,-0.0206521419712633,0.0175));
#12627=CARTESIAN_POINT('',(0.000805039874104939,-0.0206521437529551,0.0175));
#12628=CARTESIAN_POINT('',(0.000893073984564867,-0.0209128972334771,0.0175));
#12629=CARTESIAN_POINT('',(0.000840658507279312,-0.0207600388127425,0.0175));
#12630=CARTESIAN_POINT('',(0.000774314765694088,-0.0206680570906267,0.0175));
#12631=CARTESIAN_POINT('',(0.000774300183724613,-0.0206680350305949,0.0175));
#12632=CARTESIAN_POINT('',(0.000840658507279312,-0.0207600388127425,0.0175));
#12633=CARTESIAN_POINT('',(0.000815386502777804,-0.0207228874391583,0.0175));
#12634=CARTESIAN_POINT('',(0.000759283819628659,-0.020683679910056,0.0175));
#12635=CARTESIAN_POINT('',(0.000759283819628659,-0.020683679910056,0.0175));
#12636=CARTESIAN_POINT('',(0.000815386502777804,-0.0207228874391583,0.0175));
#12637=CARTESIAN_POINT('',(0.000759283819628659,-0.0205986494867364,0.0175));
#12638=CARTESIAN_POINT('',(0.000759283819628659,-0.020513492545976,0.0175));
#12639=CARTESIAN_POINT('',(0.000759283819628659,-0.020513492545976,0.0175));
#12640=CARTESIAN_POINT('',(0.000759283819628659,-0.0205986494867364,0.0175));
#12641=CARTESIAN_POINT('',(0.000726127320954919,-0.020513492545976,0.0175));
#12642=CARTESIAN_POINT('',(0.000692970822281178,-0.020513492545976,0.0175));
#12643=CARTESIAN_POINT('',(0.000692970822281178,-0.020513492545976,0.0175));
#12644=CARTESIAN_POINT('',(0.000726127320954919,-0.020513492545976,0.0175));
#12645=CARTESIAN_POINT('',(0.000692970822281178,-0.0207787445353659,0.0175));
#12646=CARTESIAN_POINT('',(0.000692970822281178,-0.0210439965247558,0.0175));
#12647=CARTESIAN_POINT('',(0.000692970822281178,-0.0210439965247558,0.0175));
#12648=CARTESIAN_POINT('',(0.000692970822281178,-0.0207787445353659,0.0175));
#12649=CARTESIAN_POINT('',(0.000726127320954919,-0.0210439965247558,0.0175));
#12650=CARTESIAN_POINT('',(0.000759283819628659,-0.0210439965247558,0.0175));
#12651=CARTESIAN_POINT('',(0.000759283819628659,-0.0210439965247558,0.0175));
#12652=CARTESIAN_POINT('',(0.000726127320954919,-0.0210439965247558,0.0175));
#12653=CARTESIAN_POINT('',(0.000759283819628659,-0.0210134372851448,0.0175));
#12654=CARTESIAN_POINT('',(0.000759283819628659,-0.0209830718146381,0.0175000000011278));
#12655=CARTESIAN_POINT('',(0.000759283819628659,-0.0209830718146381,0.0175));
#12656=CARTESIAN_POINT('',(0.000759283819628659,-0.0210134372851448,0.0175));
#12657=CARTESIAN_POINT('',(0.000766236504723358,-0.0209942690479072,0.0175000000011278));
#12658=CARTESIAN_POINT('',(0.000774812113174194,-0.0210079112020326,0.0175));
#12659=CARTESIAN_POINT('',(0.000774774295796571,-0.0210079347812186,0.0175));
#12660=CARTESIAN_POINT('',(0.000766236504723358,-0.0209942690479072,0.0175));
#12661=CARTESIAN_POINT('',(0.000824039736142676,-0.0209752824367819,0.0175));
#12662=CARTESIAN_POINT('',(0.000805205570291789,-0.0210313970552598,0.0175));
#12663=CARTESIAN_POINT('',(0.000805205972412964,-0.0210313944316133,0.0175));
#12664=CARTESIAN_POINT('',(0.000824039736142676,-0.0209752824367819,0.0175));
#12665=CARTESIAN_POINT('',(0.000924391969715392,-0.0206855733945465,0.0175));
#12666=CARTESIAN_POINT('',(0.000924391969715392,-0.0206855733945465,0.0175));
#12667=CARTESIAN_POINT('',(0.000987029214951212,-0.0207683075663647,0.0175));
#12668=CARTESIAN_POINT('',(0.000987029214951212,-0.0207683075663647,0.018));
#12669=CARTESIAN_POINT('',(0.000987029214951212,-0.0207683075663647,0.0175));
#12670=CARTESIAN_POINT('',(-1.7347234759768E-18,-0.0216,0.0175));
#12671=CARTESIAN_POINT('',(0.00131189213085766,-0.020513492545976,0.0175));
#12672=CARTESIAN_POINT('',(0.00127873563218392,-0.020513492545976,0.0175));
#12673=CARTESIAN_POINT('',(0.00127873563218392,-0.020513492545976,0.0175));
#12674=CARTESIAN_POINT('',(0.00131189213085766,-0.020513492545976,0.0175));
#12675=CARTESIAN_POINT('',(0.0013450486295314,-0.020513492545976,0.0175));
#12676=CARTESIAN_POINT('',(0.0013450486295314,-0.020513492545976,0.0175));
#12677=CARTESIAN_POINT('',(0.00127873563218392,-0.0207787445353659,0.0175));
#12678=CARTESIAN_POINT('',(0.00127873563218392,-0.0210439965247558,0.0175));
#12679=CARTESIAN_POINT('',(0.00127873563218392,-0.0210439965247558,0.0175));
#12680=CARTESIAN_POINT('',(0.00127873563218392,-0.0207787445353659,0.0175));
#12681=CARTESIAN_POINT('',(0.00131189213085766,-0.0210439965247558,0.0175));
#12682=CARTESIAN_POINT('',(0.0013450486295314,-0.0210439965247558,0.0175));
#12683=CARTESIAN_POINT('',(0.0013450486295314,-0.0210439965247558,0.0175));
#12684=CARTESIAN_POINT('',(0.00131189213085766,-0.0210439965247558,0.0175));
#12685=CARTESIAN_POINT('',(0.0013450486295314,-0.0207787445353659,0.0175));
#12686=CARTESIAN_POINT('',(0.0013450486295314,-0.0207787445353659,0.0175));
#12687=CARTESIAN_POINT('',(-1.7347234759768E-18,-0.0216,0.0175));
#12688=CARTESIAN_POINT('',(0.000165575527306495,-0.020840817179661,0.0175));
#12689=CARTESIAN_POINT('',(-0.0004107614284533,-0.0208457202422824,0.0175));
#12690=CARTESIAN_POINT('',(-0.000410761432031678,-0.0208457206575022,0.0175));
#12691=CARTESIAN_POINT('',(0.000165575527306495,-0.020840817179661,0.0175));
#12692=CARTESIAN_POINT('',(-0.000406652927189234,-0.0207725010060669,0.01750000025));
#12693=CARTESIAN_POINT('',(-0.000406664456233415,-0.020772500061449,0.0175));
#12694=CARTESIAN_POINT('',(0.00013245151840265,-0.020850402085,0.0175));
#12695=CARTESIAN_POINT('',(-0.000406664456233415,-0.0209167308306798,0.0175));
#12696=CARTESIAN_POINT('',(-0.000406653007468402,-0.0209167297657607,0.0175));
#12697=CARTESIAN_POINT('',(0.00013245151840265,-0.020850402085,0.0175));
#12698=CARTESIAN_POINT('',(-0.000219930140784728,-0.0208950326869739,0.0175));
#12699=CARTESIAN_POINT('',(-0.000391965075154723,-0.0209704443585312,0.0175));
#12700=CARTESIAN_POINT('',(-0.000391986210429884,-0.0209704532348402,0.0175));
#12701=CARTESIAN_POINT('',(-0.000219930140784728,-0.0208950326869739,0.0175));
#12702=CARTESIAN_POINT('',(-0.000288743331620544,-0.020923961439477,0.0175));
#12703=CARTESIAN_POINT('',(-0.000363616268788675,-0.0210087953753305,0.0175));
#12704=CARTESIAN_POINT('',(-0.000363642964567276,-0.0210088267754688,0.0175));
#12705=CARTESIAN_POINT('',(-0.000288743331620544,-0.020923961439477,0.0175));
#12706=CARTESIAN_POINT('',(-0.000276338570042625,-0.0209041822900146,0.0175));
#12707=CARTESIAN_POINT('',(-0.00031874447391688,-0.0210338285318292,0.0175));
#12708=CARTESIAN_POINT('',(-0.000318745275593023,-0.021033830629442,0.0175));
#12709=CARTESIAN_POINT('',(-0.000276338570042625,-0.0209041822900146,0.0175));
#12710=CARTESIAN_POINT('',(-0.000226304077597617,-0.0207528328282912,0.0175));
#12711=CARTESIAN_POINT('',(-0.000254365605658701,-0.0210474779571166,0.0175));
#12712=CARTESIAN_POINT('',(-0.000254364865954695,-0.0210474673415568,0.0175));
#12713=CARTESIAN_POINT('',(-0.000226304077597617,-0.0207528328282912,0.0175));
#12714=CARTESIAN_POINT('',(-0.000173612533466873,-0.0202457789446111,0.0175));
#12715=CARTESIAN_POINT('',(-0.000167329796640133,-0.0210516225194508,0.0175));
#12716=CARTESIAN_POINT('',(-0.000167329087121738,-0.0210515411647738,0.0175));
#12717=CARTESIAN_POINT('',(-0.000173612533466873,-0.0202457789446111,0.0175));
#12718=CARTESIAN_POINT('',(-0.000156248449533115,-0.0204492350005792,0.0175));
#12719=CARTESIAN_POINT('',(-5.81896551724052E-5,-0.0210433333947824,0.0175));
#12720=CARTESIAN_POINT('',(-5.81904738540926E-5,-0.0210433181761969,0.0175));
#12721=CARTESIAN_POINT('',(-0.000156248449533115,-0.0204492350005792,0.0175));
#12722=CARTESIAN_POINT('',(-8.59636819677643E-5,-0.0208632048134585,0.0175));
#12723=CARTESIAN_POINT('',(9.50486295314776E-6,-0.0210179134124658,0.0175));
#12724=CARTESIAN_POINT('',(9.5477651024436E-6,-0.021017988485541,0.0175));
#12725=CARTESIAN_POINT('',(-8.59636819677643E-5,-0.0208632048134585,0.0175));
#12726=CARTESIAN_POINT('',(-3.9760270828599E-5,-0.0209432696200895,0.0175));
#12727=CARTESIAN_POINT('',(4.40428824049605E-5,-0.0209742020950476,0.0175));
#12728=CARTESIAN_POINT('',(4.40998482085632E-5,-0.0209742217771861,0.0175));
#12729=CARTESIAN_POINT('',(-3.9760270828599E-5,-0.0209432696200895,0.0175));
#12730=CARTESIAN_POINT('',(-0.000131385466764652,-0.0209157361255765,0.0175));
#12731=CARTESIAN_POINT('',(5.35980614789005E-5,-0.0209113705300609,0.0175));
#12732=CARTESIAN_POINT('',(5.35980614789003E-5,-0.0209113705300609,0.0175));
#12733=CARTESIAN_POINT('',(-0.000131385466764652,-0.0209157361255765,0.0175));
#12734=CARTESIAN_POINT('',(2.05570291777277E-5,-0.0209113705300609,0.0175));
#12735=CARTESIAN_POINT('',(-1.24890477412298E-5,-0.0209113705300609,0.0175));
#12736=CARTESIAN_POINT('',(-1.24890477412298E-5,-0.0209113705300609,0.0175));
#12737=CARTESIAN_POINT('',(2.05570291777277E-5,-0.0209113705300609,0.0175));
#12738=CARTESIAN_POINT('',(-1.28263297500957E-5,-0.0209245429671217,0.0175000000011278));
#12739=CARTESIAN_POINT('',(-1.32625994694871E-5,-0.0209371220773642,0.0175));
#12740=CARTESIAN_POINT('',(-1.3215328083102E-5,-0.0209371226108556,0.0175));
#12741=CARTESIAN_POINT('',(-1.28263297500957E-5,-0.0209245429671217,0.0175));
#12742=CARTESIAN_POINT('',(-7.5717522926352E-5,-0.0209344175644118,0.0175));
#12743=CARTESIAN_POINT('',(-1.83224997644307E-5,-0.0209591418439097,0.0175));
#12744=CARTESIAN_POINT('',(-1.83224997644307E-5,-0.0209591418439097,0.0175));
#12745=CARTESIAN_POINT('',(-7.5717522926352E-5,-0.0209344175644118,0.0175));
#12746=CARTESIAN_POINT('',(-6.04069404634227E-5,-0.0209397402933543,0.0175));
#12747=CARTESIAN_POINT('',(-3.18854995579048E-5,-0.0209763020066303,0.0175));
#12748=CARTESIAN_POINT('',(-3.18643505915312E-5,-0.0209763324723203,0.0175));
#12749=CARTESIAN_POINT('',(-6.04069404634227E-5,-0.0209397402933543,0.0175));
#12750=CARTESIAN_POINT('',(-7.84481407524342E-5,-0.0209121046205116,0.0175));
#12751=CARTESIAN_POINT('',(-5.85212201591424E-5,-0.0209890672586197,0.0175));
#12752=CARTESIAN_POINT('',(-5.85231561136318E-5,-0.0209890566119584,0.0175));
#12753=CARTESIAN_POINT('',(-7.84481407524342E-5,-0.0209121046205116,0.0175));
#12754=CARTESIAN_POINT('',(-0.000123780932906127,-0.0207505679328404,0.0175));
#12755=CARTESIAN_POINT('',(-0.000102232537577357,-0.0209970248183013,0.0175));
#12756=CARTESIAN_POINT('',(-0.000102232608317738,-0.0209970222134021,0.0175));
#12757=CARTESIAN_POINT('',(-0.000123780932906127,-0.0207505679328404,0.0175));
#12758=CARTESIAN_POINT('',(-0.000161342598780723,-0.0203482522599818,0.0175));
#12759=CARTESIAN_POINT('',(-0.000167636315814054,-0.0209997370500017,0.0175));
#12760=CARTESIAN_POINT('',(-0.000167636315814054,-0.0209997370500017,0.0175));
#12761=CARTESIAN_POINT('',(-0.000161342598780723,-0.0203482522599818,0.0175));
#12762=CARTESIAN_POINT('',(-0.000174158326479494,-0.0202389005548052,0.0175));
#12763=CARTESIAN_POINT('',(-0.000241766136162679,-0.0209966932533147,0.0175));
#12764=CARTESIAN_POINT('',(-0.000241765384506602,-0.0209966782497364,0.0175));
#12765=CARTESIAN_POINT('',(-0.000174158326479494,-0.0202389005548052,0.0175));
#12766=CARTESIAN_POINT('',(-0.000225133610588896,-0.0207878111587008,0.0175));
#12767=CARTESIAN_POINT('',(-0.000291666666666659,-0.0209863042170636,0.0175));
#12768=CARTESIAN_POINT('',(-0.000291667322590725,-0.0209863048767878,0.0175));
#12769=CARTESIAN_POINT('',(-0.000225133610588896,-0.0207878111587008,0.0175));
#12770=CARTESIAN_POINT('',(-0.000267577778873145,-0.020913147436095,0.0175));
#12771=CARTESIAN_POINT('',(-0.000322060123784254,-0.0209672944911573,0.0175));
#12772=CARTESIAN_POINT('',(-0.000322097183996096,-0.0209673318410981,0.0175));
#12773=CARTESIAN_POINT('',(-0.000267577778873145,-0.020913147436095,0.0175));
#12774=CARTESIAN_POINT('',(-0.000269843784195079,-0.0209207328501078,0.0175));
#12775=CARTESIAN_POINT('',(-0.000337588417329789,-0.0209385035981422,0.0175));
#12776=CARTESIAN_POINT('',(-0.000337594650297553,-0.0209385051596544,0.0175));
#12777=CARTESIAN_POINT('',(-0.000269843784195079,-0.0209207328501078,0.0175));
#12778=CARTESIAN_POINT('',(-0.000168572417641086,-0.0208945101819863,0.0175));
#12779=CARTESIAN_POINT('',(-0.000343280282935448,-0.0208984394955781,0.0175));
#12780=CARTESIAN_POINT('',(-0.00034333617614543,-0.0208984402016601,0.0175));
#12781=CARTESIAN_POINT('',(-0.000168572417641086,-0.0208945101819863,0.0175));
#12782=CARTESIAN_POINT('',(-0.000343861975894636,-0.0208731445772478,0.0175000000011278));
#12783=CARTESIAN_POINT('',(-0.000344317487462139,-0.0208457231875615,0.0175000000011278));
#12784=CARTESIAN_POINT('',(-0.000344317263703484,-0.0208457231912048,0.0175));
#12785=CARTESIAN_POINT('',(-0.000343861975894636,-0.0208731445772478,0.0175));
#12786=CARTESIAN_POINT('',(-0.000343861975894636,-0.0208177470482795,0.0175000000011278));
#12787=CARTESIAN_POINT('',(-0.000343280282935448,-0.0207920071348354,0.0175));
#12788=CARTESIAN_POINT('',(-0.000343335978915252,-0.0207920065946088,0.0175));
#12789=CARTESIAN_POINT('',(-0.000343861975894636,-0.0208177470482795,0.0175));
#12790=CARTESIAN_POINT('',(-0.000164808019943214,-0.0207959019388755,0.0175));
#12791=CARTESIAN_POINT('',(-0.000337588417329789,-0.0207514456847912,0.0175));
#12792=CARTESIAN_POINT('',(-0.000337595690551802,-0.0207514439092017,0.0175));
#12793=CARTESIAN_POINT('',(-0.000164808019943214,-0.0207959019388755,0.0175));
#12794=CARTESIAN_POINT('',(-0.00026808855492742,-0.0207695293642102,0.0175));
#12795=CARTESIAN_POINT('',(-0.000322060123784254,-0.0207222679659583,0.0175));
#12796=CARTESIAN_POINT('',(-0.000322097980521832,-0.0207222325245042,0.0175));
#12797=CARTESIAN_POINT('',(-0.00026808855492742,-0.0207695293642102,0.0175));
#12798=CARTESIAN_POINT('',(-0.000269301554150456,-0.0207736212502547,0.0175));
#12799=CARTESIAN_POINT('',(-0.000291666666666659,-0.020703258240052,0.0175));
#12800=CARTESIAN_POINT('',(-0.000291666816493569,-0.0207032594419632,0.0175));
#12801=CARTESIAN_POINT('',(-0.000269301554150456,-0.0207736212502547,0.0175));
#12802=CARTESIAN_POINT('',(-0.000224287187518684,-0.0209104706072722,0.0175));
#12803=CARTESIAN_POINT('',(-0.000241766136162679,-0.0206930902471254,0.0175));
#12804=CARTESIAN_POINT('',(-0.000241765522051399,-0.020693103680588,0.0175));
#12805=CARTESIAN_POINT('',(-0.000224287187518684,-0.0209104706072722,0.0175));
#12806=CARTESIAN_POINT('',(-0.000174158326479544,-0.0214508829456339,0.0175));
#12807=CARTESIAN_POINT('',(-0.000167329796640133,-0.0206899956405826,0.0175));
#12808=CARTESIAN_POINT('',(-0.000167329962776679,-0.0206900224079444,0.0175));
#12809=CARTESIAN_POINT('',(-0.000174158326479544,-0.0214508829456339,0.0175));
#12810=CARTESIAN_POINT('',(-0.000161333854852,-0.0214298497007595,0.0175));
#12811=CARTESIAN_POINT('',(-0.000102232537577357,-0.020692427117152,0.0175));
#12812=CARTESIAN_POINT('',(-0.000102232723225272,-0.0206924318033507,0.0175));
#12813=CARTESIAN_POINT('',(-0.000161333854852,-0.0214298497007595,0.0175));
#12814=CARTESIAN_POINT('',(-0.000121689137219976,-0.0209499826174772,0.0175));
#12815=CARTESIAN_POINT('',(-5.85212201591424E-5,-0.020699666286029,0.0175));
#12816=CARTESIAN_POINT('',(-5.85231654830806E-5,-0.0206996776224356,0.0175));
#12817=CARTESIAN_POINT('',(-0.000121689137219976,-0.0209499826174772,0.0175));
#12818=CARTESIAN_POINT('',(-7.73251836372523E-5,-0.0207789468985092,0.0175));
#12819=CARTESIAN_POINT('',(-3.18854995579048E-5,-0.0207115473647204,0.0175));
#12820=CARTESIAN_POINT('',(-3.18682380453901E-5,-0.020711519316461,0.0175));
#12821=CARTESIAN_POINT('',(-7.73251836372523E-5,-0.0207789468985092,0.0175));
#12822=CARTESIAN_POINT('',(-5.7840064398677E-5,-0.020747608813118,0.0175));
#12823=CARTESIAN_POINT('',(-1.82360742705481E-5,-0.0207276282665772,0.0175));
#12824=CARTESIAN_POINT('',(-1.82208463143756E-5,-0.0207276205833263,0.0175));
#12825=CARTESIAN_POINT('',(-5.7840064398677E-5,-0.020747608813118,0.0175));
#12826=CARTESIAN_POINT('',(-6.66891931096858E-5,-0.0207501911243395,0.0175));
#12827=CARTESIAN_POINT('',(-1.32625994694871E-5,-0.0207476879482748,0.0175));
#12828=CARTESIAN_POINT('',(-1.32154043145513E-5,-0.0207476869145051,0.0175));
#12829=CARTESIAN_POINT('',(-6.66891931096858E-5,-0.0207501911243395,0.0175));
#12830=CARTESIAN_POINT('',(-1.28263297500957E-5,-0.0207593072651346,0.0175000000011278));
#12831=CARTESIAN_POINT('',(-1.24892867637569E-5,-0.0207714501056577,0.0175000000011278));
#12832=CARTESIAN_POINT('',(-1.24892867637569E-5,-0.0207714501056577,0.0175));
#12833=CARTESIAN_POINT('',(-1.28263297500957E-5,-0.0207593072651346,0.0175));
#12834=CARTESIAN_POINT('',(2.05570291777277E-5,-0.0207714501056577,0.0175));
#12835=CARTESIAN_POINT('',(5.35922156868343E-5,-0.0207714501056577,0.0175));
#12836=CARTESIAN_POINT('',(5.3592215686834E-5,-0.0207714501056577,0.0175));
#12837=CARTESIAN_POINT('',(2.05570291777277E-5,-0.0207714501056577,0.0175));
#12838=CARTESIAN_POINT('',(-0.000121684292078171,-0.020767012116527,0.0175));
#12839=CARTESIAN_POINT('',(4.40428824049605E-5,-0.0207101658439424,0.0175));
#12840=CARTESIAN_POINT('',(4.41031176945657E-5,-0.0207101453237499,0.0175));
#12841=CARTESIAN_POINT('',(-0.000121684292078171,-0.020767012116527,0.0175));
#12842=CARTESIAN_POINT('',(-3.79083489527079E-5,-0.0207418738188454,0.0175));
#12843=CARTESIAN_POINT('',(9.50486295314776E-6,-0.02066772552564,0.0175));
#12844=CARTESIAN_POINT('',(9.54365764720756E-6,-0.0206676577360254,0.0175));
#12845=CARTESIAN_POINT('',(-3.79083489527079E-5,-0.0207418738188454,0.0175));
#12846=CARTESIAN_POINT('',(-8.57692439123406E-5,-0.0208259375458304,0.0175));
#12847=CARTESIAN_POINT('',(-5.81896551724052E-5,-0.0206428581516347,0.0175));
#12848=CARTESIAN_POINT('',(-5.81904618492835E-5,-0.0206428742524622,0.0175));
#12849=CARTESIAN_POINT('',(-8.57692439123406E-5,-0.0208259375458304,0.0175));
#12850=CARTESIAN_POINT('',(-0.000156240553049557,-0.021249171329777,0.0175000000000005));
#12851=CARTESIAN_POINT('',(-0.000167329796640133,-0.0206347348094596,0.0175));
#12852=CARTESIAN_POINT('',(-0.000167328097345303,-0.0206348146474054,0.0175));
#12853=CARTESIAN_POINT('',(-0.000156240553049557,-0.021249171329777,0.0175));
#12854=CARTESIAN_POINT('',(-0.000173612533466875,-0.0214405783842989,0.0175));
#12855=CARTESIAN_POINT('',(-0.000254365605658701,-0.0206388793717939,0.0175));
#12856=CARTESIAN_POINT('',(-0.000254364780679492,-0.0206388907565881,0.0175));
#12857=CARTESIAN_POINT('',(-0.000173612533466875,-0.0214405783842989,0.0175));
#12858=CARTESIAN_POINT('',(-0.000227043960837027,-0.0209266860398202,0.0175));
#12859=CARTESIAN_POINT('',(-0.00031874447391688,-0.0206526945795746,0.0175));
#12860=CARTESIAN_POINT('',(-0.000318745622657929,-0.0206526913776317,0.0175));
#12861=CARTESIAN_POINT('',(-0.000227043960837027,-0.0209266860398202,0.0175));
#12862=CARTESIAN_POINT('',(-0.000275458891508225,-0.0207825249936914,0.0175));
#12863=CARTESIAN_POINT('',(-0.000363616268788675,-0.02067805930106,0.0175));
#12864=CARTESIAN_POINT('',(-0.00036364248855341,-0.0206780281063948,0.0175));
#12865=CARTESIAN_POINT('',(-0.000275458891508225,-0.0207825249936914,0.0175));
#12866=CARTESIAN_POINT('',(-0.000287967646915884,-0.0207624245691692,0.0175));
#12867=CARTESIAN_POINT('',(-0.000391965075154723,-0.0207172392303261,0.0175));
#12868=CARTESIAN_POINT('',(-0.000391982669900231,-0.0207172319987554,0.0175));
#12869=CARTESIAN_POINT('',(-0.000287967646915884,-0.0207624245691692,0.0175));
#12870=CARTESIAN_POINT('',(-0.000210046199968422,-0.0207946561772701,0.0175));
#12871=CARTESIAN_POINT('',(-0.000210046199968422,-0.0207946561772701,0.0175));
#12872=CARTESIAN_POINT('',(-1.7347234759768E-18,-0.0216,0.0175));
#12873=CARTESIAN_POINT('',(-0.000531042509829003,-0.020840817179661,0.0175));
#12874=CARTESIAN_POINT('',(-0.00110737946558858,-0.0208457202422824,0.0175));
#12875=CARTESIAN_POINT('',(-0.00110737946916696,-0.0208457206575022,0.0175));
#12876=CARTESIAN_POINT('',(-0.000531042509829003,-0.020840817179661,0.0175));
#12877=CARTESIAN_POINT('',(-0.00110327096432451,-0.0207725010060669,0.01750000025));
#12878=CARTESIAN_POINT('',(-0.00110328249336869,-0.020772500061449,0.0175));
#12879=CARTESIAN_POINT('',(-0.000564166518732453,-0.020850402085,0.0175));
#12880=CARTESIAN_POINT('',(-0.00110328249336869,-0.0209167308306798,0.0175));
#12881=CARTESIAN_POINT('',(-0.00110327104460368,-0.0209167297657607,0.0175));
#12882=CARTESIAN_POINT('',(-0.000564166518732453,-0.020850402085,0.0175));
#12883=CARTESIAN_POINT('',(-0.000916548177920044,-0.0208950326869739,0.0175));
#12884=CARTESIAN_POINT('',(-0.00108858311229,-0.0209704443585312,0.0175));
#12885=CARTESIAN_POINT('',(-0.00108860424756517,-0.0209704532348402,0.0175));
#12886=CARTESIAN_POINT('',(-0.000916548177920044,-0.0208950326869739,0.0175));
#12887=CARTESIAN_POINT('',(-0.000985361368755818,-0.020923961439477,0.0175));
#12888=CARTESIAN_POINT('',(-0.00106023430592396,-0.0210087953753305,0.0175));
#12889=CARTESIAN_POINT('',(-0.00106026100170256,-0.0210088267754688,0.0175));
#12890=CARTESIAN_POINT('',(-0.000985361368755818,-0.020923961439477,0.0175));
#12891=CARTESIAN_POINT('',(-0.000972956607177905,-0.0209041822900146,0.0175));
#12892=CARTESIAN_POINT('',(-0.00101536251105216,-0.0210338285318292,0.0175));
#12893=CARTESIAN_POINT('',(-0.0010153633127283,-0.021033830629442,0.0175));
#12894=CARTESIAN_POINT('',(-0.000972956607177905,-0.0209041822900146,0.0175));
#12895=CARTESIAN_POINT('',(-0.000922922114732899,-0.0207528328282912,0.0175));
#12896=CARTESIAN_POINT('',(-0.000950983642793982,-0.0210474779571166,0.0175));
#12897=CARTESIAN_POINT('',(-0.000950982903089976,-0.0210474673415568,0.0175));
#12898=CARTESIAN_POINT('',(-0.000922922114732899,-0.0207528328282912,0.0175));
#12899=CARTESIAN_POINT('',(-0.000870230570602154,-0.0202457789446111,0.0175));
#12900=CARTESIAN_POINT('',(-0.000863947833775414,-0.0210516225194508,0.0175));
#12901=CARTESIAN_POINT('',(-0.000863947124257019,-0.0210515411647738,0.0175));
#12902=CARTESIAN_POINT('',(-0.000870230570602154,-0.0202457789446111,0.0175));
#12903=CARTESIAN_POINT('',(-0.000852866486667926,-0.0204492350005855,0.0175));
#12904=CARTESIAN_POINT('',(-0.000754807692307686,-0.0210433333947824,0.0175));
#12905=CARTESIAN_POINT('',(-0.000754808510989428,-0.0210433181761965,0.0175));
#12906=CARTESIAN_POINT('',(-0.000852866486667926,-0.0204492350005855,0.0175));
#12907=CARTESIAN_POINT('',(-0.00078258171909807,-0.0208632048134627,0.0175));
#12908=CARTESIAN_POINT('',(-0.000687113174182133,-0.0210179134124658,0.0175));
#12909=CARTESIAN_POINT('',(-0.00068707027203269,-0.0210179884855413,0.0175));
#12910=CARTESIAN_POINT('',(-0.00078258171909807,-0.0208632048134627,0.0175));
#12911=CARTESIAN_POINT('',(-0.0007363783079641,-0.0209432696200896,0.0175));
#12912=CARTESIAN_POINT('',(-0.00065257515473032,-0.0209742020950476,0.0175));
#12913=CARTESIAN_POINT('',(-0.000652518188926717,-0.0209742217771861,0.0175));
#12914=CARTESIAN_POINT('',(-0.0007363783079641,-0.0209432696200896,0.0175));
#12915=CARTESIAN_POINT('',(-0.000828003503899937,-0.0209157361255765,0.0175));
#12916=CARTESIAN_POINT('',(-0.00064301997565638,-0.0209113705300609,0.0175));
#12917=CARTESIAN_POINT('',(-0.00064301997565638,-0.0209113705300609,0.0175));
#12918=CARTESIAN_POINT('',(-0.000828003503899937,-0.0209157361255765,0.0175));
#12919=CARTESIAN_POINT('',(-0.000676061007957553,-0.0209113705300609,0.0175));
#12920=CARTESIAN_POINT('',(-0.000709107084876511,-0.0209113705300609,0.0175));
#12921=CARTESIAN_POINT('',(-0.000709107084876511,-0.0209113705300609,0.0175));
#12922=CARTESIAN_POINT('',(-0.000676061007957553,-0.0209113705300609,0.0175));
#12923=CARTESIAN_POINT('',(-0.000709444366885377,-0.0209245429671217,0.0175000000011278));
#12924=CARTESIAN_POINT('',(-0.000709880636604768,-0.0209371220773642,0.0175));
#12925=CARTESIAN_POINT('',(-0.000709833365218382,-0.0209371226108556,0.0175));
#12926=CARTESIAN_POINT('',(-0.000709444366885377,-0.0209245429671217,0.0175));
#12927=CARTESIAN_POINT('',(-0.000772335560061649,-0.0209344175644118,0.0175));
#12928=CARTESIAN_POINT('',(-0.000714940536899846,-0.02095914184391,0.0175));
#12929=CARTESIAN_POINT('',(-0.000714940536899846,-0.02095914184391,0.0175));
#12930=CARTESIAN_POINT('',(-0.000772335560061649,-0.0209344175644118,0.0175));
#12931=CARTESIAN_POINT('',(-0.000757024977598147,-0.0209397402933546,0.0175));
#12932=CARTESIAN_POINT('',(-0.000728503536693186,-0.0209763020066303,0.0175));
#12933=CARTESIAN_POINT('',(-0.000728482387726844,-0.0209763324723202,0.0175));
#12934=CARTESIAN_POINT('',(-0.000757024977598147,-0.0209397402933546,0.0175));
#12935=CARTESIAN_POINT('',(-0.000775066177895502,-0.0209121046204983,0.0175));
#12936=CARTESIAN_POINT('',(-0.000755139257294423,-0.0209890672586197,0.0175));
#12937=CARTESIAN_POINT('',(-0.000755141193248862,-0.0209890566119586,0.0175));
#12938=CARTESIAN_POINT('',(-0.000775066177895502,-0.0209121046204983,0.0175));
#12939=CARTESIAN_POINT('',(-0.000820398970041407,-0.0207505679328404,0.0175));
#12940=CARTESIAN_POINT('',(-0.000798850574712638,-0.0209970248183013,0.0175));
#12941=CARTESIAN_POINT('',(-0.000798850645453019,-0.0209970222134021,0.0175));
#12942=CARTESIAN_POINT('',(-0.000820398970041407,-0.0207505679328404,0.0175));
#12943=CARTESIAN_POINT('',(-0.000857960635916004,-0.0203482522599818,0.0175));
#12944=CARTESIAN_POINT('',(-0.000864254352949243,-0.0209997370500017,0.0175));
#12945=CARTESIAN_POINT('',(-0.000864254352949243,-0.0209997370500017,0.0175));
#12946=CARTESIAN_POINT('',(-0.000857960635916004,-0.0203482522599818,0.0175));
#12947=CARTESIAN_POINT('',(-0.000870776363614776,-0.0202389005548052,0.0175));
#12948=CARTESIAN_POINT('',(-0.000938384173297961,-0.0209966932533147,0.0175));
#12949=CARTESIAN_POINT('',(-0.000938383421641886,-0.0209966782497364,0.0175));
#12950=CARTESIAN_POINT('',(-0.000870776363614776,-0.0202389005548052,0.0175));
#12951=CARTESIAN_POINT('',(-0.000921751647722895,-0.0207878111586961,0.0175));
#12952=CARTESIAN_POINT('',(-0.00098828470380194,-0.0209863042170636,0.0175));
#12953=CARTESIAN_POINT('',(-0.000988285359726025,-0.0209863048767878,0.0175));
#12954=CARTESIAN_POINT('',(-0.000921751647722895,-0.0207878111586961,0.0175));
#12955=CARTESIAN_POINT('',(-0.000964195816004123,-0.0209131474360881,0.0175));
#12956=CARTESIAN_POINT('',(-0.00101867816091953,-0.0209672944911573,0.0175));
#12957=CARTESIAN_POINT('',(-0.00101871522113142,-0.0209673318410982,0.0175));
#12958=CARTESIAN_POINT('',(-0.000964195816004123,-0.0209131474360881,0.0175));
#12959=CARTESIAN_POINT('',(-0.000966461821331059,-0.0209207328501083,0.0175));
#12960=CARTESIAN_POINT('',(-0.00103420645446507,-0.0209385035981422,0.0175));
#12961=CARTESIAN_POINT('',(-0.00103421268743281,-0.0209385051596544,0.0175));
#12962=CARTESIAN_POINT('',(-0.000966461821331059,-0.0209207328501083,0.0175));
#12963=CARTESIAN_POINT('',(-0.000865190454775332,-0.0208945101819861,0.0175));
#12964=CARTESIAN_POINT('',(-0.00103989832007073,-0.0208984394955781,0.0175));
#12965=CARTESIAN_POINT('',(-0.00103995421328072,-0.0208984402016601,0.0175));
#12966=CARTESIAN_POINT('',(-0.000865190454775332,-0.0208945101819861,0.0175));
#12967=CARTESIAN_POINT('',(-0.00104048001302992,-0.0208731445772478,0.0175000000011278));
#12968=CARTESIAN_POINT('',(-0.00104093552459742,-0.0208457231875615,0.0175000000011278));
#12969=CARTESIAN_POINT('',(-0.00104093530083876,-0.0208457231912048,0.0175));
#12970=CARTESIAN_POINT('',(-0.00104048001302992,-0.0208731445772478,0.0175));
#12971=CARTESIAN_POINT('',(-0.00104048001302992,-0.0208177470482795,0.0175000000011278));
#12972=CARTESIAN_POINT('',(-0.00103989832007073,-0.0207920071348354,0.0175));
#12973=CARTESIAN_POINT('',(-0.00103995401605053,-0.0207920065946088,0.0175));
#12974=CARTESIAN_POINT('',(-0.00104048001302992,-0.0208177470482795,0.0175));
#12975=CARTESIAN_POINT('',(-0.000861426057078408,-0.0207959019388755,0.0175));
#12976=CARTESIAN_POINT('',(-0.00103420645446507,-0.0207514456847912,0.0175));
#12977=CARTESIAN_POINT('',(-0.0010342137276871,-0.0207514439092017,0.0175));
#12978=CARTESIAN_POINT('',(-0.000861426057078408,-0.0207959019388755,0.0175));
#12979=CARTESIAN_POINT('',(-0.000964706592062074,-0.0207695293642106,0.0175));
#12980=CARTESIAN_POINT('',(-0.00101867816091953,-0.0207222679659583,0.0175));
#12981=CARTESIAN_POINT('',(-0.00101871601765716,-0.0207222325245042,0.0175));
#12982=CARTESIAN_POINT('',(-0.000964706592062074,-0.0207695293642106,0.0175));
#12983=CARTESIAN_POINT('',(-0.000965919591293092,-0.0207736212502458,0.0175));
#12984=CARTESIAN_POINT('',(-0.00098828470380194,-0.020703258240052,0.0175));
#12985=CARTESIAN_POINT('',(-0.000988284853628766,-0.0207032594419635,0.0175));
#12986=CARTESIAN_POINT('',(-0.000965919591293092,-0.0207736212502458,0.0175));
#12987=CARTESIAN_POINT('',(-0.000920905224653101,-0.0209104706072765,0.0175));
#12988=CARTESIAN_POINT('',(-0.000938384173297961,-0.0206930902471254,0.0175));
#12989=CARTESIAN_POINT('',(-0.000938383559186681,-0.020693103680588,0.0175));
#12990=CARTESIAN_POINT('',(-0.000920905224653101,-0.0209104706072765,0.0175));
#12991=CARTESIAN_POINT('',(-0.000870776363614826,-0.0214508829456339,0.0175));
#12992=CARTESIAN_POINT('',(-0.000863947833775414,-0.0206899956405826,0.0175));
#12993=CARTESIAN_POINT('',(-0.00086394799991196,-0.0206900224079444,0.0175));
#12994=CARTESIAN_POINT('',(-0.000870776363614826,-0.0214508829456339,0.0175));
#12995=CARTESIAN_POINT('',(-0.000857951891987282,-0.0214298497007595,0.0175));
#12996=CARTESIAN_POINT('',(-0.000798850574712638,-0.020692427117152,0.0175));
#12997=CARTESIAN_POINT('',(-0.000798850760360554,-0.0206924318033507,0.0175));
#12998=CARTESIAN_POINT('',(-0.000857951891987282,-0.0214298497007595,0.0175));
#12999=CARTESIAN_POINT('',(-0.000818307174355256,-0.0209499826174772,0.0175));
#13000=CARTESIAN_POINT('',(-0.000755139257294423,-0.020699666286029,0.0175));
#13001=CARTESIAN_POINT('',(-0.000755141202618362,-0.0206996776224356,0.0175));
#13002=CARTESIAN_POINT('',(-0.000818307174355256,-0.0209499826174772,0.0175));
#13003=CARTESIAN_POINT('',(-0.000773943220772534,-0.0207789468985092,0.0175));
#13004=CARTESIAN_POINT('',(-0.000728503536693186,-0.0207115473647204,0.0175));
#13005=CARTESIAN_POINT('',(-0.000728486275180671,-0.020711519316461,0.0175));
#13006=CARTESIAN_POINT('',(-0.000773943220772534,-0.0207789468985092,0.0175));
#13007=CARTESIAN_POINT('',(-0.000754458101533949,-0.020747608813118,0.0175));
#13008=CARTESIAN_POINT('',(-0.000714854111405829,-0.0207276282665772,0.0175));
#13009=CARTESIAN_POINT('',(-0.000714838883449656,-0.0207276205833263,0.0175));
#13010=CARTESIAN_POINT('',(-0.000754458101533949,-0.020747608813118,0.0175));
#13011=CARTESIAN_POINT('',(-0.000763307230245165,-0.0207501911243396,0.0175));
#13012=CARTESIAN_POINT('',(-0.000709880636604768,-0.0207476879482748,0.0175));
#13013=CARTESIAN_POINT('',(-0.00070983344144983,-0.0207476869145051,0.0175));
#13014=CARTESIAN_POINT('',(-0.000763307230245165,-0.0207501911243396,0.0175));
#13015=CARTESIAN_POINT('',(-0.000709444366885377,-0.0207593072651346,0.0175000000011278));
#13016=CARTESIAN_POINT('',(-0.000709107323899038,-0.0207714501056577,0.0175000000011278));
#13017=CARTESIAN_POINT('',(-0.000709107323899038,-0.0207714501056577,0.0175));
#13018=CARTESIAN_POINT('',(-0.000709444366885377,-0.0207593072651346,0.0175));
#13019=CARTESIAN_POINT('',(-0.000676061007957553,-0.0207714501056577,0.0175));
#13020=CARTESIAN_POINT('',(-0.000643025821448501,-0.0207714501056577,0.0175));
#13021=CARTESIAN_POINT('',(-0.000643025821448501,-0.0207714501056577,0.0175));
#13022=CARTESIAN_POINT('',(-0.000676061007957553,-0.0207714501056577,0.0175));
#13023=CARTESIAN_POINT('',(-0.000818302329208274,-0.0207670121165262,0.0175));
#13024=CARTESIAN_POINT('',(-0.00065257515473032,-0.0207101658439424,0.0175));
#13025=CARTESIAN_POINT('',(-0.000652514919440739,-0.0207101453237499,0.0175));
#13026=CARTESIAN_POINT('',(-0.000818302329208274,-0.0207670121165262,0.0175));
#13027=CARTESIAN_POINT('',(-0.000734526386085393,-0.0207418738188437,0.0175));
#13028=CARTESIAN_POINT('',(-0.000687113174182133,-0.02066772552564,0.0175));
#13029=CARTESIAN_POINT('',(-0.000687074379488042,-0.0206676577360254,0.0175));
#13030=CARTESIAN_POINT('',(-0.000734526386085393,-0.0207418738188437,0.0175));
#13031=CARTESIAN_POINT('',(-0.000782387281057611,-0.0208259375458579,0.0175));
#13032=CARTESIAN_POINT('',(-0.000754807692307686,-0.0206428581516347,0.0175));
#13033=CARTESIAN_POINT('',(-0.000754808498984543,-0.0206428742524621,0.0175));
#13034=CARTESIAN_POINT('',(-0.000782387281057611,-0.0208259375458579,0.0175));
#13035=CARTESIAN_POINT('',(-0.000852858590184839,-0.021249171329777,0.0175000000000005));
#13036=CARTESIAN_POINT('',(-0.000863947833775414,-0.0206347348094596,0.0175));
#13037=CARTESIAN_POINT('',(-0.000863946134480584,-0.0206348146474054,0.0175));
#13038=CARTESIAN_POINT('',(-0.000852858590184839,-0.021249171329777,0.0175));
#13039=CARTESIAN_POINT('',(-0.000870230570602143,-0.0214405783842992,0.0175));
#13040=CARTESIAN_POINT('',(-0.000950983642793982,-0.0206388793717939,0.0175));
#13041=CARTESIAN_POINT('',(-0.000950982817814772,-0.0206388907565881,0.0175));
#13042=CARTESIAN_POINT('',(-0.000870230570602143,-0.0214405783842992,0.0175));
#13043=CARTESIAN_POINT('',(-0.000923661997972614,-0.0209266860398188,0.0175));
#13044=CARTESIAN_POINT('',(-0.00101536251105216,-0.0206526945795746,0.0175));
#13045=CARTESIAN_POINT('',(-0.00101536365979321,-0.0206526913776317,0.0175));
#13046=CARTESIAN_POINT('',(-0.000923661997972614,-0.0209266860398188,0.0175));
#13047=CARTESIAN_POINT('',(-0.000972076928643505,-0.0207825249936914,0.0175));
#13048=CARTESIAN_POINT('',(-0.00106023430592396,-0.02067805930106,0.0175));
#13049=CARTESIAN_POINT('',(-0.00106026052568869,-0.0206780281063948,0.0175));
#13050=CARTESIAN_POINT('',(-0.000972076928643505,-0.0207825249936914,0.0175));
#13051=CARTESIAN_POINT('',(-0.000984585684051483,-0.0207624245691689,0.0175));
#13052=CARTESIAN_POINT('',(-0.00108858311229,-0.0207172392303261,0.0175));
#13053=CARTESIAN_POINT('',(-0.00108860070703551,-0.0207172319987554,0.0175));
#13054=CARTESIAN_POINT('',(-0.000984585684051483,-0.0207624245691689,0.0175));
#13055=CARTESIAN_POINT('',(-0.000906664237103741,-0.0207946561772701,0.0175));
#13056=CARTESIAN_POINT('',(-0.000906664237103741,-0.0207946561772701,0.0175));
#13057=CARTESIAN_POINT('',(-1.7347234759768E-18,-0.0216,0.0175));
#13058=CARTESIAN_POINT('',(-0.0017816091954023,-0.020513492545976,0.0175));
#13059=CARTESIAN_POINT('',(-0.00181476569407604,-0.020513492545976,0.0175));
#13060=CARTESIAN_POINT('',(-0.00181476569407604,-0.020513492545976,0.0175));
#13061=CARTESIAN_POINT('',(-0.0017816091954023,-0.020513492545976,0.0175));
#13062=CARTESIAN_POINT('',(-0.00174845269672856,-0.020513492545976,0.0175));
#13063=CARTESIAN_POINT('',(-0.00174845269672856,-0.020513492545976,0.0175));
#13064=CARTESIAN_POINT('',(-0.00181476569407604,-0.0207787445353659,0.0175));
#13065=CARTESIAN_POINT('',(-0.00181476569407604,-0.0210439965247558,0.0175));
#13066=CARTESIAN_POINT('',(-0.00181476569407604,-0.0210439965247558,0.0175));
#13067=CARTESIAN_POINT('',(-0.00181476569407604,-0.0207787445353659,0.0175));
#13068=CARTESIAN_POINT('',(-0.0017816091954023,-0.0210439965247558,0.0175));
#13069=CARTESIAN_POINT('',(-0.00174845269672856,-0.0210439965247558,0.0175));
#13070=CARTESIAN_POINT('',(-0.00174845269672856,-0.0210439965247558,0.0175));
#13071=CARTESIAN_POINT('',(-0.0017816091954023,-0.0210439965247558,0.0175));
#13072=CARTESIAN_POINT('',(-0.00174845269672856,-0.0207787445353659,0.0175));
#13073=CARTESIAN_POINT('',(-0.00174845269672856,-0.0207787445353659,0.0175));
#13074=CARTESIAN_POINT('',(-1.7347234759768E-18,-0.0216,0.0175));
#13075=CARTESIAN_POINT('',(0.00165692912652987,-0.0206907998310986,0.0175000000011278));
#13076=CARTESIAN_POINT('',(0.00165692912652987,-0.0206907998310986,0.018));
#13077=CARTESIAN_POINT('',(0.0016876631916263,-0.0206902506699677,0.018));
#13078=CARTESIAN_POINT('',(0.00162842526892957,-0.0206916052874156,0.018));
#13079=CARTESIAN_POINT('',(0.00168766578249339,-0.0206903272055693,0.0175));
#13080=CARTESIAN_POINT('',(0.0016876631916263,-0.0206902506699677,0.0175));
#13081=CARTESIAN_POINT('',(0.00165692912652987,-0.0206907998310986,0.0175));
#13082=CARTESIAN_POINT('',(0.00162842416871326,-0.0206916053317566,0.0175000000000014));
#13083=CARTESIAN_POINT('',(0.00162842617152963,-0.0206917087263473,0.0175));
#13084=CARTESIAN_POINT('',(0.00169355263986585,-0.0210837970640672,0.0175));
#13085=CARTESIAN_POINT('',(0.00169355263986585,-0.0210837970640672,0.018));
#13086=CARTESIAN_POINT('',(0.00175845319166481,-0.020695869899528,0.018));
#13087=CARTESIAN_POINT('',(0.00175845490716182,-0.0206958532886815,0.0175));
#13088=CARTESIAN_POINT('',(0.00175845319166481,-0.020695869899528,0.0175));
#13089=CARTESIAN_POINT('',(0.00169355263986585,-0.0210837970640672,0.0175));
#13090=CARTESIAN_POINT('',(0.00174183516872074,-0.0208030740840594,0.0175));
#13091=CARTESIAN_POINT('',(0.00174183516872074,-0.0208030740840594,0.018));
#13092=CARTESIAN_POINT('',(0.00180651297678628,-0.020716194209351,0.018));
#13093=CARTESIAN_POINT('',(0.00180647656940762,-0.0207162445353659,0.0175));
#13094=CARTESIAN_POINT('',(0.00180651297678628,-0.020716194209351,0.0175));
#13095=CARTESIAN_POINT('',(0.00174183516872074,-0.0208030740840594,0.0175));
#13096=CARTESIAN_POINT('',(0.0017530432703457,-0.0207835241818153,0.0175));
#13097=CARTESIAN_POINT('',(0.0017530432703457,-0.0207835241818153,0.018));
#13098=CARTESIAN_POINT('',(0.00183388413644816,-0.0207540108109723,0.018));
#13099=CARTESIAN_POINT('',(0.00183377541998233,-0.020754042943854,0.0175));
#13100=CARTESIAN_POINT('',(0.00183388413644816,-0.0207540108109723,0.0175));
#13101=CARTESIAN_POINT('',(0.0017530432703457,-0.0207835241818153,0.0175));
#13102=CARTESIAN_POINT('',(0.00165122130564726,-0.020809753980763,0.0175000000000001));
#13103=CARTESIAN_POINT('',(0.00165122130564726,-0.020809753980763,0.018));
#13104=CARTESIAN_POINT('',(0.00184218432396453,-0.020817427117152,0.018));
#13105=CARTESIAN_POINT('',(0.00184218432396453,-0.020817427117152,0.0175));
#13106=CARTESIAN_POINT('',(0.00184218432396453,-0.020817427117152,0.0175));
#13107=CARTESIAN_POINT('',(0.00165122130564726,-0.020809753980763,0.0175));
#13108=CARTESIAN_POINT('',(0.0016766136162688,-0.020817427117152,0.0175));
#13109=CARTESIAN_POINT('',(0.0016766136162688,-0.020817427117152,0.018));
#13110=CARTESIAN_POINT('',(0.00151089092702209,-0.0208174266832801,0.018));
#13111=CARTESIAN_POINT('',(0.00151089092072541,-0.0208174262494082,0.0175));
#13112=CARTESIAN_POINT('',(0.00151089092702209,-0.0208174266832801,0.0175));
#13113=CARTESIAN_POINT('',(0.0016766136162688,-0.020817427117152,0.0175));
#13114=CARTESIAN_POINT('',(0.00180606302800766,-0.0208131429206886,0.0175));
#13115=CARTESIAN_POINT('',(0.00180606302800766,-0.0208131429206886,0.018));
#13116=CARTESIAN_POINT('',(0.00151483945637223,-0.0207654295580259,0.018));
#13117=CARTESIAN_POINT('',(0.00151480990274095,-0.0207654266750653,0.0175));
#13118=CARTESIAN_POINT('',(0.00151483945637223,-0.0207654295580259,0.0175));
#13119=CARTESIAN_POINT('',(0.00180606302800766,-0.0208131429206886,0.0175));
#13120=CARTESIAN_POINT('',(0.00159983381904557,-0.0207772556105699,0.0175));
#13121=CARTESIAN_POINT('',(0.00159983381904557,-0.0207772556105699,0.018));
#13122=CARTESIAN_POINT('',(0.00152718252997925,-0.0207319019935126,0.018));
#13123=CARTESIAN_POINT('',(0.00152724358974361,-0.0207319386114048,0.0175));
#13124=CARTESIAN_POINT('',(0.00152718252997925,-0.0207319019935126,0.0175));
#13125=CARTESIAN_POINT('',(0.00159983381904557,-0.0207772556105699,0.0175));
#13126=CARTESIAN_POINT('',(0.0015914047283563,-0.0207787933348029,0.0175));
#13127=CARTESIAN_POINT('',(0.0015914047283563,-0.0207787933348029,0.018));
#13128=CARTESIAN_POINT('',(0.00154950833959725,-0.0207112067407527,0.018));
#13129=CARTESIAN_POINT('',(0.00154951370468613,-0.0207112157997337,0.0175));
#13130=CARTESIAN_POINT('',(0.00154950833959725,-0.0207112067407527,0.0175));
#13131=CARTESIAN_POINT('',(0.0015914047283563,-0.0207787933348029,0.0175));
#13132=CARTESIAN_POINT('',(0.00160586300470274,-0.0208033931650075,0.0175));
#13133=CARTESIAN_POINT('',(0.00160586300470274,-0.0208033931650075,0.018));
#13134=CARTESIAN_POINT('',(0.00158283627666185,-0.0206977340953819,0.018));
#13135=CARTESIAN_POINT('',(0.00158283598585324,-0.0206977321569397,0.0175));
#13136=CARTESIAN_POINT('',(0.00158283627666185,-0.0206977340953819,0.0175));
#13137=CARTESIAN_POINT('',(0.00160586300470274,-0.0208033931650075,0.0175));
#13138=CARTESIAN_POINT('',(0.00167797813957984,-0.0204551011926999,0.0175));
#13139=CARTESIAN_POINT('',(0.00168766578249339,-0.0210516225194508,0.0175));
#13140=CARTESIAN_POINT('',(0.00168766492374437,-0.0210515496274439,0.0175));
#13141=CARTESIAN_POINT('',(0.00167797813957984,-0.0204551011926999,0.0175));
#13142=CARTESIAN_POINT('',(0.00157510123105763,-0.0210424275222019,0.01750000025));
#13143=CARTESIAN_POINT('',(0.00157509946949604,-0.0210424492214844,0.0175));
#13144=CARTESIAN_POINT('',(0.00169731491732341,-0.0203268290826189,0.0175));
#13145=CARTESIAN_POINT('',(0.00179216401414679,-0.0210452122630406,0.0175));
#13146=CARTESIAN_POINT('',(0.001792162167056,-0.0210451867933742,0.0175));
#13147=CARTESIAN_POINT('',(0.00169731491732341,-0.0203268290826189,0.0175));
#13148=CARTESIAN_POINT('',(0.00176664011879662,-0.0208316257190448,0.0175));
#13149=CARTESIAN_POINT('',(0.00186035587975244,-0.0210248210163562,0.0175));
#13150=CARTESIAN_POINT('',(0.00186037091446101,-0.0210248543246865,0.0175));
#13151=CARTESIAN_POINT('',(0.00176664011879662,-0.0208316257190448,0.0175));
#13152=CARTESIAN_POINT('',(0.00182271080257705,-0.0209489332066954,0.0175));
#13153=CARTESIAN_POINT('',(0.00189749115826704,-0.0209882383461528,0.0175));
#13154=CARTESIAN_POINT('',(0.00189755285510555,-0.020988269183109,0.0175));
#13155=CARTESIAN_POINT('',(0.00182271080257705,-0.0209489332066954,0.0175));
#13156=CARTESIAN_POINT('',(0.00178573556961969,-0.02093743197567,0.0175));
#13157=CARTESIAN_POINT('',(0.00190857152185072,-0.0209334748625101,0.0175));
#13158=CARTESIAN_POINT('',(0.00190857152185072,-0.0209334748625101,0.0175));
#13159=CARTESIAN_POINT('',(0.00178573556961969,-0.02093743197567,0.0175));
#13160=CARTESIAN_POINT('',(0.00187555260831124,-0.0209334748625101,0.0175));
#13161=CARTESIAN_POINT('',(0.00184227430202414,-0.0209334748625101,0.0175));
#13162=CARTESIAN_POINT('',(0.00184227430202414,-0.0209334748625101,0.0175));
#13163=CARTESIAN_POINT('',(0.00187555260831124,-0.0209334748625101,0.0175));
#13164=CARTESIAN_POINT('',(0.00177142182360045,-0.0209366546729801,0.0175));
#13165=CARTESIAN_POINT('',(0.00183545591968288,-0.0209671476136768,0.0175));
#13166=CARTESIAN_POINT('',(0.00183545453564029,-0.020967149885963,0.0175));
#13167=CARTESIAN_POINT('',(0.00177142182360045,-0.0209366546729801,0.0175));
#13168=CARTESIAN_POINT('',(0.0017951065043952,-0.0209426020615134,0.0175));
#13169=CARTESIAN_POINT('',(0.00181062113174183,-0.0209873541728548,0.0175));
#13170=CARTESIAN_POINT('',(0.00181062336289426,-0.0209873578574978,0.0175));
#13171=CARTESIAN_POINT('',(0.0017951065043952,-0.0209426020615134,0.0175));
#13172=CARTESIAN_POINT('',(0.00175372841955613,-0.0208276258738396,0.0175));
#13173=CARTESIAN_POINT('',(0.00176315207780727,-0.0209971906007947,0.0175));
#13174=CARTESIAN_POINT('',(0.00176315143283451,-0.0209971585871364,0.0175));
#13175=CARTESIAN_POINT('',(0.00175372841955613,-0.0208276258738396,0.0175));
#13176=CARTESIAN_POINT('',(0.00169526501696835,-0.0200834741921434,0.0175));
#13177=CARTESIAN_POINT('',(0.00168766578249339,-0.0209997878598575,0.0175));
#13178=CARTESIAN_POINT('',(0.00168766585540734,-0.0209997558657643,0.0175));
#13179=CARTESIAN_POINT('',(0.00169526501696835,-0.0200834741921434,0.0175));
#13180=CARTESIAN_POINT('',(0.00167991414711618,-0.0201877433570267,0.0175));
#13181=CARTESIAN_POINT('',(0.00160411140583556,-0.0209961406450034,0.0175));
#13182=CARTESIAN_POINT('',(0.00160411353379362,-0.0209960874040465,0.0175));
#13183=CARTESIAN_POINT('',(0.00167991414711618,-0.0201877433570267,0.0175));
#13184=CARTESIAN_POINT('',(0.00161255606247143,-0.0208707943509985,0.0175));
#13185=CARTESIAN_POINT('',(0.00154967389231772,-0.0209793461950332,0.0175));
#13186=CARTESIAN_POINT('',(0.00154967389231816,-0.0209793461950334,0.0175));
#13187=CARTESIAN_POINT('',(0.00161255606247143,-0.0208707943509985,0.0175));
#13188=CARTESIAN_POINT('',(0.00159260768598916,-0.020918030528165,0.0175));
#13189=CARTESIAN_POINT('',(0.00151983863837313,-0.0209364036865596,0.0175));
#13190=CARTESIAN_POINT('',(0.00151984094463516,-0.0209364048056235,0.0175));
#13191=CARTESIAN_POINT('',(0.00159260768598916,-0.020918030528165,0.0175));
#13192=CARTESIAN_POINT('',(0.00177440870537486,-0.020869104300899,0.0175));
#13193=CARTESIAN_POINT('',(0.00151100279338607,-0.0208616357820502,0.0175));
#13194=CARTESIAN_POINT('',(0.00151100279338607,-0.0208616357820502,0.0175));
#13195=CARTESIAN_POINT('',(0.00177440870537486,-0.020869104300899,0.0175));
#13196=CARTESIAN_POINT('',(0.0017070070733864,-0.0208616357820502,0.0175));
#13197=CARTESIAN_POINT('',(0.00190318302387269,-0.0208616357820502,0.0175));
#13198=CARTESIAN_POINT('',(0.00190318302387269,-0.0208616357820502,0.0175));
#13199=CARTESIAN_POINT('',(0.0017070070733864,-0.0208616357820502,0.0175));
#13200=CARTESIAN_POINT('',(0.00190594606542884,-0.0208505836158257,0.0175));
#13201=CARTESIAN_POINT('',(0.00190869463599741,-0.0208395893335514,0.0175));
#13202=CARTESIAN_POINT('',(0.00190869463599741,-0.0208395893335514,0.0175));
#13203=CARTESIAN_POINT('',(0.00190594606542884,-0.0208505836158257,0.0175));
#13204=CARTESIAN_POINT('',(0.00140981370344208,-0.0208378895954786,0.0175));
#13205=CARTESIAN_POINT('',(0.00190544871794874,-0.0207811760119353,0.0175));
#13206=CARTESIAN_POINT('',(0.00190542354356946,-0.0207811783949801,0.0175));
#13207=CARTESIAN_POINT('',(0.00140981370344208,-0.0208378895954786,0.0175));
#13208=CARTESIAN_POINT('',(0.0017320833232721,-0.0207986212948678,0.0175));
#13209=CARTESIAN_POINT('',(0.00189334659593282,-0.0207329885671961,0.0175));
#13210=CARTESIAN_POINT('',(0.0018933781603941,-0.0207329758600954,0.0175));
#13211=CARTESIAN_POINT('',(0.0017320833232721,-0.0207986212948678,0.0175));
#13212=CARTESIAN_POINT('',(0.00174365888835013,-0.0207984294679787,0.0175));
#13213=CARTESIAN_POINT('',(0.00186914235190098,-0.0206937533770989,0.0175));
#13214=CARTESIAN_POINT('',(0.00186915723349991,-0.0206937405211162,0.0175));
#13215=CARTESIAN_POINT('',(0.00174365888835013,-0.0207984294679787,0.0175));
#13216=CARTESIAN_POINT('',(0.00177028980259646,-0.0207777736511501,0.0175));
#13217=CARTESIAN_POINT('',(0.00182907824933688,-0.0206619783992032,0.0175));
#13218=CARTESIAN_POINT('',(0.00182908420855216,-0.0206619661099993,0.0175));
#13219=CARTESIAN_POINT('',(0.00177028980259646,-0.0207777736511501,0.0175));
#13220=CARTESIAN_POINT('',(0.00173096318199747,-0.0208571309589656,0.0175));
#13221=CARTESIAN_POINT('',(0.00176967285587976,-0.0206419739783368,0.0175));
#13222=CARTESIAN_POINT('',(0.00176967403137431,-0.0206419673283628,0.0175));
#13223=CARTESIAN_POINT('',(0.00173096318199747,-0.0208571309589656,0.0175));
#13224=CARTESIAN_POINT('',(0.00169383831339373,-0.0210641580481062,0.0175));
#13225=CARTESIAN_POINT('',(0.00168766578249339,-0.0206350663744463,0.0175));
#13226=CARTESIAN_POINT('',(0.00168766579714163,-0.0206351451566633,0.0175));
#13227=CARTESIAN_POINT('',(0.00169383831339373,-0.0210641580481062,0.0175));
#13228=CARTESIAN_POINT('',(0.00167802597409259,-0.0211833487772523,0.0175));
#13229=CARTESIAN_POINT('',(0.00157509946949604,-0.0206450685848796,0.0175));
#13230=CARTESIAN_POINT('',(0.00157510042750013,-0.0206450796741572,0.0175));
#13231=CARTESIAN_POINT('',(0.00167802597409259,-0.0211833487772523,0.0175));
#13232=CARTESIAN_POINT('',(0.00160513546144323,-0.0208091940155157,0.0175));
#13233=CARTESIAN_POINT('',(0.00149983421750664,-0.0206802697343049,0.0175));
#13234=CARTESIAN_POINT('',(0.00149977361502486,-0.02068019659206,0.0175));
#13235=CARTESIAN_POINT('',(0.00160513546144323,-0.0208091940155157,0.0175));
#13236=CARTESIAN_POINT('',(0.00159610915682623,-0.0207864724545671,0.0175));
#13237=CARTESIAN_POINT('',(0.00145767020335987,-0.0207481300349238,0.0175));
#13238=CARTESIAN_POINT('',(0.00145761900570545,-0.0207481176207587,0.0175));
#13239=CARTESIAN_POINT('',(0.00159610915682623,-0.0207864724545671,0.0175));
#13240=CARTESIAN_POINT('',(0.00182354630885295,-0.0208456925763307,0.0175));
#13241=CARTESIAN_POINT('',(0.00144475188940973,-0.0208558996335672,0.0175));
#13242=CARTESIAN_POINT('',(0.00144475188940973,-0.0208558996335672,0.0175));
#13243=CARTESIAN_POINT('',(0.00182354630885295,-0.0208456925763307,0.0175));
#13244=CARTESIAN_POINT('',(0.00173915316821806,-0.0208649134401733,0.0175));
#13245=CARTESIAN_POINT('',(0.00145767020335987,-0.0209507715026515,0.0175));
#13246=CARTESIAN_POINT('',(0.00145759586042272,-0.0209507918395662,0.0175));
#13247=CARTESIAN_POINT('',(0.00173915316821806,-0.0208649134401733,0.0175));
#13248=CARTESIAN_POINT('',(0.00157811759623978,-0.0209114026703192,0.0175));
#13249=CARTESIAN_POINT('',(0.00149983421750664,-0.0210108400260821,0.0175));
#13250=CARTESIAN_POINT('',(0.00149977196424613,-0.021010923938456,0.0175));
#13251=CARTESIAN_POINT('',(0.00157811759623978,-0.0209114026703192,0.0175));
#13252=CARTESIAN_POINT('',(0.00160411262476568,-0.0208655925850475,0.0175));
#13253=CARTESIAN_POINT('',(0.00160411262476568,-0.0208655925850475,0.0175));
#13254=CARTESIAN_POINT('',(0.00163898781580524,-0.0209511420194219,0.0175));
#13255=CARTESIAN_POINT('',(0.00163898781580524,-0.0209511420194219,0.018));
#13256=CARTESIAN_POINT('',(0.00163898781580524,-0.0209511420194219,0.0175));
#13257=CARTESIAN_POINT('',(-1.7347234759768E-18,-0.0216,0.0175));
#13258=CARTESIAN_POINT('',(-0.00243368700265252,-0.0207787445353659,0.0175));
#13259=CARTESIAN_POINT('',(-0.00243368700265252,-0.0210439965247558,0.0175));
#13260=CARTESIAN_POINT('',(-0.00243368700265252,-0.0210439965247558,0.0175));
#13261=CARTESIAN_POINT('',(-0.00243368700265252,-0.0207787445353659,0.0175));
#13262=CARTESIAN_POINT('',(-0.00243368700265252,-0.020513492545976,0.0175));
#13263=CARTESIAN_POINT('',(-0.00243368700265252,-0.020513492545976,0.0175));
#13264=CARTESIAN_POINT('',(-0.0021684350132626,-0.0210439965247558,0.0175));
#13265=CARTESIAN_POINT('',(-0.00190318302387268,-0.0210439965247558,0.0175));
#13266=CARTESIAN_POINT('',(-0.00190318302387268,-0.0210439965247558,0.0175));
#13267=CARTESIAN_POINT('',(-0.0021684350132626,-0.0210439965247558,0.0175));
#13268=CARTESIAN_POINT('',(-0.00190318302387268,-0.0210163661091944,0.0175));
#13269=CARTESIAN_POINT('',(-0.00190318302387268,-0.020988735693633,0.0175));
#13270=CARTESIAN_POINT('',(-0.00190318302387268,-0.020988735693633,0.0175));
#13271=CARTESIAN_POINT('',(-0.00190318302387268,-0.0210163661091944,0.0175));
#13272=CARTESIAN_POINT('',(-0.00213527851458886,-0.020988735693633,0.0175));
#13273=CARTESIAN_POINT('',(-0.00236737400530504,-0.020988735693633,0.0175));
#13274=CARTESIAN_POINT('',(-0.00236737400530504,-0.020988735693633,0.0175));
#13275=CARTESIAN_POINT('',(-0.00213527851458886,-0.020988735693633,0.0175));
#13276=CARTESIAN_POINT('',(-0.00236737400530504,-0.020894792280724,0.0175));
#13277=CARTESIAN_POINT('',(-0.00236737400530504,-0.020800848867815,0.0175));
#13278=CARTESIAN_POINT('',(-0.00236737400530504,-0.020800848867815,0.0175));
#13279=CARTESIAN_POINT('',(-0.00236737400530504,-0.020894792280724,0.0175));
#13280=CARTESIAN_POINT('',(-0.00214633068081344,-0.020800848867815,0.0175));
#13281=CARTESIAN_POINT('',(-0.00192528735632184,-0.020800848867815,0.0175));
#13282=CARTESIAN_POINT('',(-0.00192528735632184,-0.020800848867815,0.0175));
#13283=CARTESIAN_POINT('',(-0.00214633068081344,-0.020800848867815,0.0175));
#13284=CARTESIAN_POINT('',(-0.00192528735632184,-0.0207732184522536,0.0175));
#13285=CARTESIAN_POINT('',(-0.00192528735632184,-0.0207455880366922,0.0175));
#13286=CARTESIAN_POINT('',(-0.00192528735632184,-0.0207455880366922,0.0175));
#13287=CARTESIAN_POINT('',(-0.00192528735632184,-0.0207732184522536,0.0175));
#13288=CARTESIAN_POINT('',(-0.00214633068081344,-0.0207455880366922,0.0175));
#13289=CARTESIAN_POINT('',(-0.00236737400530504,-0.0207455880366922,0.0175));
#13290=CARTESIAN_POINT('',(-0.00236737400530504,-0.0207455880366922,0.0175));
#13291=CARTESIAN_POINT('',(-0.00214633068081344,-0.0207455880366922,0.0175));
#13292=CARTESIAN_POINT('',(-0.00236737400530504,-0.0206571707068956,0.0175));
#13293=CARTESIAN_POINT('',(-0.00236737400530504,-0.0205687533770989,0.0175));
#13294=CARTESIAN_POINT('',(-0.00236737400530504,-0.0205687533770989,0.0175));
#13295=CARTESIAN_POINT('',(-0.00236737400530504,-0.0206571707068956,0.0175));
#13296=CARTESIAN_POINT('',(-0.00213527851458886,-0.0205687533770989,0.0175));
#13297=CARTESIAN_POINT('',(-0.00190318302387268,-0.0205687533770989,0.0175));
#13298=CARTESIAN_POINT('',(-0.00190318302387268,-0.0205687533770989,0.0175));
#13299=CARTESIAN_POINT('',(-0.00213527851458886,-0.0205687533770989,0.0175));
#13300=CARTESIAN_POINT('',(-0.00190318302387268,-0.0205411229615375,0.0175));
#13301=CARTESIAN_POINT('',(-0.00190318302387268,-0.020513492545976,0.0175));
#13302=CARTESIAN_POINT('',(-0.00190318302387268,-0.020513492545976,0.0175));
#13303=CARTESIAN_POINT('',(-0.00190318302387268,-0.0205411229615375,0.0175));
#13304=CARTESIAN_POINT('',(-0.0021684350132626,-0.020513492545976,0.0175));
#13305=CARTESIAN_POINT('',(-0.0021684350132626,-0.020513492545976,0.0175));
#13306=CARTESIAN_POINT('',(-1.7347234759768E-18,-0.0216,0.0175));
#13307=CARTESIAN_POINT('',(-2.16840434497101E-18,-0.0266,0.018));
#13308=CARTESIAN_POINT('',(-2.16840434497101E-18,-0.0266,0.018));
#13309=CARTESIAN_POINT('',(-2.16840434497101E-18,-0.0266,0.018));
#13310=CARTESIAN_POINT('',(-2.16840434497101E-18,-0.0266,0.018));
#13311=MECHANICAL_DESIGN_GEOMETRIC_PRESENTATION_REPRESENTATION('',(#7461),
#13312);
#13312=(
GEOMETRIC_REPRESENTATION_CONTEXT(3)
GLOBAL_UNCERTAINTY_ASSIGNED_CONTEXT((#13313))
GLOBAL_UNIT_ASSIGNED_CONTEXT((#13316,#13315,#13314))
REPRESENTATION_CONTEXT('Part 1','TOP_LEVEL_ASSEMBLY_PART')
);
#13313=UNCERTAINTY_MEASURE_WITH_UNIT(LENGTH_MEASURE(2.2E-6),#13316,
'DISTANCE_ACCURACY_VALUE','Maximum Tolerance applied to model');
#13314=(
NAMED_UNIT(*)
SI_UNIT($,.STERADIAN.)
SOLID_ANGLE_UNIT()
);
#13315=(
NAMED_UNIT(*)
PLANE_ANGLE_UNIT()
SI_UNIT($,.RADIAN.)
);
#13316=(
LENGTH_UNIT()
NAMED_UNIT(*)
SI_UNIT($,.METRE.)
);
#13317=PRODUCT_DEFINITION_SHAPE('','',#13318);
#13318=PRODUCT_DEFINITION('','',#13320,#13319);
#13319=PRODUCT_DEFINITION_CONTEXT('',#13326,'design');
#13320=PRODUCT_DEFINITION_FORMATION_WITH_SPECIFIED_SOURCE('','',#13322,
 .NOT_KNOWN.);
#13321=PRODUCT_RELATED_PRODUCT_CATEGORY('','',(#13322));
#13322=PRODUCT('Part 1','Part 1','Part 1',(#13324));
#13323=PRODUCT_CATEGORY('','');
#13324=PRODUCT_CONTEXT('',#13326,'mechanical');
#13325=APPLICATION_PROTOCOL_DEFINITION('international standard',
'ap242_managed_model_based_3d_engineering',2020,#13326);
#13326=APPLICATION_CONTEXT('managed model based 3d engineering');
ENDSEC;
END-ISO-10303-21;
